system:index,B11,B12,B2,B3,B4,B5,B6,B7,B8,B8A,.geo
0000000000000000009b_0,464,449,4808,5016,5028,4647,4196,4122,4012,3721,"{""type"":""MultiPoint"",""coordinates"":[]}"
000000000000000000ad_0,2413,2376,5459,5585,6345,6675,6612,6479,6732,6524,"{""type"":""MultiPoint"",""coordinates"":[]}"
000000000000000000bd_0,2276,1799,409,837,1000,1025,1314,1408,1518,1577,"{""type"":""MultiPoint"",""coordinates"":[]}"
000000000000000000c2_0,1529,1586,7460,7008,7624,8342,8246,8096,7912,7951,"{""type"":""MultiPoint"",""coordinates"":[]}"
000000000000000000ca_0,1928,1820,545,785,937,1071,1058,1173,1186,1211,"{""type"":""MultiPoint"",""coordinates"":[]}"
000000000000000000e7_0,2592,2332,792,1064,1218,1386,1595,1497,1354,1635,"{""type"":""MultiPoint"",""coordinates"":[]}"
000000000000000000ec_0,5210,4598,1722,2790,3374,3605,3631,3719,3874,3836,"{""type"":""MultiPoint"",""coordinates"":[]}"
000000000000000000f4_0,2498,2331,999,1464,1744,1794,1809,1836,1980,2025,"{""type"":""MultiPoint"",""coordinates"":[]}"
000000000000000000fc_0,386,421,8123,7703,7832,8746,8153,7704,7520,7581,"{""type"":""MultiPoint"",""coordinates"":[]}"
00000000000000000106_0,2560,2427,136,781,1474,1621,1707,1797,1824,1828,"{""type"":""MultiPoint"",""coordinates"":[]}"
00000000000000000128_0,2561,2503,749,1204,1522,1701,1747,1868,1970,2000,"{""type"":""MultiPoint"",""coordinates"":[]}"
00000000000000000133_0,1514,1253,616,926,1130,1027,1075,1199,1498,1148,"{""type"":""MultiPoint"",""coordinates"":[]}"
00000000000000000138_0,3744,3288,1086,1460,1794,2038,2208,2312,2464,2560,"{""type"":""MultiPoint"",""coordinates"":[]}"
0000000000000000013a_0,2175,1878,906,966,1017,943,1061,1330,1268,1226,"{""type"":""MultiPoint"",""coordinates"":[]}"
00000000000000000177_0,3007,2469,797,1184,1382,1765,1931,2048,2108,2226,"{""type"":""MultiPoint"",""coordinates"":[]}"
000000000000000001a1_0,961,910,60,327,453,782,733,720,649,787,"{""type"":""MultiPoint"",""coordinates"":[]}"
000000000000000001a6_0,2259,1936,415,476,653,794,894,987,1070,1094,"{""type"":""MultiPoint"",""coordinates"":[]}"
000000000000000001aa_0,1791,1792,607,763,855,962,942,1018,998,1045,"{""type"":""MultiPoint"",""coordinates"":[]}"
000000000000000001c3_0,1100,1250,9360,9424,9400,9578,9114,8628,8840,8268,"{""type"":""MultiPoint"",""coordinates"":[]}"
000000000000000001ca_0,2567,2056,511,770,814,1027,1112,1177,1388,1337,"{""type"":""MultiPoint"",""coordinates"":[]}"
000000000000000001d0_0,2723,2492,517,736,903,1066,1121,1230,1352,1488,"{""type"":""MultiPoint"",""coordinates"":[]}"
000000000000000001df_0,1502,867,165,290,477,700,907,1207,1810,1472,"{""type"":""MultiPoint"",""coordinates"":[]}"
00000000000000000203_0,117,114,5044,5104,4876,5731,4361,4044,3196,3408,"{""type"":""MultiPoint"",""coordinates"":[]}"
00000000000000000207_0,3990,3814,1516,2010,2334,2511,2544,2629,2714,2687,"{""type"":""MultiPoint"",""coordinates"":[]}"
00000000000000000211_0,1240,862,1,153,334,584,778,908,1039,1145,"{""type"":""MultiPoint"",""coordinates"":[]}"
00000000000000000229_0,4362,3648,1085,1421,1712,1910,1891,2069,2204,2447,"{""type"":""MultiPoint"",""coordinates"":[]}"
00000000000000000235_0,2585,2430,1368,1720,1898,1930,1976,2014,2046,1935,"{""type"":""MultiPoint"",""coordinates"":[]}"
00000000000000000236_0,1852,1661,1,152,565,783,863,1048,1152,1173,"{""type"":""MultiPoint"",""coordinates"":[]}"
0000000000000000023e_0,2084,2051,1077,1294,1481,1532,1535,1585,1606,1620,"{""type"":""MultiPoint"",""coordinates"":[]}"
0000000000000000025b_0,3913,3413,761,1598,2363,2437,2524,2549,2750,2566,"{""type"":""MultiPoint"",""coordinates"":[]}"
0000000000000000025c_0,2371,2020,849,820,913,1026,1008,999,1086,1127,"{""type"":""MultiPoint"",""coordinates"":[]}"
00000000000000000275_0,1609,1479,2660,3206,3682,7306,6789,5744,3448,5570,"{""type"":""MultiPoint"",""coordinates"":[]}"
0000000000000000027e_0,2043,1837,567,584,645,769,740,696,722,712,"{""type"":""MultiPoint"",""coordinates"":[]}"
0000000000000000029f_0,4064,3564,909,1730,2304,2385,2413,2537,2662,2507,"{""type"":""MultiPoint"",""coordinates"":[]}"
000000000000000002a1_0,622,660,9440,9336,9320,9498,9244,8935,9088,8575,"{""type"":""MultiPoint"",""coordinates"":[]}"
000000000000000002a8_0,2896,1937,491,634,752,991,1198,1387,1502,1678,"{""type"":""MultiPoint"",""coordinates"":[]}"
000000000000000002ba_0,2743,1651,402,634,771,1290,2050,2339,2614,2740,"{""type"":""MultiPoint"",""coordinates"":[]}"
000000000000000002c3_0,1338,1260,1033,1121,1080,937,1014,937,1259,864,"{""type"":""MultiPoint"",""coordinates"":[]}"
000000000000000002ca_0,2036,1173,319,633,730,1298,2160,2485,2808,2991,"{""type"":""MultiPoint"",""coordinates"":[]}"
000000000000000002ce_0,168,153,9463,9278,8887,9066,8357,7730,7507,6902,"{""type"":""MultiPoint"",""coordinates"":[]}"
000000000000000002d6_0,981,1062,9328,9424,9664,9898,9597,9416,9680,9116,"{""type"":""MultiPoint"",""coordinates"":[]}"
000000000000000002d7_0,2201,1374,300,534,626,1063,1409,1611,1912,1957,"{""type"":""MultiPoint"",""coordinates"":[]}"
000000000000000002dc_0,2129,1247,238,554,881,1382,1793,2186,2548,2816,"{""type"":""MultiPoint"",""coordinates"":[]}"
000000000000000002df_0,2337,1848,691,1001,1116,1466,1668,1805,2018,1970,"{""type"":""MultiPoint"",""coordinates"":[]}"
000000000000000002f0_0,2125,1596,839,1160,1442,1703,1714,1855,1884,1961,"{""type"":""MultiPoint"",""coordinates"":[]}"
000000000000000002fe_0,1965,1297,338,571,711,1043,1597,1769,2204,2042,"{""type"":""MultiPoint"",""coordinates"":[]}"
00000000000000000301_0,2235,1333,270,553,598,1227,2054,2307,2602,2741,"{""type"":""MultiPoint"",""coordinates"":[]}"
0000000000000000030d_0,917,482,1,210,295,536,879,1041,1390,1396,"{""type"":""MultiPoint"",""coordinates"":[]}"
00000000000000000312_0,2260,2215,752,979,1062,1083,1123,1147,1212,1130,"{""type"":""MultiPoint"",""coordinates"":[]}"
00000000000000000338_0,2598,1441,318,617,662,1221,2276,2664,2956,3125,"{""type"":""MultiPoint"",""coordinates"":[]}"
0000000000000000035a_0,3137,1708,527,830,816,1507,2810,3265,3562,3690,"{""type"":""MultiPoint"",""coordinates"":[]}"
0000000000000000035e_0,2780,2482,1044,1298,1400,1598,1600,1694,1698,1816,"{""type"":""MultiPoint"",""coordinates"":[]}"
00000000000000000367_0,2358,1329,292,564,610,1103,1801,2114,2402,2522,"{""type"":""MultiPoint"",""coordinates"":[]}"
0000000000000000036f_0,3403,1806,502,847,818,1593,2762,3142,3606,3722,"{""type"":""MultiPoint"",""coordinates"":[]}"
00000000000000000373_0,2967,2522,991,1296,1492,1636,1743,1861,1938,1993,"{""type"":""MultiPoint"",""coordinates"":[]}"
0000000000000000037b_0,2989,2143,797,1086,1168,1489,1816,2000,2204,2293,"{""type"":""MultiPoint"",""coordinates"":[]}"
0000000000000000037c_0,2783,1681,78,398,667,1041,1451,1710,2114,2277,"{""type"":""MultiPoint"",""coordinates"":[]}"
00000000000000000380_0,4152,3110,1544,2004,2432,2531,2584,2641,3074,2808,"{""type"":""MultiPoint"",""coordinates"":[]}"
00000000000000000389_0,2232,1263,481,687,677,1157,2101,2445,2510,2877,"{""type"":""MultiPoint"",""coordinates"":[]}"
0000000000000000038a_0,1916,1314,329,729,1028,1350,1313,1598,1579,1572,"{""type"":""MultiPoint"",""coordinates"":[]}"
00000000000000000391_0,2201,1142,186,618,495,1351,2846,3273,3704,3749,"{""type"":""MultiPoint"",""coordinates"":[]}"
00000000000000000395_0,2631,2009,407,717,992,1251,1404,1537,1574,1648,"{""type"":""MultiPoint"",""coordinates"":[]}"
00000000000000000396_0,1227,729,475,550,639,1025,1419,1691,1862,2144,"{""type"":""MultiPoint"",""coordinates"":[]}"
000000000000000003a2_0,3747,3225,1398,1948,2370,2309,2228,2407,2706,2355,"{""type"":""MultiPoint"",""coordinates"":[]}"
000000000000000003b3_0,2503,1395,441,727,702,1346,2326,2642,3040,3110,"{""type"":""MultiPoint"",""coordinates"":[]}"
000000000000000003c8_0,2507,1330,393,714,604,1417,2720,3117,3350,3561,"{""type"":""MultiPoint"",""coordinates"":[]}"
000000000000000003cc_0,2230,1377,406,569,709,986,1476,1675,2094,2112,"{""type"":""MultiPoint"",""coordinates"":[]}"
000000000000000003d5_0,2765,1589,783,902,1001,1451,1950,2219,2490,2668,"{""type"":""MultiPoint"",""coordinates"":[]}"
000000000000000003d9_0,876,810,267,396,533,413,404,406,565,459,"{""type"":""MultiPoint"",""coordinates"":[]}"
000000000000000003e2_0,2255,1236,366,602,617,1200,2031,2269,2402,2566,"{""type"":""MultiPoint"",""coordinates"":[]}"
000000000000000003ea_0,2497,1290,418,697,606,1403,2509,2862,2950,3308,"{""type"":""MultiPoint"",""coordinates"":[]}"
000000000000000003f7_0,2426,1318,263,569,659,1315,1949,2172,2378,2508,"{""type"":""MultiPoint"",""coordinates"":[]}"
000000000000000003ff_0,2333,1171,626,768,689,1307,2244,2624,2818,3101,"{""type"":""MultiPoint"",""coordinates"":[]}"
00000000000000000403_0,2700,2017,644,830,951,1263,1554,1650,1870,1965,"{""type"":""MultiPoint"",""coordinates"":[]}"
00000000000000000404_0,2503,1404,300,636,758,1432,2123,2389,2624,2736,"{""type"":""MultiPoint"",""coordinates"":[]}"
00000000000000000410_0,5083,3855,1200,2108,2510,2822,2919,3103,3328,3459,"{""type"":""MultiPoint"",""coordinates"":[]}"
00000000000000000414_0,2239,1242,393,641,659,1206,1885,2146,2336,2584,"{""type"":""MultiPoint"",""coordinates"":[]}"
00000000000000000419_0,2283,1214,194,520,487,1181,2304,2621,2896,2936,"{""type"":""MultiPoint"",""coordinates"":[]}"
0000000000000000041e_0,3901,2306,805,1210,1584,2101,2609,2923,3472,3563,"{""type"":""MultiPoint"",""coordinates"":[]}"
00000000000000000421_0,2142,1059,408,620,547,1037,2438,2790,2934,3024,"{""type"":""MultiPoint"",""coordinates"":[]}"
0000000000000000042d_0,2660,2030,605,873,1046,1282,1546,1641,1886,1933,"{""type"":""MultiPoint"",""coordinates"":[]}"
00000000000000000436_0,2860,1502,257,684,716,1491,2381,2738,3010,3225,"{""type"":""MultiPoint"",""coordinates"":[]}"
0000000000000000043b_0,2362,1231,346,594,544,1089,2283,2528,2768,2789,"{""type"":""MultiPoint"",""coordinates"":[]}"
00000000000000000442_0,1728,1069,219,397,466,929,1309,1472,1664,1860,"{""type"":""MultiPoint"",""coordinates"":[]}"
00000000000000000443_0,2188,1096,264,521,449,1068,2023,2275,2522,2548,"{""type"":""MultiPoint"",""coordinates"":[]}"
0000000000000000044b_0,2805,1566,458,757,865,1468,2375,2642,2890,3049,"{""type"":""MultiPoint"",""coordinates"":[]}"
0000000000000000044f_0,2271,1892,533,672,813,962,1064,1196,1158,1327,"{""type"":""MultiPoint"",""coordinates"":[]}"
00000000000000000455_0,2039,1222,789,817,915,1298,1745,1919,2028,2177,"{""type"":""MultiPoint"",""coordinates"":[]}"
00000000000000000458_0,2619,1446,418,745,658,1368,2369,2818,2986,3256,"{""type"":""MultiPoint"",""coordinates"":[]}"
0000000000000000045c_0,4152,3661,1792,2294,2524,2746,2798,2953,3122,3134,"{""type"":""MultiPoint"",""coordinates"":[]}"
0000000000000000045d_0,1707,893,236,430,301,720,1615,1810,2050,2049,"{""type"":""MultiPoint"",""coordinates"":[]}"
00000000000000000460_0,1890,1150,120,334,386,735,1263,1449,1638,1835,"{""type"":""MultiPoint"",""coordinates"":[]}"
00000000000000000464_0,2107,1483,451,623,749,1096,1195,1248,1506,1551,"{""type"":""MultiPoint"",""coordinates"":[]}"
00000000000000000465_0,2160,1202,348,537,536,1072,1663,1885,1898,2226,"{""type"":""MultiPoint"",""coordinates"":[]}"
00000000000000000472_0,2164,1139,435,689,590,1161,2095,2350,2534,2599,"{""type"":""MultiPoint"",""coordinates"":[]}"
00000000000000000477_0,3138,1895,175,439,859,1164,1379,1652,1986,2162,"{""type"":""MultiPoint"",""coordinates"":[]}"
0000000000000000047c_0,2751,1528,213,452,572,1331,1993,2272,2778,2791,"{""type"":""MultiPoint"",""coordinates"":[]}"
0000000000000000047e_0,3541,2647,1044,1444,1730,2121,2343,2487,2662,2822,"{""type"":""MultiPoint"",""coordinates"":[]}"
0000000000000000047f_0,2290,1230,262,551,551,1160,2077,2377,2646,2744,"{""type"":""MultiPoint"",""coordinates"":[]}"
00000000000000000486_0,2237,1695,380,631,815,1271,1370,1555,1664,1758,"{""type"":""MultiPoint"",""coordinates"":[]}"
00000000000000000487_0,2046,1788,514,616,728,819,980,1013,1222,1142,"{""type"":""MultiPoint"",""coordinates"":[]}"
0000000000000000048a_0,2907,1599,386,623,623,1178,2216,2559,2858,2988,"{""type"":""MultiPoint"",""coordinates"":[]}"
0000000000000000048b_0,3815,3323,1118,1676,2026,2196,2220,2377,2622,2571,"{""type"":""MultiPoint"",""coordinates"":[]}"
0000000000000000048c_0,2744,1523,489,753,812,1348,2354,2664,2890,2953,"{""type"":""MultiPoint"",""coordinates"":[]}"
0000000000000000048f_0,3127,1613,496,706,883,1643,2382,2636,2832,3110,"{""type"":""MultiPoint"",""coordinates"":[]}"
00000000000000000494_0,1875,926,253,500,395,894,2195,2350,2614,2683,"{""type"":""MultiPoint"",""coordinates"":[]}"
00000000000000000497_0,2269,1235,371,542,553,993,1969,2311,2458,2628,"{""type"":""MultiPoint"",""coordinates"":[]}"
0000000000000000049c_0,1418,768,178,320,422,752,1123,1303,1300,1441,"{""type"":""MultiPoint"",""coordinates"":[]}"
000000000000000004a1_0,3047,1649,607,894,941,1604,2461,2762,2942,3156,"{""type"":""MultiPoint"",""coordinates"":[]}"
000000000000000004a4_0,1707,864,314,484,377,873,1712,1993,2148,2162,"{""type"":""MultiPoint"",""coordinates"":[]}"
000000000000000004a9_0,1898,1050,292,462,451,945,1456,1554,1672,1799,"{""type"":""MultiPoint"",""coordinates"":[]}"
000000000000000004aa_0,2647,1900,404,498,719,1073,1303,1458,1708,1756,"{""type"":""MultiPoint"",""coordinates"":[]}"
000000000000000004ad_0,398,351,11473,11148,10548,10661,9488,8802,8705,7624,"{""type"":""MultiPoint"",""coordinates"":[]}"
000000000000000004ae_0,2701,1678,232,480,777,1065,1308,1556,1946,2104,"{""type"":""MultiPoint"",""coordinates"":[]}"
000000000000000004b6_0,2836,1451,434,684,631,1253,2618,3029,3098,3404,"{""type"":""MultiPoint"",""coordinates"":[]}"
000000000000000004bb_0,1031,541,142,365,501,1080,1797,2094,2324,2375,"{""type"":""MultiPoint"",""coordinates"":[]}"
000000000000000004bd_0,2613,1652,323,618,741,1186,2048,2431,2744,2704,"{""type"":""MultiPoint"",""coordinates"":[]}"
000000000000000004be_0,2851,1700,705,924,1009,1465,2192,2485,2670,2926,"{""type"":""MultiPoint"",""coordinates"":[]}"
000000000000000004c2_0,3414,2846,1112,1342,1506,1650,1885,2015,2326,2238,"{""type"":""MultiPoint"",""coordinates"":[]}"
000000000000000004c3_0,3092,1903,836,1098,1230,1740,2232,2411,2546,2695,"{""type"":""MultiPoint"",""coordinates"":[]}"
000000000000000004cd_0,2374,1287,370,605,697,1257,2085,2314,2640,2745,"{""type"":""MultiPoint"",""coordinates"":[]}"
000000000000000004cf_0,1089,1255,9383,9448,9408,9333,9098,8597,9135,8289,"{""type"":""MultiPoint"",""coordinates"":[]}"
000000000000000004d3_0,1816,915,255,432,358,823,1800,2003,2184,2173,"{""type"":""MultiPoint"",""coordinates"":[]}"
000000000000000004d8_0,2645,2290,869,1444,1668,1942,2260,2496,2054,2633,"{""type"":""MultiPoint"",""coordinates"":[]}"
000000000000000004db_0,2617,1554,305,512,706,1130,1600,1840,2154,2248,"{""type"":""MultiPoint"",""coordinates"":[]}"
000000000000000004de_0,2421,1494,446,632,612,1068,1763,2037,2298,2272,"{""type"":""MultiPoint"",""coordinates"":[]}"
000000000000000004e0_0,2039,1315,1,289,573,982,1313,1511,1600,1886,"{""type"":""MultiPoint"",""coordinates"":[]}"
000000000000000004e5_0,2081,1221,70,415,661,1277,1822,2053,2300,2481,"{""type"":""MultiPoint"",""coordinates"":[]}"
000000000000000004e8_0,2524,1397,452,668,656,1216,2304,2547,2792,2877,"{""type"":""MultiPoint"",""coordinates"":[]}"
000000000000000004ed_0,2338,1334,330,556,653,1190,1818,2019,2148,2254,"{""type"":""MultiPoint"",""coordinates"":[]}"
000000000000000004f0_0,2243,1208,396,592,641,1330,2234,2613,2868,3150,"{""type"":""MultiPoint"",""coordinates"":[]}"
000000000000000004f5_0,2876,2024,887,1050,1096,1463,1733,1906,2084,2242,"{""type"":""MultiPoint"",""coordinates"":[]}"
000000000000000004f9_0,2947,2104,715,918,1073,1226,1589,1710,1929,1976,"{""type"":""MultiPoint"",""coordinates"":[]}"
000000000000000004fa_0,2153,1186,234,547,700,1473,2301,2562,2910,2941,"{""type"":""MultiPoint"",""coordinates"":[]}"
00000000000000000500_0,2991,1932,866,1190,1390,1772,2846,3096,3428,3476,"{""type"":""MultiPoint"",""coordinates"":[]}"
00000000000000000501_0,2284,1403,285,661,610,1254,2575,2865,2944,3079,"{""type"":""MultiPoint"",""coordinates"":[]}"
00000000000000000502_0,1862,969,347,540,474,892,1705,1824,1930,2039,"{""type"":""MultiPoint"",""coordinates"":[]}"
00000000000000000506_0,175,204,10275,9753,9249,9280,8630,7838,7833,7206,"{""type"":""MultiPoint"",""coordinates"":[]}"
0000000000000000050a_0,2239,1139,385,680,572,1338,2469,2839,3200,3244,"{""type"":""MultiPoint"",""coordinates"":[]}"
0000000000000000050e_0,2260,1557,138,467,528,1105,1868,2074,2338,2488,"{""type"":""MultiPoint"",""coordinates"":[]}"
0000000000000000050f_0,1970,1094,265,515,595,1256,1935,2142,2358,2343,"{""type"":""MultiPoint"",""coordinates"":[]}"
00000000000000000514_0,1413,861,151,306,397,1020,1446,1707,1594,2115,"{""type"":""MultiPoint"",""coordinates"":[]}"
00000000000000000517_0,2764,2070,822,954,1034,1315,1637,1814,1786,2012,"{""type"":""MultiPoint"",""coordinates"":[]}"
0000000000000000051b_0,1289,1260,7124,7120,6972,6937,6594,6328,6664,6284,"{""type"":""MultiPoint"",""coordinates"":[]}"
0000000000000000051f_0,2772,1485,866,1032,863,1468,2714,3064,3278,3433,"{""type"":""MultiPoint"",""coordinates"":[]}"
00000000000000000524_0,2830,1545,537,689,612,1155,2186,2500,2810,2863,"{""type"":""MultiPoint"",""coordinates"":[]}"
00000000000000000528_0,261,212,644,718,628,624,581,517,491,375,"{""type"":""MultiPoint"",""coordinates"":[]}"
0000000000000000052c_0,2889,1885,434,661,868,1144,1397,1580,1832,2014,"{""type"":""MultiPoint"",""coordinates"":[]}"
00000000000000000531_0,264,201,9831,9567,9032,8685,8224,7494,7924,6853,"{""type"":""MultiPoint"",""coordinates"":[]}"
00000000000000000537_0,2701,1608,483,606,767,1138,1668,1822,2080,2159,"{""type"":""MultiPoint"",""coordinates"":[]}"
00000000000000000539_0,1704,1061,1,26,326,617,900,1034,1178,1239,"{""type"":""MultiPoint"",""coordinates"":[]}"
0000000000000000053c_0,2187,1164,286,545,441,1216,2528,3013,3228,3470,"{""type"":""MultiPoint"",""coordinates"":[]}"
0000000000000000053e_0,2288,1180,393,665,565,1153,2384,2618,2864,2889,"{""type"":""MultiPoint"",""coordinates"":[]}"
00000000000000000541_0,1725,1324,512,651,786,950,1086,1183,1238,1299,"{""type"":""MultiPoint"",""coordinates"":[]}"
00000000000000000546_0,2299,1239,385,525,527,1048,1985,2258,2446,2593,"{""type"":""MultiPoint"",""coordinates"":[]}"
00000000000000000548_0,2037,1161,406,578,613,1131,1877,2085,2408,2458,"{""type"":""MultiPoint"",""coordinates"":[]}"
0000000000000000054b_0,1316,785,257,451,534,875,1392,1605,2020,2029,"{""type"":""MultiPoint"",""coordinates"":[]}"
0000000000000000054e_0,2039,1091,293,547,502,921,1925,2126,2410,2410,"{""type"":""MultiPoint"",""coordinates"":[]}"
00000000000000000558_0,2283,1354,286,506,631,1207,1933,2186,2392,2616,"{""type"":""MultiPoint"",""coordinates"":[]}"
00000000000000000559_0,2320,1537,529,650,823,1391,2031,2240,2522,2449,"{""type"":""MultiPoint"",""coordinates"":[]}"
0000000000000000055a_0,2328,1393,382,531,578,851,1392,1612,1858,1927,"{""type"":""MultiPoint"",""coordinates"":[]}"
0000000000000000055d_0,2402,1220,323,630,637,1343,2518,2855,3160,3134,"{""type"":""MultiPoint"",""coordinates"":[]}"
00000000000000000560_0,1953,1042,313,493,442,872,1749,1934,2096,2157,"{""type"":""MultiPoint"",""coordinates"":[]}"
00000000000000000567_0,2082,1364,272,564,628,888,1373,1537,1848,1906,"{""type"":""MultiPoint"",""coordinates"":[]}"
00000000000000000568_0,1878,1532,396,507,548,563,655,737,954,939,"{""type"":""MultiPoint"",""coordinates"":[]}"
0000000000000000056a_0,2192,1095,269,537,530,1277,2672,3029,3354,3477,"{""type"":""MultiPoint"",""coordinates"":[]}"
0000000000000000056b_0,2258,1225,418,692,674,1304,2169,2444,2598,2839,"{""type"":""MultiPoint"",""coordinates"":[]}"
0000000000000000056f_0,823,862,8623,8473,8568,8580,8310,8070,8664,8090,"{""type"":""MultiPoint"",""coordinates"":[]}"
00000000000000000570_0,2346,1517,731,886,812,1119,2154,2410,2042,2611,"{""type"":""MultiPoint"",""coordinates"":[]}"
00000000000000000575_0,2897,1594,630,868,909,1508,2491,2688,2888,3038,"{""type"":""MultiPoint"",""coordinates"":[]}"
00000000000000000578_0,2378,1510,639,825,815,1274,1743,2026,2120,2292,"{""type"":""MultiPoint"",""coordinates"":[]}"
0000000000000000057a_0,2288,1343,95,235,555,1076,1452,1721,2088,2242,"{""type"":""MultiPoint"",""coordinates"":[]}"
0000000000000000057d_0,1800,1028,334,487,408,868,1723,1970,2218,2277,"{""type"":""MultiPoint"",""coordinates"":[]}"
0000000000000000057f_0,2020,1042,280,524,500,1019,2072,2352,2562,2596,"{""type"":""MultiPoint"",""coordinates"":[]}"
00000000000000000582_0,2790,1588,413,723,852,1479,2306,2617,2894,2964,"{""type"":""MultiPoint"",""coordinates"":[]}"
00000000000000000584_0,1902,1350,452,650,714,1219,1619,1773,1808,2016,"{""type"":""MultiPoint"",""coordinates"":[]}"
00000000000000000585_0,2023,1322,147,397,614,815,1057,1278,1464,1633,"{""type"":""MultiPoint"",""coordinates"":[]}"
0000000000000000058c_0,976,643,73,177,225,402,454,584,682,715,"{""type"":""MultiPoint"",""coordinates"":[]}"
00000000000000000591_0,2247,1665,537,730,893,1109,1418,1536,1658,1742,"{""type"":""MultiPoint"",""coordinates"":[]}"
00000000000000000592_0,1724,928,123,448,469,1144,1720,1905,1930,2155,"{""type"":""MultiPoint"",""coordinates"":[]}"
00000000000000000594_0,2739,1511,315,519,723,1119,1468,1748,2024,2148,"{""type"":""MultiPoint"",""coordinates"":[]}"
00000000000000000595_0,2575,1350,452,781,721,1444,2512,2945,3172,3501,"{""type"":""MultiPoint"",""coordinates"":[]}"
00000000000000000597_0,2322,1369,357,561,556,1059,1834,2002,2386,2278,"{""type"":""MultiPoint"",""coordinates"":[]}"
00000000000000000599_0,1322,689,221,330,283,817,1441,1576,1580,1673,"{""type"":""MultiPoint"",""coordinates"":[]}"
0000000000000000059f_0,1821,895,239,468,241,751,2086,2279,2532,2526,"{""type"":""MultiPoint"",""coordinates"":[]}"
000000000000000005a1_0,2153,1227,289,478,740,1199,1792,2063,2286,2405,"{""type"":""MultiPoint"",""coordinates"":[]}"
000000000000000005a4_0,1703,931,543,797,759,1236,1892,2178,2924,2363,"{""type"":""MultiPoint"",""coordinates"":[]}"
000000000000000005a7_0,2044,1169,355,541,352,885,2261,2555,2956,2739,"{""type"":""MultiPoint"",""coordinates"":[]}"
000000000000000005ab_0,936,770,2433,2550,2988,5151,5432,4574,3253,4818,"{""type"":""MultiPoint"",""coordinates"":[]}"
000000000000000005ac_0,2391,1238,305,595,493,1168,2348,2607,2652,2875,"{""type"":""MultiPoint"",""coordinates"":[]}"
000000000000000005af_0,2442,1411,675,858,892,1311,2225,2455,2592,2716,"{""type"":""MultiPoint"",""coordinates"":[]}"
000000000000000005b1_0,2358,1210,378,684,551,1309,2729,3065,3356,3343,"{""type"":""MultiPoint"",""coordinates"":[]}"
000000000000000005b3_0,3462,2763,1044,1342,1510,1747,2049,2162,2254,2402,"{""type"":""MultiPoint"",""coordinates"":[]}"
000000000000000005b6_0,2141,1085,305,594,571,1283,2600,2906,3228,3240,"{""type"":""MultiPoint"",""coordinates"":[]}"
000000000000000005b8_0,2540,2366,460,589,699,759,769,860,901,935,"{""type"":""MultiPoint"",""coordinates"":[]}"
000000000000000005b9_0,1848,1003,322,477,364,802,1670,1902,1956,2072,"{""type"":""MultiPoint"",""coordinates"":[]}"
000000000000000005bb_0,2265,1376,402,625,593,1056,1722,1908,2236,2252,"{""type"":""MultiPoint"",""coordinates"":[]}"
000000000000000005bc_0,2899,1581,412,702,637,1352,2574,2967,3166,3365,"{""type"":""MultiPoint"",""coordinates"":[]}"
000000000000000005c1_0,2361,1228,457,775,564,1193,2480,2718,2766,2924,"{""type"":""MultiPoint"",""coordinates"":[]}"
000000000000000005c3_0,320,291,4179,4184,4016,4591,4361,4097,3662,3693,"{""type"":""MultiPoint"",""coordinates"":[]}"
000000000000000005c4_0,2307,1183,346,721,591,1332,2370,2721,2884,3094,"{""type"":""MultiPoint"",""coordinates"":[]}"
000000000000000005c6_0,2483,1318,505,821,740,1331,2666,3023,3188,3307,"{""type"":""MultiPoint"",""coordinates"":[]}"
000000000000000005c7_0,1405,753,138,284,282,697,1451,1675,1812,1903,"{""type"":""MultiPoint"",""coordinates"":[]}"
000000000000000005c8_0,2179,1525,587,797,883,1223,1625,1760,1694,1909,"{""type"":""MultiPoint"",""coordinates"":[]}"
000000000000000005c9_0,1525,866,210,415,339,760,1489,1689,1676,1791,"{""type"":""MultiPoint"",""coordinates"":[]}"
000000000000000005cd_0,1568,1327,162,326,487,789,811,883,628,1079,"{""type"":""MultiPoint"",""coordinates"":[]}"
000000000000000005d1_0,1757,826,217,555,344,963,2313,2594,2872,2954,"{""type"":""MultiPoint"",""coordinates"":[]}"
000000000000000005d6_0,1443,726,138,345,209,562,1621,1822,1888,1923,"{""type"":""MultiPoint"",""coordinates"":[]}"
000000000000000005d8_0,2025,1211,373,540,630,1113,1657,1903,2042,2314,"{""type"":""MultiPoint"",""coordinates"":[]}"
000000000000000005d9_0,2668,1734,396,582,733,1161,1754,1894,2160,2285,"{""type"":""MultiPoint"",""coordinates"":[]}"
000000000000000005db_0,2086,1134,292,468,473,996,2049,2227,2554,2529,"{""type"":""MultiPoint"",""coordinates"":[]}"
000000000000000005dc_0,873,516,267,354,200,602,1285,1570,353,1553,"{""type"":""MultiPoint"",""coordinates"":[]}"
000000000000000005dd_0,3087,2639,1354,1558,1776,2083,2231,2396,2496,2558,"{""type"":""MultiPoint"",""coordinates"":[]}"
000000000000000005de_0,2413,1336,278,521,489,1042,1835,2025,2120,2306,"{""type"":""MultiPoint"",""coordinates"":[]}"
000000000000000005e3_0,1513,793,186,385,243,674,1677,1890,1854,2039,"{""type"":""MultiPoint"",""coordinates"":[]}"
000000000000000005e5_0,1890,1034,293,538,586,1028,1436,1656,2664,2195,"{""type"":""MultiPoint"",""coordinates"":[]}"
000000000000000005e6_0,2571,1501,685,956,978,1489,2178,2359,2540,2753,"{""type"":""MultiPoint"",""coordinates"":[]}"
000000000000000005e8_0,2738,1354,1186,1358,1024,1647,3002,3252,3348,3509,"{""type"":""MultiPoint"",""coordinates"":[]}"
000000000000000005e9_0,1452,622,278,473,250,842,2495,2877,3174,3180,"{""type"":""MultiPoint"",""coordinates"":[]}"
000000000000000005eb_0,1859,1022,164,452,399,953,1753,1961,2102,2144,"{""type"":""MultiPoint"",""coordinates"":[]}"
000000000000000005ed_0,2575,1353,265,600,827,1437,2069,2364,2570,2863,"{""type"":""MultiPoint"",""coordinates"":[]}"
000000000000000005ee_0,1931,1000,242,455,340,778,2441,2939,3076,3175,"{""type"":""MultiPoint"",""coordinates"":[]}"
000000000000000005f3_0,2099,1737,492,709,922,1055,1137,1202,1306,1311,"{""type"":""MultiPoint"",""coordinates"":[]}"
000000000000000005f5_0,2497,1446,443,681,735,1393,2402,2786,3240,3217,"{""type"":""MultiPoint"",""coordinates"":[]}"
000000000000000005f8_0,644,584,237,243,269,272,321,313,347,319,"{""type"":""MultiPoint"",""coordinates"":[]}"
000000000000000005fa_0,1831,906,251,412,366,904,1567,1774,1912,1976,"{""type"":""MultiPoint"",""coordinates"":[]}"
000000000000000005ff_0,3268,2669,1242,1338,1538,1743,1997,2124,2316,2357,"{""type"":""MultiPoint"",""coordinates"":[]}"
00000000000000000604_0,2788,1820,554,746,805,1171,1755,1939,2138,2350,"{""type"":""MultiPoint"",""coordinates"":[]}"
00000000000000000605_0,1516,854,232,372,300,717,1508,1655,1786,1867,"{""type"":""MultiPoint"",""coordinates"":[]}"
0000000000000000060d_0,2285,1212,448,568,434,912,2017,2283,2626,2625,"{""type"":""MultiPoint"",""coordinates"":[]}"
0000000000000000060f_0,2520,1300,395,635,622,1338,2608,2980,3304,3394,"{""type"":""MultiPoint"",""coordinates"":[]}"
00000000000000000611_0,2608,2365,646,843,988,1142,1224,1238,1192,1278,"{""type"":""MultiPoint"",""coordinates"":[]}"
00000000000000000613_0,208,193,9288,9528,9496,9726,9077,8364,8024,7532,"{""type"":""MultiPoint"",""coordinates"":[]}"
00000000000000000614_0,2736,2133,667,776,905,1034,1243,1312,1446,1519,"{""type"":""MultiPoint"",""coordinates"":[]}"
00000000000000000615_0,2098,1131,573,703,572,1105,2155,2460,2364,2673,"{""type"":""MultiPoint"",""coordinates"":[]}"
0000000000000000061a_0,1497,826,224,409,484,1010,1611,1729,1960,1887,"{""type"":""MultiPoint"",""coordinates"":[]}"
0000000000000000061c_0,2980,2408,933,1174,1208,1437,1618,1669,1730,1831,"{""type"":""MultiPoint"",""coordinates"":[]}"
0000000000000000061d_0,2523,2100,698,863,854,1781,2361,2484,2100,3018,"{""type"":""MultiPoint"",""coordinates"":[]}"
00000000000000000622_0,2322,1374,357,519,598,1037,1700,1933,2064,2190,"{""type"":""MultiPoint"",""coordinates"":[]}"
00000000000000000624_0,2863,1654,528,633,753,1285,1852,2212,2564,2704,"{""type"":""MultiPoint"",""coordinates"":[]}"
00000000000000000625_0,1651,836,321,559,600,1125,1640,1919,2186,2408,"{""type"":""MultiPoint"",""coordinates"":[]}"
00000000000000000627_0,1945,1031,564,720,576,1108,2070,2249,2376,2453,"{""type"":""MultiPoint"",""coordinates"":[]}"
00000000000000000629_0,1909,961,241,469,300,859,2100,2349,2558,2568,"{""type"":""MultiPoint"",""coordinates"":[]}"
0000000000000000062a_0,2351,1227,434,786,593,1355,3050,3547,3880,3869,"{""type"":""MultiPoint"",""coordinates"":[]}"
0000000000000000062f_0,1959,1059,328,478,400,912,1945,2236,2138,2391,"{""type"":""MultiPoint"",""coordinates"":[]}"
00000000000000000631_0,641,564,267,234,245,273,308,332,319,336,"{""type"":""MultiPoint"",""coordinates"":[]}"
00000000000000000632_0,1625,757,417,570,416,783,1689,1937,2604,2287,"{""type"":""MultiPoint"",""coordinates"":[]}"
00000000000000000637_0,3017,1794,539,709,708,1198,2072,2389,2590,2727,"{""type"":""MultiPoint"",""coordinates"":[]}"
0000000000000000063a_0,2246,1199,415,686,689,1289,2008,2405,2666,2828,"{""type"":""MultiPoint"",""coordinates"":[]}"
0000000000000000063b_0,2445,2241,462,551,664,736,775,818,874,923,"{""type"":""MultiPoint"",""coordinates"":[]}"
0000000000000000063c_0,2373,1249,437,670,528,1206,2443,2705,2774,2983,"{""type"":""MultiPoint"",""coordinates"":[]}"
0000000000000000063e_0,3199,1747,352,626,766,1396,2147,2568,2994,3242,"{""type"":""MultiPoint"",""coordinates"":[]}"
0000000000000000063f_0,2306,1280,279,486,652,1235,1941,2150,2501,2486,"{""type"":""MultiPoint"",""coordinates"":[]}"
00000000000000000640_0,2562,1999,509,592,639,908,1222,1340,1394,1487,"{""type"":""MultiPoint"",""coordinates"":[]}"
00000000000000000641_0,2016,1090,1,1,1,265,952,1251,1754,1797,"{""type"":""MultiPoint"",""coordinates"":[]}"
00000000000000000643_0,2746,1569,455,672,683,1240,2186,2494,2724,2795,"{""type"":""MultiPoint"",""coordinates"":[]}"
00000000000000000644_0,1975,1055,250,445,357,829,1803,2061,2032,2262,"{""type"":""MultiPoint"",""coordinates"":[]}"
00000000000000000646_0,2530,1440,333,584,597,1184,2162,2429,2564,2748,"{""type"":""MultiPoint"",""coordinates"":[]}"
00000000000000000647_0,2331,1357,305,621,713,1294,1808,2104,2388,2584,"{""type"":""MultiPoint"",""coordinates"":[]}"
00000000000000000648_0,2929,2114,648,759,847,1216,1498,1586,1772,1823,"{""type"":""MultiPoint"",""coordinates"":[]}"
00000000000000000649_0,2001,1066,346,538,378,884,1935,2119,2282,2294,"{""type"":""MultiPoint"",""coordinates"":[]}"
0000000000000000064c_0,2688,1681,457,650,774,1141,1442,1643,1804,2019,"{""type"":""MultiPoint"",""coordinates"":[]}"
0000000000000000064e_0,1335,879,298,542,423,899,1798,1972,2090,2154,"{""type"":""MultiPoint"",""coordinates"":[]}"
00000000000000000650_0,3074,1948,454,567,753,956,1224,1421,1594,1723,"{""type"":""MultiPoint"",""coordinates"":[]}"
00000000000000000651_0,3008,1929,778,945,1002,1374,2010,2143,2326,2465,"{""type"":""MultiPoint"",""coordinates"":[]}"
00000000000000000653_0,162,131,5893,5863,5745,6020,5885,5603,5465,5156,"{""type"":""MultiPoint"",""coordinates"":[]}"
00000000000000000656_0,1652,956,308,510,379,847,1663,1689,1960,1936,"{""type"":""MultiPoint"",""coordinates"":[]}"
00000000000000000657_0,1596,865,302,510,578,1343,2150,2503,2636,2921,"{""type"":""MultiPoint"",""coordinates"":[]}"
00000000000000000659_0,2321,1303,343,542,545,1006,1741,1964,2032,2193,"{""type"":""MultiPoint"",""coordinates"":[]}"
0000000000000000065b_0,2236,1183,384,605,624,1229,2520,2950,2976,3244,"{""type"":""MultiPoint"",""coordinates"":[]}"
0000000000000000065e_0,2305,1217,429,722,574,1307,2357,2602,2674,2847,"{""type"":""MultiPoint"",""coordinates"":[]}"
00000000000000000661_0,2475,1420,515,840,750,1489,2677,2795,3438,3251,"{""type"":""MultiPoint"",""coordinates"":[]}"
00000000000000000663_0,2571,1363,366,609,637,1253,2458,2725,2866,3162,"{""type"":""MultiPoint"",""coordinates"":[]}"
00000000000000000666_0,1738,922,188,397,322,791,1691,1864,1996,2058,"{""type"":""MultiPoint"",""coordinates"":[]}"
00000000000000000668_0,1949,916,121,387,267,900,2340,2603,2775,2879,"{""type"":""MultiPoint"",""coordinates"":[]}"
0000000000000000066b_0,2305,1366,352,597,666,1042,1748,1920,2182,2207,"{""type"":""MultiPoint"",""coordinates"":[]}"
0000000000000000066c_0,232,167,6740,6960,6644,5831,5838,5323,5500,4681,"{""type"":""MultiPoint"",""coordinates"":[]}"
0000000000000000066d_0,2759,1639,569,838,852,1405,2292,2575,2814,2927,"{""type"":""MultiPoint"",""coordinates"":[]}"
00000000000000000671_0,2181,1097,398,774,668,1598,2995,3504,4026,3876,"{""type"":""MultiPoint"",""coordinates"":[]}"
00000000000000000673_0,1413,1108,592,604,569,780,1203,1252,1254,1329,"{""type"":""MultiPoint"",""coordinates"":[]}"
00000000000000000675_0,1938,946,289,492,352,1071,2189,2473,2610,2728,"{""type"":""MultiPoint"",""coordinates"":[]}"
00000000000000000676_0,2283,1292,705,1044,993,1759,2666,2933,3062,3155,"{""type"":""MultiPoint"",""coordinates"":[]}"
00000000000000000679_0,933,490,232,355,258,536,1113,1310,1544,1493,"{""type"":""MultiPoint"",""coordinates"":[]}"
0000000000000000067b_0,2269,1270,369,541,533,968,1829,2047,2212,2291,"{""type"":""MultiPoint"",""coordinates"":[]}"
0000000000000000067d_0,2590,1624,502,674,656,1348,2274,2496,3210,2767,"{""type"":""MultiPoint"",""coordinates"":[]}"
0000000000000000067f_0,2838,1703,134,488,772,1361,1561,1891,2036,2393,"{""type"":""MultiPoint"",""coordinates"":[]}"
00000000000000000680_0,1806,890,330,525,373,851,2000,2228,2396,2487,"{""type"":""MultiPoint"",""coordinates"":[]}"
00000000000000000682_0,1798,1009,273,412,568,1042,1624,1828,1884,2076,"{""type"":""MultiPoint"",""coordinates"":[]}"
00000000000000000683_0,1114,824,3378,3254,3176,2833,3103,2979,3134,2933,"{""type"":""MultiPoint"",""coordinates"":[]}"
00000000000000000685_0,2639,1585,455,581,867,1492,2092,2410,2768,2662,"{""type"":""MultiPoint"",""coordinates"":[]}"
00000000000000000687_0,1475,980,373,516,774,868,1134,1302,1732,1670,"{""type"":""MultiPoint"",""coordinates"":[]}"
00000000000000000688_0,951,834,506,636,653,712,684,728,745,731,"{""type"":""MultiPoint"",""coordinates"":[]}"
0000000000000000068f_0,1385,816,249,417,427,827,1339,1514,1914,1736,"{""type"":""MultiPoint"",""coordinates"":[]}"
00000000000000000694_0,2604,2077,285,422,514,690,952,1060,1166,1244,"{""type"":""MultiPoint"",""coordinates"":[]}"
00000000000000000695_0,3156,1745,773,1018,999,1548,2507,2811,3054,3252,"{""type"":""MultiPoint"",""coordinates"":[]}"
00000000000000000698_0,1314,603,226,439,254,675,1942,2276,2386,2439,"{""type"":""MultiPoint"",""coordinates"":[]}"
00000000000000000699_0,2944,1848,503,731,775,1339,2097,2323,2414,2635,"{""type"":""MultiPoint"",""coordinates"":[]}"
0000000000000000069a_0,945,919,7948,7828,7772,7669,7536,7064,7452,6930,"{""type"":""MultiPoint"",""coordinates"":[]}"
0000000000000000069c_0,2237,1567,400,565,597,964,1389,1603,1756,1831,"{""type"":""MultiPoint"",""coordinates"":[]}"
0000000000000000069d_0,1752,935,180,384,442,936,1483,1635,1894,1891,"{""type"":""MultiPoint"",""coordinates"":[]}"
0000000000000000069f_0,2791,2701,1872,2050,2150,2332,2352,2378,2270,2480,"{""type"":""MultiPoint"",""coordinates"":[]}"
000000000000000006a0_0,2416,1718,441,653,800,1168,1466,1631,1946,1932,"{""type"":""MultiPoint"",""coordinates"":[]}"
000000000000000006a1_0,2606,2103,708,824,980,973,1084,1113,1366,1252,"{""type"":""MultiPoint"",""coordinates"":[]}"
000000000000000006a2_0,2233,1172,305,536,422,902,2052,2300,2490,2488,"{""type"":""MultiPoint"",""coordinates"":[]}"
000000000000000006a4_0,1841,968,347,493,401,879,1688,1884,2032,2140,"{""type"":""MultiPoint"",""coordinates"":[]}"
000000000000000006a5_0,2042,1296,601,727,744,1015,1614,1806,1856,1911,"{""type"":""MultiPoint"",""coordinates"":[]}"
000000000000000006a9_0,2448,2011,331,444,526,619,745,829,1044,1038,"{""type"":""MultiPoint"",""coordinates"":[]}"
000000000000000006aa_0,2315,1272,645,885,803,1367,2181,2366,2510,2561,"{""type"":""MultiPoint"",""coordinates"":[]}"
000000000000000006ac_0,1934,1084,368,590,529,999,1712,1867,1998,2094,"{""type"":""MultiPoint"",""coordinates"":[]}"
000000000000000006ad_0,790,408,308,476,251,526,1382,1662,2554,1651,"{""type"":""MultiPoint"",""coordinates"":[]}"
000000000000000006b0_0,1352,614,221,484,284,803,2437,2799,2880,3076,"{""type"":""MultiPoint"",""coordinates"":[]}"
000000000000000006b4_0,1902,872,190,470,222,855,2662,3139,3516,3438,"{""type"":""MultiPoint"",""coordinates"":[]}"
000000000000000006b5_0,2264,1231,361,628,582,1302,2021,2433,2534,2635,"{""type"":""MultiPoint"",""coordinates"":[]}"
000000000000000006b7_0,2368,1299,502,711,634,1192,2362,2661,2854,3013,"{""type"":""MultiPoint"",""coordinates"":[]}"
000000000000000006b9_0,1168,612,176,363,203,620,1602,1831,2054,1944,"{""type"":""MultiPoint"",""coordinates"":[]}"
000000000000000006ba_0,2906,1597,393,691,598,1314,2890,3308,3826,3808,"{""type"":""MultiPoint"",""coordinates"":[]}"
000000000000000006bc_0,3004,2750,835,1010,1126,1286,1296,1315,1348,1477,"{""type"":""MultiPoint"",""coordinates"":[]}"
000000000000000006bf_0,1718,796,376,593,376,888,2324,2602,2536,2794,"{""type"":""MultiPoint"",""coordinates"":[]}"
000000000000000006c2_0,2330,1478,293,440,492,1056,1518,1785,1850,2104,"{""type"":""MultiPoint"",""coordinates"":[]}"
000000000000000006c4_0,2204,1119,429,610,484,971,2113,2365,2442,2623,"{""type"":""MultiPoint"",""coordinates"":[]}"
000000000000000006c6_0,1357,868,1232,1586,1896,1968,2357,2586,3054,2939,"{""type"":""MultiPoint"",""coordinates"":[]}"
000000000000000006c7_0,2049,988,374,591,397,999,2487,2825,2770,3059,"{""type"":""MultiPoint"",""coordinates"":[]}"
000000000000000006ce_0,1672,857,267,420,272,748,1917,2213,2198,2356,"{""type"":""MultiPoint"",""coordinates"":[]}"
000000000000000006cf_0,1591,797,253,482,329,839,1860,2049,2276,2304,"{""type"":""MultiPoint"",""coordinates"":[]}"
000000000000000006d3_0,2685,1378,313,551,535,1134,2163,2419,2654,2797,"{""type"":""MultiPoint"",""coordinates"":[]}"
000000000000000006d6_0,1228,567,192,308,324,828,1432,1649,1888,1942,"{""type"":""MultiPoint"",""coordinates"":[]}"
000000000000000006d7_0,2052,982,271,532,344,932,2499,2883,3190,3186,"{""type"":""MultiPoint"",""coordinates"":[]}"
000000000000000006de_0,2070,1093,474,680,666,1244,2235,2547,2766,2843,"{""type"":""MultiPoint"",""coordinates"":[]}"
000000000000000006e0_0,2615,2105,507,641,719,847,948,1013,1216,1168,"{""type"":""MultiPoint"",""coordinates"":[]}"
000000000000000006e1_0,795,743,1478,1500,1760,1848,1833,1949,2106,1961,"{""type"":""MultiPoint"",""coordinates"":[]}"
000000000000000006e4_0,1993,1081,343,534,456,1078,1826,2095,2296,2477,"{""type"":""MultiPoint"",""coordinates"":[]}"
000000000000000006e6_0,1560,799,211,415,283,718,1819,2061,2204,2281,"{""type"":""MultiPoint"",""coordinates"":[]}"
000000000000000006e7_0,904,414,181,339,191,527,1433,1634,2240,1961,"{""type"":""MultiPoint"",""coordinates"":[]}"
000000000000000006e9_0,2392,1415,358,585,572,1095,1815,2031,2270,2353,"{""type"":""MultiPoint"",""coordinates"":[]}"
000000000000000006ec_0,1587,939,150,234,401,773,1189,1388,1792,1986,"{""type"":""MultiPoint"",""coordinates"":[]}"
000000000000000006ee_0,1769,934,439,584,403,907,1855,2040,2076,2218,"{""type"":""MultiPoint"",""coordinates"":[]}"
000000000000000006f0_0,1128,712,237,288,304,477,651,756,772,931,"{""type"":""MultiPoint"",""coordinates"":[]}"
000000000000000006f6_0,2031,1040,154,308,668,1120,1519,1738,2152,2118,"{""type"":""MultiPoint"",""coordinates"":[]}"
000000000000000006f9_0,1729,869,312,560,594,1000,1859,2148,2736,2401,"{""type"":""MultiPoint"",""coordinates"":[]}"
000000000000000006fa_0,2798,1828,114,351,460,913,1308,1557,1588,1927,"{""type"":""MultiPoint"",""coordinates"":[]}"
000000000000000006fb_0,1614,959,266,408,438,902,1436,1566,1522,1767,"{""type"":""MultiPoint"",""coordinates"":[]}"
000000000000000006fd_0,1551,827,482,641,507,906,1578,1767,1884,1930,"{""type"":""MultiPoint"",""coordinates"":[]}"
00000000000000000700_0,3041,1608,622,988,1028,1872,3472,3908,4368,4450,"{""type"":""MultiPoint"",""coordinates"":[]}"
00000000000000000701_0,1982,849,238,495,258,871,3028,3504,3520,3779,"{""type"":""MultiPoint"",""coordinates"":[]}"
00000000000000000702_0,2577,1739,526,648,771,1028,1287,1387,1576,1647,"{""type"":""MultiPoint"",""coordinates"":[]}"
00000000000000000703_0,2094,1130,552,705,599,1217,1995,2187,2134,2336,"{""type"":""MultiPoint"",""coordinates"":[]}"
00000000000000000706_0,2156,1154,382,658,585,1324,2492,2837,3046,3155,"{""type"":""MultiPoint"",""coordinates"":[]}"
00000000000000000709_0,1754,864,126,385,272,883,2008,2358,2382,2553,"{""type"":""MultiPoint"",""coordinates"":[]}"
0000000000000000070a_0,2758,1510,481,674,571,1228,2311,2609,2820,2922,"{""type"":""MultiPoint"",""coordinates"":[]}"
0000000000000000070b_0,2202,1224,440,596,483,927,1869,2116,2236,2328,"{""type"":""MultiPoint"",""coordinates"":[]}"
0000000000000000070e_0,1479,686,120,393,290,845,1878,2114,2290,2342,"{""type"":""MultiPoint"",""coordinates"":[]}"
00000000000000000712_0,1724,1009,360,548,473,1006,1744,2008,2014,2164,"{""type"":""MultiPoint"",""coordinates"":[]}"
00000000000000000713_0,2369,1245,507,780,590,1296,2527,2867,2774,3166,"{""type"":""MultiPoint"",""coordinates"":[]}"
00000000000000000715_0,2771,1554,324,568,702,1356,2218,2531,2736,2987,"{""type"":""MultiPoint"",""coordinates"":[]}"
00000000000000000716_0,1550,729,74,315,365,957,2031,2375,2486,2817,"{""type"":""MultiPoint"",""coordinates"":[]}"
00000000000000000718_0,2377,1575,618,794,720,1399,2627,3005,3054,3172,"{""type"":""MultiPoint"",""coordinates"":[]}"
0000000000000000071a_0,1557,778,360,566,421,952,2152,2478,2588,2670,"{""type"":""MultiPoint"",""coordinates"":[]}"
0000000000000000071b_0,2166,1161,405,654,750,1317,2126,2347,2730,2692,"{""type"":""MultiPoint"",""coordinates"":[]}"
0000000000000000071c_0,2393,2070,452,589,612,668,780,849,990,979,"{""type"":""MultiPoint"",""coordinates"":[]}"
0000000000000000071e_0,1455,742,207,403,221,636,1806,2037,2344,2304,"{""type"":""MultiPoint"",""coordinates"":[]}"
0000000000000000071f_0,1935,1043,312,525,385,870,2171,2362,2452,2564,"{""type"":""MultiPoint"",""coordinates"":[]}"
00000000000000000720_0,2297,1268,300,481,372,867,1973,2302,2570,2616,"{""type"":""MultiPoint"",""coordinates"":[]}"
00000000000000000723_0,1371,760,253,512,426,793,1626,1788,1788,1880,"{""type"":""MultiPoint"",""coordinates"":[]}"
00000000000000000724_0,1909,1124,148,413,512,824,1296,1537,1886,1669,"{""type"":""MultiPoint"",""coordinates"":[]}"
00000000000000000725_0,2934,2412,885,958,970,1066,1128,1206,1256,1346,"{""type"":""MultiPoint"",""coordinates"":[]}"
00000000000000000727_0,1574,754,169,431,361,940,1971,2196,2226,2458,"{""type"":""MultiPoint"",""coordinates"":[]}"
00000000000000000728_0,2119,1207,401,647,750,1409,2397,2648,3340,3098,"{""type"":""MultiPoint"",""coordinates"":[]}"
00000000000000000729_0,1279,1426,13272,13656,14744,15109,15167,15204,14376,15240,"{""type"":""MultiPoint"",""coordinates"":[]}"
0000000000000000072d_0,2396,1306,428,662,623,1147,2001,2133,2344,2402,"{""type"":""MultiPoint"",""coordinates"":[]}"
0000000000000000072f_0,2431,1271,323,596,494,1116,2504,2827,3040,3188,"{""type"":""MultiPoint"",""coordinates"":[]}"
00000000000000000730_0,2215,1090,412,627,507,1012,2509,2840,3032,3118,"{""type"":""MultiPoint"",""coordinates"":[]}"
00000000000000000731_0,854,481,308,434,565,965,1107,1339,1616,1668,"{""type"":""MultiPoint"",""coordinates"":[]}"
00000000000000000732_0,2064,1097,688,842,725,1092,2167,2423,2266,2576,"{""type"":""MultiPoint"",""coordinates"":[]}"
00000000000000000734_0,1299,703,269,386,374,865,1512,1693,1936,1892,"{""type"":""MultiPoint"",""coordinates"":[]}"
00000000000000000735_0,1737,1389,463,555,628,683,827,916,1126,1040,"{""type"":""MultiPoint"",""coordinates"":[]}"
00000000000000000737_0,2921,1648,443,717,960,1452,1938,2237,2552,2745,"{""type"":""MultiPoint"",""coordinates"":[]}"
0000000000000000073a_0,2104,1567,519,601,615,937,1472,1560,1548,1850,"{""type"":""MultiPoint"",""coordinates"":[]}"
0000000000000000073c_0,2450,1875,505,612,769,979,1199,1307,1422,1498,"{""type"":""MultiPoint"",""coordinates"":[]}"
0000000000000000073d_0,1890,941,331,620,377,1001,2505,2879,2876,3153,"{""type"":""MultiPoint"",""coordinates"":[]}"
0000000000000000073f_0,2333,1374,1,12,473,861,1171,1440,1716,1869,"{""type"":""MultiPoint"",""coordinates"":[]}"
00000000000000000741_0,2262,1509,478,637,656,1085,1733,1950,1996,2154,"{""type"":""MultiPoint"",""coordinates"":[]}"
00000000000000000742_0,2248,1956,953,1204,1428,1647,1787,1870,1838,1913,"{""type"":""MultiPoint"",""coordinates"":[]}"
00000000000000000744_0,2746,1494,460,678,826,1375,2218,2474,2818,2882,"{""type"":""MultiPoint"",""coordinates"":[]}"
00000000000000000745_0,1698,799,248,587,367,1156,2728,3155,3576,3562,"{""type"":""MultiPoint"",""coordinates"":[]}"
00000000000000000749_0,1818,1088,370,532,586,948,1683,1812,2054,2082,"{""type"":""MultiPoint"",""coordinates"":[]}"
0000000000000000074c_0,3821,2150,650,778,1124,1837,2619,3055,3542,3677,"{""type"":""MultiPoint"",""coordinates"":[]}"
0000000000000000074d_0,1523,875,304,416,494,883,1390,1590,2116,2104,"{""type"":""MultiPoint"",""coordinates"":[]}"
0000000000000000074e_0,2766,1774,781,859,866,1239,1663,1822,1942,2070,"{""type"":""MultiPoint"",""coordinates"":[]}"
0000000000000000074f_0,2071,1231,269,461,394,803,1578,1833,1924,2062,"{""type"":""MultiPoint"",""coordinates"":[]}"
00000000000000000751_0,1690,939,633,719,631,1182,2075,2313,2468,2573,"{""type"":""MultiPoint"",""coordinates"":[]}"
00000000000000000754_0,1843,1023,493,689,508,1014,1943,2174,2232,2293,"{""type"":""MultiPoint"",""coordinates"":[]}"
00000000000000000756_0,2412,1618,461,584,588,940,1594,1783,1938,1961,"{""type"":""MultiPoint"",""coordinates"":[]}"
00000000000000000757_0,1993,1048,391,599,574,1184,1913,2053,2220,2276,"{""type"":""MultiPoint"",""coordinates"":[]}"
00000000000000000759_0,3116,1819,602,845,957,1405,2077,2350,2658,2778,"{""type"":""MultiPoint"",""coordinates"":[]}"
0000000000000000075b_0,2200,1619,431,609,710,909,1162,1261,1316,1413,"{""type"":""MultiPoint"",""coordinates"":[]}"
0000000000000000075c_0,2275,1185,360,669,535,1148,2379,2605,2750,2837,"{""type"":""MultiPoint"",""coordinates"":[]}"
0000000000000000075f_0,1836,987,418,621,499,1076,2237,2585,2756,2745,"{""type"":""MultiPoint"",""coordinates"":[]}"
00000000000000000764_0,1882,1074,539,659,557,946,1607,1790,1954,1966,"{""type"":""MultiPoint"",""coordinates"":[]}"
00000000000000000766_0,1862,795,231,518,269,1056,2664,3087,3288,3415,"{""type"":""MultiPoint"",""coordinates"":[]}"
0000000000000000076b_0,1217,617,234,412,315,686,1570,1819,1812,1934,"{""type"":""MultiPoint"",""coordinates"":[]}"
0000000000000000076c_0,1563,904,196,385,377,713,1280,1394,1592,1621,"{""type"":""MultiPoint"",""coordinates"":[]}"
0000000000000000076e_0,1927,1374,464,606,695,822,1056,1142,1304,1351,"{""type"":""MultiPoint"",""coordinates"":[]}"
00000000000000000770_0,2262,1818,478,529,586,737,834,933,999,1080,"{""type"":""MultiPoint"",""coordinates"":[]}"
00000000000000000771_0,1722,975,213,463,352,797,1903,2068,2154,2202,"{""type"":""MultiPoint"",""coordinates"":[]}"
00000000000000000773_0,1152,503,127,305,148,602,2201,2728,2952,2932,"{""type"":""MultiPoint"",""coordinates"":[]}"
00000000000000000774_0,2713,1855,445,729,783,1240,1832,2077,2226,2210,"{""type"":""MultiPoint"",""coordinates"":[]}"
00000000000000000776_0,2139,996,283,561,357,1037,2466,2804,3096,3100,"{""type"":""MultiPoint"",""coordinates"":[]}"
00000000000000000778_0,2141,1142,364,516,428,875,2060,2356,2430,2571,"{""type"":""MultiPoint"",""coordinates"":[]}"
00000000000000000779_0,1899,1077,271,433,353,830,1585,1734,1790,1926,"{""type"":""MultiPoint"",""coordinates"":[]}"
0000000000000000077c_0,1721,778,128,423,238,818,2303,2572,3044,2801,"{""type"":""MultiPoint"",""coordinates"":[]}"
0000000000000000077e_0,685,744,9266,8769,8752,10084,9423,9527,8111,9136,"{""type"":""MultiPoint"",""coordinates"":[]}"
00000000000000000780_0,1487,664,285,481,241,741,2273,2632,2468,2788,"{""type"":""MultiPoint"",""coordinates"":[]}"
00000000000000000785_0,2715,1830,1040,1120,1102,1424,1852,1954,2150,2204,"{""type"":""MultiPoint"",""coordinates"":[]}"
00000000000000000786_0,1387,761,124,361,281,664,1405,1570,1728,1681,"{""type"":""MultiPoint"",""coordinates"":[]}"
00000000000000000788_0,962,464,191,326,209,548,1216,1369,1604,1544,"{""type"":""MultiPoint"",""coordinates"":[]}"
00000000000000000789_0,1540,811,270,446,347,823,1457,1819,1910,2229,"{""type"":""MultiPoint"",""coordinates"":[]}"
0000000000000000078a_0,2893,2012,758,940,1056,1329,1633,1793,2062,1996,"{""type"":""MultiPoint"",""coordinates"":[]}"
0000000000000000078d_0,1250,640,253,402,265,663,1585,1762,1650,1879,"{""type"":""MultiPoint"",""coordinates"":[]}"
0000000000000000078e_0,1903,932,510,695,478,939,2227,2505,2612,2708,"{""type"":""MultiPoint"",""coordinates"":[]}"
00000000000000000790_0,2659,1448,404,629,765,1376,2013,2278,2714,2761,"{""type"":""MultiPoint"",""coordinates"":[]}"
00000000000000000792_0,2816,2156,398,589,679,982,1407,1477,1886,1660,"{""type"":""MultiPoint"",""coordinates"":[]}"
00000000000000000793_0,1751,917,530,700,510,1005,1987,2191,2280,2306,"{""type"":""MultiPoint"",""coordinates"":[]}"
00000000000000000795_0,1245,553,145,354,160,682,2617,3183,3228,3284,"{""type"":""MultiPoint"",""coordinates"":[]}"
00000000000000000796_0,1724,1014,516,651,631,1338,2129,2382,2318,2656,"{""type"":""MultiPoint"",""coordinates"":[]}"
00000000000000000798_0,854,728,2966,3602,3892,4884,5268,5647,5472,5761,"{""type"":""MultiPoint"",""coordinates"":[]}"
0000000000000000079a_0,2578,1609,406,533,616,1070,1579,1758,1908,2026,"{""type"":""MultiPoint"",""coordinates"":[]}"
0000000000000000079b_0,1866,1058,293,431,397,915,1598,1815,1940,1968,"{""type"":""MultiPoint"",""coordinates"":[]}"
0000000000000000079d_0,2783,1521,307,575,622,1099,1941,2198,2458,2551,"{""type"":""MultiPoint"",""coordinates"":[]}"
000000000000000007a0_0,2211,1156,359,650,510,1057,2130,2398,2680,2645,"{""type"":""MultiPoint"",""coordinates"":[]}"
000000000000000007aa_0,1218,666,241,347,266,636,1152,1305,1318,1435,"{""type"":""MultiPoint"",""coordinates"":[]}"
000000000000000007ac_0,927,836,2766,2758,2856,2738,2946,2605,3094,2804,"{""type"":""MultiPoint"",""coordinates"":[]}"
000000000000000007ad_0,2083,1020,286,589,370,979,2384,2696,2844,2909,"{""type"":""MultiPoint"",""coordinates"":[]}"
000000000000000007ae_0,1714,959,386,581,647,1296,2002,2311,2418,2674,"{""type"":""MultiPoint"",""coordinates"":[]}"
000000000000000007af_0,1516,945,339,573,522,1040,1578,1774,2238,2047,"{""type"":""MultiPoint"",""coordinates"":[]}"
000000000000000007b0_0,1845,1015,1442,1452,1082,1508,2038,2080,2128,2191,"{""type"":""MultiPoint"",""coordinates"":[]}"
000000000000000007b5_0,2421,1329,559,802,701,1456,2839,3163,3292,3498,"{""type"":""MultiPoint"",""coordinates"":[]}"
000000000000000007b8_0,1671,819,147,380,227,810,2234,2494,2574,2672,"{""type"":""MultiPoint"",""coordinates"":[]}"
000000000000000007b9_0,1186,1171,7492,7716,7772,6060,6266,5611,7700,5619,"{""type"":""MultiPoint"",""coordinates"":[]}"
000000000000000007bc_0,2568,1562,428,703,623,1255,2204,2389,2604,2774,"{""type"":""MultiPoint"",""coordinates"":[]}"
000000000000000007bd_0,1648,928,270,492,373,782,1510,1664,2030,1788,"{""type"":""MultiPoint"",""coordinates"":[]}"
000000000000000007bf_0,1045,457,171,315,158,546,1987,2318,2474,2454,"{""type"":""MultiPoint"",""coordinates"":[]}"
000000000000000007c1_0,1320,760,298,577,697,958,1459,1644,1956,2097,"{""type"":""MultiPoint"",""coordinates"":[]}"
000000000000000007c2_0,1680,1373,336,407,485,726,941,1059,1104,1226,"{""type"":""MultiPoint"",""coordinates"":[]}"
000000000000000007c3_0,1340,569,232,385,203,675,2698,3261,3630,3687,"{""type"":""MultiPoint"",""coordinates"":[]}"
000000000000000007c4_0,1432,692,336,565,366,874,2162,2601,3046,2691,"{""type"":""MultiPoint"",""coordinates"":[]}"
000000000000000007c5_0,1958,949,424,597,387,898,2259,2620,2784,2831,"{""type"":""MultiPoint"",""coordinates"":[]}"
000000000000000007c7_0,2986,1833,472,746,874,1370,2112,2349,2480,2633,"{""type"":""MultiPoint"",""coordinates"":[]}"
000000000000000007c8_0,1280,570,259,434,211,772,2477,2910,2799,3049,"{""type"":""MultiPoint"",""coordinates"":[]}"
000000000000000007c9_0,1662,1052,301,354,492,697,926,1086,1244,1373,"{""type"":""MultiPoint"",""coordinates"":[]}"
000000000000000007ca_0,1830,1606,625,659,644,944,1065,1118,1008,1168,"{""type"":""MultiPoint"",""coordinates"":[]}"
000000000000000007cd_0,2144,1235,601,807,771,1451,2196,2488,2611,2727,"{""type"":""MultiPoint"",""coordinates"":[]}"
000000000000000007d1_0,2289,1268,558,740,623,1150,2225,2476,2480,2691,"{""type"":""MultiPoint"",""coordinates"":[]}"
000000000000000007d7_0,1542,1532,9488,9808,9424,10274,9624,9517,9416,8648,"{""type"":""MultiPoint"",""coordinates"":[]}"
000000000000000007df_0,1670,867,243,462,299,801,1734,1915,1990,2081,"{""type"":""MultiPoint"",""coordinates"":[]}"
000000000000000007e0_0,557,599,4512,4476,4355,4590,4241,4224,4343,3980,"{""type"":""MultiPoint"",""coordinates"":[]}"
000000000000000007e1_0,1681,870,419,609,429,1143,2356,2738,2828,2987,"{""type"":""MultiPoint"",""coordinates"":[]}"
000000000000000007e6_0,1304,654,263,465,261,793,1832,2044,2098,2206,"{""type"":""MultiPoint"",""coordinates"":[]}"
000000000000000007ea_0,1779,1119,254,380,549,844,1138,1372,1532,1678,"{""type"":""MultiPoint"",""coordinates"":[]}"
000000000000000007eb_0,2107,1885,1023,1188,1346,1513,1588,1656,1662,1844,"{""type"":""MultiPoint"",""coordinates"":[]}"
000000000000000007ec_0,1699,1049,298,454,591,968,1455,1633,1820,1819,"{""type"":""MultiPoint"",""coordinates"":[]}"
000000000000000007f2_0,1036,504,60,200,138,609,1399,1465,1350,1752,"{""type"":""MultiPoint"",""coordinates"":[]}"
000000000000000007f4_0,1830,1079,340,488,474,902,1498,1646,1736,1837,"{""type"":""MultiPoint"",""coordinates"":[]}"
000000000000000007f6_0,2626,1326,305,579,690,1390,2311,2626,2950,3068,"{""type"":""MultiPoint"",""coordinates"":[]}"
000000000000000007fe_0,3056,2184,1152,1262,1316,1600,1977,2088,2366,2276,"{""type"":""MultiPoint"",""coordinates"":[]}"
00000000000000000803_0,751,370,431,527,349,688,1330,1446,1532,1546,"{""type"":""MultiPoint"",""coordinates"":[]}"
00000000000000000804_0,1968,1070,317,525,682,1312,2108,2440,2746,2956,"{""type"":""MultiPoint"",""coordinates"":[]}"
00000000000000000806_0,2431,1296,461,694,505,1103,2432,2729,2802,2943,"{""type"":""MultiPoint"",""coordinates"":[]}"
00000000000000000807_0,3365,3863,1712,2096,2422,2644,2594,2594,2576,2507,"{""type"":""MultiPoint"",""coordinates"":[]}"
00000000000000000808_0,2293,1293,405,637,634,947,1725,2053,2240,2247,"{""type"":""MultiPoint"",""coordinates"":[]}"
00000000000000000809_0,2281,1073,332,565,385,961,2408,2718,2862,3047,"{""type"":""MultiPoint"",""coordinates"":[]}"
0000000000000000080e_0,2121,1198,302,571,613,1276,2005,2224,2401,2506,"{""type"":""MultiPoint"",""coordinates"":[]}"
00000000000000000810_0,3265,2974,1646,1684,1744,1954,2091,2205,2332,2446,"{""type"":""MultiPoint"",""coordinates"":[]}"
00000000000000000812_0,2421,1344,261,507,529,1022,1907,2044,2450,2448,"{""type"":""MultiPoint"",""coordinates"":[]}"
00000000000000000815_0,1873,891,171,367,285,860,1939,2269,2622,2665,"{""type"":""MultiPoint"",""coordinates"":[]}"
00000000000000000816_0,1625,933,257,461,407,797,1332,1464,1584,1606,"{""type"":""MultiPoint"",""coordinates"":[]}"
00000000000000000819_0,1526,752,200,534,336,1043,2379,2745,3165,2942,"{""type"":""MultiPoint"",""coordinates"":[]}"
0000000000000000081b_0,2332,1164,535,785,655,1203,2359,2630,2654,2937,"{""type"":""MultiPoint"",""coordinates"":[]}"
0000000000000000081c_0,88,76,9440,9207,8832,8992,8271,7671,7209,6792,"{""type"":""MultiPoint"",""coordinates"":[]}"
0000000000000000081d_0,1020,584,326,497,419,743,1265,1396,1530,1450,"{""type"":""MultiPoint"",""coordinates"":[]}"
00000000000000000821_0,1277,608,397,466,259,653,2367,2888,2770,2958,"{""type"":""MultiPoint"",""coordinates"":[]}"
00000000000000000822_0,2600,2082,512,628,675,775,903,945,1168,1130,"{""type"":""MultiPoint"",""coordinates"":[]}"
00000000000000000823_0,1541,792,177,509,497,1205,1926,2088,2374,2304,"{""type"":""MultiPoint"",""coordinates"":[]}"
00000000000000000825_0,1979,942,210,410,412,1063,2087,2325,2489,2705,"{""type"":""MultiPoint"",""coordinates"":[]}"
00000000000000000826_0,1670,1021,597,859,979,1377,1674,1856,1642,1894,"{""type"":""MultiPoint"",""coordinates"":[]}"
00000000000000000828_0,2282,1429,365,452,382,921,1940,2249,2004,2510,"{""type"":""MultiPoint"",""coordinates"":[]}"
00000000000000000829_0,1154,566,138,299,223,586,1429,1661,1726,1844,"{""type"":""MultiPoint"",""coordinates"":[]}"
0000000000000000082a_0,2314,1339,385,619,510,1070,2227,2509,2570,2661,"{""type"":""MultiPoint"",""coordinates"":[]}"
0000000000000000082d_0,2124,1006,330,570,372,1170,2877,3352,3666,3781,"{""type"":""MultiPoint"",""coordinates"":[]}"
00000000000000000830_0,2250,1983,419,778,1001,1201,1229,1296,1255,1303,"{""type"":""MultiPoint"",""coordinates"":[]}"
00000000000000000832_0,1804,999,241,453,418,808,1683,1917,2154,2185,"{""type"":""MultiPoint"",""coordinates"":[]}"
00000000000000000833_0,1239,634,252,473,236,754,1824,2069,2192,2220,"{""type"":""MultiPoint"",""coordinates"":[]}"
00000000000000000835_0,2535,1316,344,634,639,1287,2472,2760,3116,3127,"{""type"":""MultiPoint"",""coordinates"":[]}"
00000000000000000837_0,2692,1801,525,700,804,1195,1651,1794,2018,2083,"{""type"":""MultiPoint"",""coordinates"":[]}"
00000000000000000838_0,2043,1039,383,589,395,939,2011,2189,2260,2404,"{""type"":""MultiPoint"",""coordinates"":[]}"
0000000000000000083e_0,1355,680,241,564,338,781,1801,2000,2564,2104,"{""type"":""MultiPoint"",""coordinates"":[]}"
0000000000000000083f_0,1698,928,332,578,450,970,1718,1905,1982,2111,"{""type"":""MultiPoint"",""coordinates"":[]}"
00000000000000000843_0,609,281,45,231,129,415,1212,1344,1708,1476,"{""type"":""MultiPoint"",""coordinates"":[]}"
00000000000000000845_0,2086,1192,355,529,486,938,1851,2018,2114,2239,"{""type"":""MultiPoint"",""coordinates"":[]}"
0000000000000000084b_0,1461,806,395,583,656,1213,1943,2294,2890,2965,"{""type"":""MultiPoint"",""coordinates"":[]}"
0000000000000000084c_0,2502,1505,696,890,826,1340,2040,2252,2360,2542,"{""type"":""MultiPoint"",""coordinates"":[]}"
0000000000000000084d_0,1935,1015,439,616,452,955,1862,2115,2194,2233,"{""type"":""MultiPoint"",""coordinates"":[]}"
0000000000000000084e_0,2162,1371,581,788,847,1226,1545,1703,1912,1941,"{""type"":""MultiPoint"",""coordinates"":[]}"
00000000000000000850_0,1236,607,357,499,307,717,1727,2045,1978,2205,"{""type"":""MultiPoint"",""coordinates"":[]}"
00000000000000000851_0,2423,1674,336,516,604,965,1451,1593,1724,1783,"{""type"":""MultiPoint"",""coordinates"":[]}"
00000000000000000852_0,2815,2484,749,822,872,932,1001,1049,1114,1141,"{""type"":""MultiPoint"",""coordinates"":[]}"
00000000000000000858_0,1858,924,185,518,218,914,2876,3415,3325,3578,"{""type"":""MultiPoint"",""coordinates"":[]}"
00000000000000000859_0,2821,2127,758,863,973,1143,1423,1530,1698,1726,"{""type"":""MultiPoint"",""coordinates"":[]}"
0000000000000000085a_0,1326,771,281,445,400,615,1329,1476,1648,1655,"{""type"":""MultiPoint"",""coordinates"":[]}"
0000000000000000085c_0,3332,1792,373,792,572,1915,4156,4789,5284,5091,"{""type"":""MultiPoint"",""coordinates"":[]}"
00000000000000000867_0,1615,920,266,496,386,824,1748,1926,2196,2091,"{""type"":""MultiPoint"",""coordinates"":[]}"
0000000000000000086a_0,1716,791,318,527,308,985,2795,3241,3516,3551,"{""type"":""MultiPoint"",""coordinates"":[]}"
0000000000000000086c_0,1559,748,412,566,426,1039,2585,3028,3166,3295,"{""type"":""MultiPoint"",""coordinates"":[]}"
0000000000000000086e_0,2044,1126,437,579,658,1110,1699,1918,2206,2311,"{""type"":""MultiPoint"",""coordinates"":[]}"
0000000000000000086f_0,1637,969,369,565,430,955,1710,1852,1890,2010,"{""type"":""MultiPoint"",""coordinates"":[]}"
00000000000000000872_0,1354,624,145,325,152,658,2087,2471,2186,2603,"{""type"":""MultiPoint"",""coordinates"":[]}"
00000000000000000873_0,2900,2536,552,694,814,960,1024,1094,1224,1232,"{""type"":""MultiPoint"",""coordinates"":[]}"
00000000000000000874_0,1389,630,375,552,280,711,2090,2379,2570,2498,"{""type"":""MultiPoint"",""coordinates"":[]}"
00000000000000000876_0,1340,758,290,487,351,794,1480,1585,1740,1826,"{""type"":""MultiPoint"",""coordinates"":[]}"
0000000000000000087c_0,2116,1352,999,1144,1288,1884,2595,2926,2839,3296,"{""type"":""MultiPoint"",""coordinates"":[]}"
0000000000000000087e_0,1329,657,198,397,240,654,1641,1877,1926,2059,"{""type"":""MultiPoint"",""coordinates"":[]}"
0000000000000000087f_0,2031,1020,307,615,489,1205,2393,2711,2988,3137,"{""type"":""MultiPoint"",""coordinates"":[]}"
00000000000000000881_0,1943,965,331,534,355,918,2669,3106,3292,3300,"{""type"":""MultiPoint"",""coordinates"":[]}"
00000000000000000882_0,1430,636,290,478,230,754,2482,2948,3020,3035,"{""type"":""MultiPoint"",""coordinates"":[]}"
00000000000000000883_0,1851,1101,315,429,530,995,1601,1969,2298,2099,"{""type"":""MultiPoint"",""coordinates"":[]}"
00000000000000000887_0,988,494,205,357,213,604,1608,1770,1992,1965,"{""type"":""MultiPoint"",""coordinates"":[]}"
00000000000000000888_0,2636,1777,532,727,913,1269,1615,1833,2040,2143,"{""type"":""MultiPoint"",""coordinates"":[]}"
0000000000000000088b_0,302,311,10873,11079,10705,11233,10512,9427,9265,8800,"{""type"":""MultiPoint"",""coordinates"":[]}"
0000000000000000088c_0,1490,801,214,380,324,728,1467,1667,1880,1850,"{""type"":""MultiPoint"",""coordinates"":[]}"
00000000000000000890_0,2534,1298,280,425,368,869,2005,2313,2500,2615,"{""type"":""MultiPoint"",""coordinates"":[]}"
00000000000000000891_0,1538,670,290,490,236,766,2561,2943,3252,3125,"{""type"":""MultiPoint"",""coordinates"":[]}"
00000000000000000893_0,1992,1081,413,665,501,1036,2131,2367,2458,2605,"{""type"":""MultiPoint"",""coordinates"":[]}"
00000000000000000894_0,1863,1094,607,793,838,1330,1980,2104,2328,2363,"{""type"":""MultiPoint"",""coordinates"":[]}"
00000000000000000896_0,1629,1072,2004,2122,2464,2310,2549,2811,3996,3319,"{""type"":""MultiPoint"",""coordinates"":[]}"
00000000000000000898_0,2357,1651,802,960,988,1124,1548,1675,1950,1880,"{""type"":""MultiPoint"",""coordinates"":[]}"
0000000000000000089c_0,1181,577,177,397,257,612,1464,1680,2104,1909,"{""type"":""MultiPoint"",""coordinates"":[]}"
0000000000000000089d_0,2418,1579,275,440,636,908,1203,1381,1750,1821,"{""type"":""MultiPoint"",""coordinates"":[]}"
000000000000000008a0_0,1927,943,281,459,323,783,2047,2286,2364,2480,"{""type"":""MultiPoint"",""coordinates"":[]}"
000000000000000008a3_0,2260,1091,286,601,442,1163,2576,2959,3178,3339,"{""type"":""MultiPoint"",""coordinates"":[]}"
000000000000000008a4_0,1878,869,385,639,432,1214,2723,3181,3674,3611,"{""type"":""MultiPoint"",""coordinates"":[]}"
000000000000000008a5_0,2141,1228,458,636,595,1048,1901,2135,2292,2392,"{""type"":""MultiPoint"",""coordinates"":[]}"
000000000000000008a7_0,101,118,9065,8816,8463,8580,7896,7190,7115,6579,"{""type"":""MultiPoint"",""coordinates"":[]}"
000000000000000008a9_0,1122,481,131,286,130,509,2021,2418,2634,2620,"{""type"":""MultiPoint"",""coordinates"":[]}"
000000000000000008ad_0,1459,747,285,443,263,745,2207,2631,2734,2696,"{""type"":""MultiPoint"",""coordinates"":[]}"
000000000000000008ae_0,1502,736,294,425,279,668,1728,2047,2082,2209,"{""type"":""MultiPoint"",""coordinates"":[]}"
000000000000000008b3_0,1131,492,97,270,125,500,1559,1736,1827,1873,"{""type"":""MultiPoint"",""coordinates"":[]}"
000000000000000008b5_0,1829,1004,219,469,388,958,1878,2049,2290,2285,"{""type"":""MultiPoint"",""coordinates"":[]}"
000000000000000008b8_0,1655,888,288,440,343,742,1717,1997,2286,2181,"{""type"":""MultiPoint"",""coordinates"":[]}"
000000000000000008b9_0,1723,946,195,370,290,687,1821,2078,2366,2499,"{""type"":""MultiPoint"",""coordinates"":[]}"
000000000000000008bb_0,1616,909,292,488,330,792,1593,1743,1798,1903,"{""type"":""MultiPoint"",""coordinates"":[]}"
000000000000000008be_0,1376,624,145,495,241,944,2943,3258,3393,3744,"{""type"":""MultiPoint"",""coordinates"":[]}"
000000000000000008c0_0,2085,1323,357,576,885,1290,1798,1913,2036,2149,"{""type"":""MultiPoint"",""coordinates"":[]}"
000000000000000008c2_0,470,272,94,144,146,322,551,647,752,715,"{""type"":""MultiPoint"",""coordinates"":[]}"
000000000000000008c8_0,1659,839,242,581,463,1031,1799,2005,2400,2192,"{""type"":""MultiPoint"",""coordinates"":[]}"
000000000000000008cb_0,2011,1345,365,520,560,830,1355,1522,1698,1770,"{""type"":""MultiPoint"",""coordinates"":[]}"
000000000000000008cc_0,1236,1238,9920,9768,9840,10058,9736,9358,9640,8970,"{""type"":""MultiPoint"",""coordinates"":[]}"
000000000000000008cd_0,1328,616,391,588,292,730,2298,2677,2788,2861,"{""type"":""MultiPoint"",""coordinates"":[]}"
000000000000000008cf_0,1401,717,334,601,448,1020,2152,2415,2512,2576,"{""type"":""MultiPoint"",""coordinates"":[]}"
000000000000000008d0_0,1613,885,264,479,312,807,1558,1694,1910,1874,"{""type"":""MultiPoint"",""coordinates"":[]}"
000000000000000008d5_0,5935,4453,2056,2480,2692,3075,4453,4290,4752,4661,"{""type"":""MultiPoint"",""coordinates"":[]}"
000000000000000008d8_0,1517,818,249,515,528,1071,1860,2088,2292,2372,"{""type"":""MultiPoint"",""coordinates"":[]}"
000000000000000008da_0,2369,1186,254,550,402,1140,2553,2797,2814,3161,"{""type"":""MultiPoint"",""coordinates"":[]}"
000000000000000008dd_0,1754,869,212,402,271,695,1881,2096,2106,2317,"{""type"":""MultiPoint"",""coordinates"":[]}"
000000000000000008de_0,1991,1125,320,463,479,1013,1699,1956,2296,2268,"{""type"":""MultiPoint"",""coordinates"":[]}"
000000000000000008e0_0,802,447,147,336,210,588,1221,1279,1280,1442,"{""type"":""MultiPoint"",""coordinates"":[]}"
000000000000000008e2_0,2743,1343,369,673,561,1392,2767,3119,3432,3624,"{""type"":""MultiPoint"",""coordinates"":[]}"
000000000000000008e4_0,2290,1883,505,624,820,901,1086,1157,1320,1433,"{""type"":""MultiPoint"",""coordinates"":[]}"
000000000000000008e5_0,1231,531,198,477,205,751,2249,2503,2604,2662,"{""type"":""MultiPoint"",""coordinates"":[]}"
000000000000000008e8_0,1070,439,112,322,108,585,2085,2637,2446,2752,"{""type"":""MultiPoint"",""coordinates"":[]}"
000000000000000008e9_0,2521,1315,261,527,474,1040,2140,2380,2566,2698,"{""type"":""MultiPoint"",""coordinates"":[]}"
000000000000000008ec_0,2785,1584,373,763,572,1490,3220,3558,3982,3991,"{""type"":""MultiPoint"",""coordinates"":[]}"
000000000000000008ed_0,2061,1049,271,530,507,1296,2448,2862,3162,3283,"{""type"":""MultiPoint"",""coordinates"":[]}"
000000000000000008ef_0,2050,1106,469,652,467,1086,2356,2653,2742,2916,"{""type"":""MultiPoint"",""coordinates"":[]}"
000000000000000008f1_0,1633,888,269,503,390,904,1595,1740,1932,1965,"{""type"":""MultiPoint"",""coordinates"":[]}"
000000000000000008f2_0,1739,902,243,438,278,732,1788,2105,2214,2137,"{""type"":""MultiPoint"",""coordinates"":[]}"
000000000000000008f5_0,843,459,497,808,706,2345,3878,4334,4588,4540,"{""type"":""MultiPoint"",""coordinates"":[]}"
000000000000000008f7_0,1778,1394,645,697,690,887,1148,1227,1142,1298,"{""type"":""MultiPoint"",""coordinates"":[]}"
000000000000000008f9_0,1358,629,273,481,238,766,2238,2642,3190,2752,"{""type"":""MultiPoint"",""coordinates"":[]}"
000000000000000008fb_0,1,86,2260,1354,746,389,353,306,295,123,"{""type"":""MultiPoint"",""coordinates"":[]}"
000000000000000008fc_0,705,656,4470,4399,4683,5827,5736,5737,5340,5525,"{""type"":""MultiPoint"",""coordinates"":[]}"
000000000000000008fd_0,961,559,309,399,267,589,1336,1438,1380,1600,"{""type"":""MultiPoint"",""coordinates"":[]}"
000000000000000008fe_0,3176,1814,744,944,901,1357,2076,2297,2370,2578,"{""type"":""MultiPoint"",""coordinates"":[]}"
000000000000000008ff_0,1507,796,139,356,271,673,1469,1617,1594,1735,"{""type"":""MultiPoint"",""coordinates"":[]}"
00000000000000000900_0,477,490,446,444,437,487,495,514,505,485,"{""type"":""MultiPoint"",""coordinates"":[]}"
00000000000000000901_0,1221,610,179,404,216,710,1978,2356,2476,2358,"{""type"":""MultiPoint"",""coordinates"":[]}"
00000000000000000902_0,1879,908,338,578,257,930,2820,3250,3293,3341,"{""type"":""MultiPoint"",""coordinates"":[]}"
00000000000000000903_0,2685,2146,472,598,730,903,1051,1151,1284,1340,"{""type"":""MultiPoint"",""coordinates"":[]}"
00000000000000000904_0,1988,946,348,541,381,796,2087,2393,2458,2574,"{""type"":""MultiPoint"",""coordinates"":[]}"
00000000000000000905_0,1853,965,258,503,418,873,2027,2228,2261,2550,"{""type"":""MultiPoint"",""coordinates"":[]}"
00000000000000000906_0,1884,993,264,449,313,927,2089,2331,2292,2541,"{""type"":""MultiPoint"",""coordinates"":[]}"
00000000000000000907_0,2470,1719,485,579,695,964,1235,1368,1516,1610,"{""type"":""MultiPoint"",""coordinates"":[]}"
0000000000000000090a_0,892,450,187,317,154,492,1390,1671,1676,1847,"{""type"":""MultiPoint"",""coordinates"":[]}"
0000000000000000090b_0,2791,1830,414,558,689,1194,1865,2031,2358,2205,"{""type"":""MultiPoint"",""coordinates"":[]}"
0000000000000000090c_0,1900,895,583,714,489,1098,2339,2556,2564,2819,"{""type"":""MultiPoint"",""coordinates"":[]}"
0000000000000000090e_0,1116,653,127,257,286,659,1021,1199,1290,1375,"{""type"":""MultiPoint"",""coordinates"":[]}"
0000000000000000090f_0,2297,1277,455,695,554,1279,2230,2707,3118,2996,"{""type"":""MultiPoint"",""coordinates"":[]}"
00000000000000000911_0,2326,1426,367,527,440,1027,2080,2443,2720,2673,"{""type"":""MultiPoint"",""coordinates"":[]}"
00000000000000000913_0,2625,1536,590,783,655,1290,2611,2945,2922,3148,"{""type"":""MultiPoint"",""coordinates"":[]}"
00000000000000000914_0,1320,727,194,344,261,680,1335,1452,1568,1589,"{""type"":""MultiPoint"",""coordinates"":[]}"
00000000000000000917_0,977,542,291,426,267,669,1404,1576,1742,1696,"{""type"":""MultiPoint"",""coordinates"":[]}"
00000000000000000919_0,1043,877,432,513,509,552,551,518,555,494,"{""type"":""MultiPoint"",""coordinates"":[]}"
0000000000000000091e_0,2335,1212,517,821,756,1541,2579,2878,3160,3228,"{""type"":""MultiPoint"",""coordinates"":[]}"
00000000000000000920_0,2600,1327,299,520,438,996,2176,2577,2668,2870,"{""type"":""MultiPoint"",""coordinates"":[]}"
00000000000000000921_0,1963,1046,277,611,466,1256,2200,2458,2646,2750,"{""type"":""MultiPoint"",""coordinates"":[]}"
00000000000000000923_0,3199,1550,472,841,429,1636,5065,5927,6409,6356,"{""type"":""MultiPoint"",""coordinates"":[]}"
00000000000000000924_0,2228,1285,416,632,709,1239,1878,2078,2302,2412,"{""type"":""MultiPoint"",""coordinates"":[]}"
00000000000000000925_0,2339,1748,344,466,532,863,1203,1289,1416,1532,"{""type"":""MultiPoint"",""coordinates"":[]}"
00000000000000000926_0,2310,1177,461,669,509,1123,2265,2639,2548,2864,"{""type"":""MultiPoint"",""coordinates"":[]}"
00000000000000000927_0,735,356,158,302,175,540,1443,1751,2022,1899,"{""type"":""MultiPoint"",""coordinates"":[]}"
00000000000000000929_0,1786,926,432,602,363,898,1901,2106,2230,2259,"{""type"":""MultiPoint"",""coordinates"":[]}"
0000000000000000092b_0,2233,1601,981,1166,1380,1609,1792,1849,2070,2046,"{""type"":""MultiPoint"",""coordinates"":[]}"
0000000000000000092c_0,1522,767,251,501,339,937,2263,2586,2756,3009,"{""type"":""MultiPoint"",""coordinates"":[]}"
0000000000000000092e_0,2663,2113,758,850,967,1299,1644,1780,1652,2022,"{""type"":""MultiPoint"",""coordinates"":[]}"
00000000000000000933_0,2443,2046,698,728,717,826,918,1020,1046,1118,"{""type"":""MultiPoint"",""coordinates"":[]}"
00000000000000000935_0,2243,1403,358,525,633,928,1381,1532,1724,1896,"{""type"":""MultiPoint"",""coordinates"":[]}"
0000000000000000093b_0,542,515,8952,8432,8624,8726,8207,7745,7704,7086,"{""type"":""MultiPoint"",""coordinates"":[]}"
0000000000000000093c_0,440,488,5516,5328,5244,6015,5748,5878,5192,5783,"{""type"":""MultiPoint"",""coordinates"":[]}"
0000000000000000093e_0,1915,952,244,496,374,975,2034,2328,2692,2651,"{""type"":""MultiPoint"",""coordinates"":[]}"
00000000000000000941_0,805,382,165,325,181,509,1207,1412,1484,1511,"{""type"":""MultiPoint"",""coordinates"":[]}"
00000000000000000942_0,2648,2131,846,890,873,1126,1332,1437,1548,1541,"{""type"":""MultiPoint"",""coordinates"":[]}"
00000000000000000943_0,2907,1885,488,670,963,1499,1886,2085,1848,2511,"{""type"":""MultiPoint"",""coordinates"":[]}"
00000000000000000948_0,1746,860,282,439,288,738,2036,2213,2408,2420,"{""type"":""MultiPoint"",""coordinates"":[]}"
00000000000000000949_0,1479,747,227,393,250,696,2065,2403,2762,2675,"{""type"":""MultiPoint"",""coordinates"":[]}"
0000000000000000094b_0,1052,607,139,262,161,453,1041,1112,1118,1179,"{""type"":""MultiPoint"",""coordinates"":[]}"
0000000000000000094e_0,1358,695,212,466,285,750,1735,1980,2220,2154,"{""type"":""MultiPoint"",""coordinates"":[]}"
00000000000000000950_0,2052,1361,441,694,584,1129,1844,1978,2142,2161,"{""type"":""MultiPoint"",""coordinates"":[]}"
00000000000000000953_0,2199,1112,344,744,609,1711,3362,3861,4252,4437,"{""type"":""MultiPoint"",""coordinates"":[]}"
00000000000000000955_0,2045,1072,463,703,650,1199,2342,2624,2534,2933,"{""type"":""MultiPoint"",""coordinates"":[]}"
00000000000000000956_0,1230,799,177,239,250,485,852,1020,1174,1392,"{""type"":""MultiPoint"",""coordinates"":[]}"
00000000000000000958_0,1724,1061,356,488,519,905,1412,1633,1626,1711,"{""type"":""MultiPoint"",""coordinates"":[]}"
0000000000000000095a_0,1000,467,181,353,225,544,1509,1662,2106,1944,"{""type"":""MultiPoint"",""coordinates"":[]}"
0000000000000000095c_0,2532,2354,696,835,948,966,993,1074,1260,1139,"{""type"":""MultiPoint"",""coordinates"":[]}"
0000000000000000095d_0,2264,1228,368,641,499,1063,2395,2678,2780,2878,"{""type"":""MultiPoint"",""coordinates"":[]}"
0000000000000000095e_0,1816,876,222,383,270,771,2035,2382,2476,2633,"{""type"":""MultiPoint"",""coordinates"":[]}"
00000000000000000960_0,1222,616,257,371,238,614,1590,1840,1892,1997,"{""type"":""MultiPoint"",""coordinates"":[]}"
00000000000000000963_0,1250,518,225,359,185,573,2374,3029,2883,3230,"{""type"":""MultiPoint"",""coordinates"":[]}"
0000000000000000096a_0,2042,1013,208,478,252,895,2827,3243,3498,3551,"{""type"":""MultiPoint"",""coordinates"":[]}"
0000000000000000096c_0,2567,1601,363,523,432,1044,2106,2359,2622,2582,"{""type"":""MultiPoint"",""coordinates"":[]}"
0000000000000000096d_0,1200,666,233,391,234,614,1329,1488,1612,1569,"{""type"":""MultiPoint"",""coordinates"":[]}"
0000000000000000096f_0,2906,1472,694,1054,1032,1877,3182,3486,3970,3972,"{""type"":""MultiPoint"",""coordinates"":[]}"
00000000000000000972_0,618,352,333,550,443,693,1213,1248,1290,1348,"{""type"":""MultiPoint"",""coordinates"":[]}"
00000000000000000973_0,1818,1068,292,465,490,1095,1842,2027,1866,2485,"{""type"":""MultiPoint"",""coordinates"":[]}"
00000000000000000974_0,649,619,8793,8367,8066,8032,7785,7476,7344,7077,"{""type"":""MultiPoint"",""coordinates"":[]}"
00000000000000000977_0,3031,1538,506,828,543,1494,3717,4233,4564,4496,"{""type"":""MultiPoint"",""coordinates"":[]}"
00000000000000000978_0,1492,676,189,525,181,896,3284,3783,4164,4109,"{""type"":""MultiPoint"",""coordinates"":[]}"
00000000000000000979_0,2086,1099,273,494,464,972,1997,2205,2398,2497,"{""type"":""MultiPoint"",""coordinates"":[]}"
0000000000000000097a_0,1389,783,303,539,313,925,1650,1821,1762,2024,"{""type"":""MultiPoint"",""coordinates"":[]}"
0000000000000000097c_0,5665,4859,880,1516,2004,2618,2739,2916,2802,3053,"{""type"":""MultiPoint"",""coordinates"":[]}"
0000000000000000097d_0,1335,641,347,527,357,860,2341,2720,3234,3104,"{""type"":""MultiPoint"",""coordinates"":[]}"
0000000000000000097f_0,2031,1252,541,671,812,1202,1628,1806,2046,2175,"{""type"":""MultiPoint"",""coordinates"":[]}"
00000000000000000981_0,1311,719,329,534,489,829,1796,1945,1938,2067,"{""type"":""MultiPoint"",""coordinates"":[]}"
00000000000000000982_0,1729,1432,309,405,437,664,923,1067,999,1144,"{""type"":""MultiPoint"",""coordinates"":[]}"
00000000000000000985_0,1384,618,235,453,204,749,2600,3069,3348,3248,"{""type"":""MultiPoint"",""coordinates"":[]}"
00000000000000000987_0,522,306,324,620,436,628,917,912,968,959,"{""type"":""MultiPoint"",""coordinates"":[]}"
00000000000000000989_0,1674,1101,229,346,419,713,1120,1255,1394,1444,"{""type"":""MultiPoint"",""coordinates"":[]}"
0000000000000000098a_0,1321,648,167,448,285,846,1840,2049,2146,2322,"{""type"":""MultiPoint"",""coordinates"":[]}"
0000000000000000098c_0,2017,979,367,552,517,1062,2307,2734,2950,2966,"{""type"":""MultiPoint"",""coordinates"":[]}"
0000000000000000098e_0,1400,698,309,336,325,684,1063,1166,1384,1358,"{""type"":""MultiPoint"",""coordinates"":[]}"
0000000000000000098f_0,1943,1172,265,564,445,1066,2120,2347,2422,2512,"{""type"":""MultiPoint"",""coordinates"":[]}"
00000000000000000991_0,1269,564,186,341,193,634,2062,2339,2244,2467,"{""type"":""MultiPoint"",""coordinates"":[]}"
00000000000000000994_0,1583,815,235,501,406,1142,2083,2335,2518,2456,"{""type"":""MultiPoint"",""coordinates"":[]}"
0000000000000000099c_0,1631,815,288,539,325,861,1873,2026,2136,2224,"{""type"":""MultiPoint"",""coordinates"":[]}"
0000000000000000099e_0,2713,2350,1126,1284,1432,1653,1674,1770,1716,1857,"{""type"":""MultiPoint"",""coordinates"":[]}"
0000000000000000099f_0,1676,763,175,393,241,850,2114,2518,2548,2824,"{""type"":""MultiPoint"",""coordinates"":[]}"
000000000000000009a1_0,2653,1432,495,651,578,1091,2067,2379,2334,2589,"{""type"":""MultiPoint"",""coordinates"":[]}"
000000000000000009a3_0,871,498,160,140,129,438,593,699,255,785,"{""type"":""MultiPoint"",""coordinates"":[]}"
000000000000000009a6_0,1875,929,241,473,358,1001,2126,2389,2766,2890,"{""type"":""MultiPoint"",""coordinates"":[]}"
000000000000000009a9_0,1991,995,339,566,438,915,2293,2659,2852,2865,"{""type"":""MultiPoint"",""coordinates"":[]}"
000000000000000009ab_0,2941,1696,1036,1282,1362,1854,2635,2874,3416,3353,"{""type"":""MultiPoint"",""coordinates"":[]}"
000000000000000009ac_0,1395,723,151,368,209,779,1780,2032,2056,2227,"{""type"":""MultiPoint"",""coordinates"":[]}"
000000000000000009b0_0,2142,1032,259,417,318,795,1961,2250,2430,2531,"{""type"":""MultiPoint"",""coordinates"":[]}"
000000000000000009b1_0,2255,1147,245,568,592,1365,1868,2148,2364,2581,"{""type"":""MultiPoint"",""coordinates"":[]}"
000000000000000009b4_0,1515,799,200,513,362,1107,2519,2938,3421,3246,"{""type"":""MultiPoint"",""coordinates"":[]}"
000000000000000009b6_0,2246,1524,527,819,769,1329,1970,2098,2484,2333,"{""type"":""MultiPoint"",""coordinates"":[]}"
000000000000000009b9_0,1606,739,275,505,316,814,1954,2157,2332,2341,"{""type"":""MultiPoint"",""coordinates"":[]}"
000000000000000009be_0,1951,953,304,631,441,1054,2380,2632,2578,2839,"{""type"":""MultiPoint"",""coordinates"":[]}"
000000000000000009c1_0,1199,733,181,316,335,658,1277,1383,1517,1608,"{""type"":""MultiPoint"",""coordinates"":[]}"
000000000000000009c4_0,850,390,110,227,125,420,1838,2353,2380,2463,"{""type"":""MultiPoint"",""coordinates"":[]}"
000000000000000009c6_0,1438,670,177,403,189,703,2045,2299,2482,2454,"{""type"":""MultiPoint"",""coordinates"":[]}"
000000000000000009ca_0,2493,1907,625,750,813,1088,1219,1347,1400,1514,"{""type"":""MultiPoint"",""coordinates"":[]}"
000000000000000009cb_0,1900,904,306,507,320,885,2207,2475,2532,2640,"{""type"":""MultiPoint"",""coordinates"":[]}"
000000000000000009cc_0,2190,1069,262,611,501,1314,2845,3337,3710,3716,"{""type"":""MultiPoint"",""coordinates"":[]}"
000000000000000009cd_0,269,286,2360,1904,1232,1259,1198,1129,924,972,"{""type"":""MultiPoint"",""coordinates"":[]}"
000000000000000009d1_0,1012,478,175,355,179,645,1928,2257,2371,2492,"{""type"":""MultiPoint"",""coordinates"":[]}"
000000000000000009d2_0,2061,1301,396,547,556,921,1424,1669,2106,1850,"{""type"":""MultiPoint"",""coordinates"":[]}"
000000000000000009d3_0,1998,997,280,555,411,1011,2154,2429,2670,2672,"{""type"":""MultiPoint"",""coordinates"":[]}"
000000000000000009d5_0,1292,634,130,333,264,720,1515,1730,1918,1939,"{""type"":""MultiPoint"",""coordinates"":[]}"
000000000000000009d6_0,1625,862,230,455,525,1341,2206,2517,2862,2962,"{""type"":""MultiPoint"",""coordinates"":[]}"
000000000000000009d8_0,2136,1122,329,564,500,961,1913,2151,2692,2439,"{""type"":""MultiPoint"",""coordinates"":[]}"
000000000000000009d9_0,1510,888,234,379,354,734,1510,1750,1921,2015,"{""type"":""MultiPoint"",""coordinates"":[]}"
000000000000000009da_0,1794,1270,301,434,438,858,1300,1519,1522,1605,"{""type"":""MultiPoint"",""coordinates"":[]}"
000000000000000009db_0,1234,609,513,665,417,800,1685,1878,2050,1979,"{""type"":""MultiPoint"",""coordinates"":[]}"
000000000000000009e3_0,950,503,176,385,298,685,1434,1550,1692,1713,"{""type"":""MultiPoint"",""coordinates"":[]}"
000000000000000009e4_0,3719,3077,1192,1364,1410,1663,1989,2145,2250,2421,"{""type"":""MultiPoint"",""coordinates"":[]}"
000000000000000009e7_0,2368,1310,367,529,540,1148,2141,2393,2608,2641,"{""type"":""MultiPoint"",""coordinates"":[]}"
000000000000000009e8_0,1384,666,180,504,304,872,1811,1993,2090,2118,"{""type"":""MultiPoint"",""coordinates"":[]}"
000000000000000009eb_0,1355,783,224,431,408,903,1461,1516,1660,1874,"{""type"":""MultiPoint"",""coordinates"":[]}"
000000000000000009f3_0,1114,483,241,437,212,739,2145,2457,2600,2672,"{""type"":""MultiPoint"",""coordinates"":[]}"
000000000000000009f5_0,1384,671,505,703,460,913,1889,2053,2214,2177,"{""type"":""MultiPoint"",""coordinates"":[]}"
000000000000000009f8_0,1862,1095,266,466,484,942,1576,1721,1926,2076,"{""type"":""MultiPoint"",""coordinates"":[]}"
000000000000000009fa_0,2800,1626,650,791,839,1357,2087,2292,2510,2617,"{""type"":""MultiPoint"",""coordinates"":[]}"
000000000000000009ff_0,2104,922,410,656,522,1249,2746,3234,3605,3762,"{""type"":""MultiPoint"",""coordinates"":[]}"
00000000000000000a00_0,1055,480,280,431,267,648,1778,1957,2092,2243,"{""type"":""MultiPoint"",""coordinates"":[]}"
00000000000000000a01_0,2579,1997,604,731,797,990,1176,1279,1328,1466,"{""type"":""MultiPoint"",""coordinates"":[]}"
00000000000000000a02_0,1117,894,4096,4188,4168,4299,4449,4489,4543,4562,"{""type"":""MultiPoint"",""coordinates"":[]}"
00000000000000000a03_0,2115,1835,3676,3104,3134,2251,2350,2250,2942,2437,"{""type"":""MultiPoint"",""coordinates"":[]}"
00000000000000000a05_0,1222,552,105,359,158,605,1919,2177,2460,2403,"{""type"":""MultiPoint"",""coordinates"":[]}"
00000000000000000a08_0,1169,519,177,480,170,828,2323,2718,2807,2840,"{""type"":""MultiPoint"",""coordinates"":[]}"
00000000000000000a09_0,2322,1102,290,450,328,858,2187,2507,2598,2764,"{""type"":""MultiPoint"",""coordinates"":[]}"
00000000000000000a0a_0,1437,652,159,586,319,921,2415,2702,2950,2832,"{""type"":""MultiPoint"",""coordinates"":[]}"
00000000000000000a0c_0,1138,549,116,352,196,562,1634,1790,2156,2058,"{""type"":""MultiPoint"",""coordinates"":[]}"
00000000000000000a0f_0,147,117,1846,1404,1046,990,868,851,769,734,"{""type"":""MultiPoint"",""coordinates"":[]}"
00000000000000000a11_0,1968,1258,545,689,730,1078,1582,1735,1886,1962,"{""type"":""MultiPoint"",""coordinates"":[]}"
00000000000000000a12_0,1830,985,268,501,415,899,1783,1905,2004,2102,"{""type"":""MultiPoint"",""coordinates"":[]}"
00000000000000000a17_0,1995,903,702,1066,680,1578,3548,3972,4014,4211,"{""type"":""MultiPoint"",""coordinates"":[]}"
00000000000000000a19_0,1508,776,233,365,279,724,1668,1906,1870,2145,"{""type"":""MultiPoint"",""coordinates"":[]}"
00000000000000000a1a_0,1772,1090,243,422,439,837,1465,1687,1710,1860,"{""type"":""MultiPoint"",""coordinates"":[]}"
00000000000000000a1f_0,1898,989,334,659,452,1106,1981,2293,2586,2534,"{""type"":""MultiPoint"",""coordinates"":[]}"
00000000000000000a21_0,1475,632,119,380,195,862,2408,2895,3088,3201,"{""type"":""MultiPoint"",""coordinates"":[]}"
00000000000000000a22_0,1313,658,205,415,245,698,1844,2157,2316,2337,"{""type"":""MultiPoint"",""coordinates"":[]}"
00000000000000000a24_0,2856,1670,580,812,700,1410,3153,3415,2757,3816,"{""type"":""MultiPoint"",""coordinates"":[]}"
00000000000000000a25_0,2214,1258,478,644,634,1124,1862,2087,2142,2345,"{""type"":""MultiPoint"",""coordinates"":[]}"
00000000000000000a26_0,181,237,4676,3576,2626,2367,2191,2031,1776,1806,"{""type"":""MultiPoint"",""coordinates"":[]}"
00000000000000000a27_0,1782,903,249,520,322,877,1985,2111,2376,2387,"{""type"":""MultiPoint"",""coordinates"":[]}"
00000000000000000a2a_0,1036,516,174,375,208,679,1827,2036,1950,2201,"{""type"":""MultiPoint"",""coordinates"":[]}"
00000000000000000a2c_0,2707,1986,607,830,894,1227,1757,1942,2122,2197,"{""type"":""MultiPoint"",""coordinates"":[]}"
00000000000000000a2e_0,1059,479,155,346,174,629,1956,2332,2504,2463,"{""type"":""MultiPoint"",""coordinates"":[]}"
00000000000000000a2f_0,787,415,272,384,393,684,923,1052,1065,1115,"{""type"":""MultiPoint"",""coordinates"":[]}"
00000000000000000a31_0,2357,1228,583,742,714,1338,2495,2807,2850,3105,"{""type"":""MultiPoint"",""coordinates"":[]}"
00000000000000000a32_0,639,335,139,278,204,497,1390,1676,1620,1874,"{""type"":""MultiPoint"",""coordinates"":[]}"
00000000000000000a33_0,1028,537,627,657,429,701,1454,1696,1560,1810,"{""type"":""MultiPoint"",""coordinates"":[]}"
00000000000000000a34_0,2302,1529,482,669,738,1127,1501,1670,1818,1898,"{""type"":""MultiPoint"",""coordinates"":[]}"
00000000000000000a3b_0,1386,817,486,652,479,858,1730,1892,2116,2057,"{""type"":""MultiPoint"",""coordinates"":[]}"
00000000000000000a3c_0,1071,520,297,424,236,646,1554,1806,1898,1944,"{""type"":""MultiPoint"",""coordinates"":[]}"
00000000000000000a3e_0,1281,871,4224,5036,5156,7635,7408,6896,5880,6780,"{""type"":""MultiPoint"",""coordinates"":[]}"
00000000000000000a3f_0,1014,436,131,354,145,533,2098,2473,2648,2645,"{""type"":""MultiPoint"",""coordinates"":[]}"
00000000000000000a40_0,2804,1566,621,847,714,1439,2715,3013,3178,3316,"{""type"":""MultiPoint"",""coordinates"":[]}"
00000000000000000a43_0,427,412,10263,10031,9785,9735,9202,8481,8369,7732,"{""type"":""MultiPoint"",""coordinates"":[]}"
00000000000000000a44_0,1140,667,149,312,268,649,1299,1479,1620,1710,"{""type"":""MultiPoint"",""coordinates"":[]}"
00000000000000000a46_0,1807,1124,853,1034,916,1344,1993,2132,2210,2290,"{""type"":""MultiPoint"",""coordinates"":[]}"
00000000000000000a47_0,1549,923,214,368,597,886,1150,1349,1580,1723,"{""type"":""MultiPoint"",""coordinates"":[]}"
00000000000000000a48_0,1553,831,250,460,307,818,1797,2017,2056,2156,"{""type"":""MultiPoint"",""coordinates"":[]}"
00000000000000000a49_0,1418,747,221,473,347,742,1535,1710,1886,1868,"{""type"":""MultiPoint"",""coordinates"":[]}"
00000000000000000a4e_0,1052,581,75,354,154,619,1717,1975,2012,2045,"{""type"":""MultiPoint"",""coordinates"":[]}"
00000000000000000a51_0,1168,667,173,332,575,1153,1686,1963,2447,2659,"{""type"":""MultiPoint"",""coordinates"":[]}"
00000000000000000a53_0,2040,997,1080,1194,825,1498,2884,3333,3342,3573,"{""type"":""MultiPoint"",""coordinates"":[]}"
00000000000000000a54_0,1332,604,296,532,244,830,2330,2639,2940,2720,"{""type"":""MultiPoint"",""coordinates"":[]}"
00000000000000000a55_0,1715,1145,208,453,451,782,1368,1513,1660,1701,"{""type"":""MultiPoint"",""coordinates"":[]}"
00000000000000000a56_0,1925,971,346,591,328,933,2146,2379,2490,2571,"{""type"":""MultiPoint"",""coordinates"":[]}"
00000000000000000a58_0,1339,657,280,432,268,676,1977,2055,2168,2587,"{""type"":""MultiPoint"",""coordinates"":[]}"
00000000000000000a59_0,1259,514,218,401,210,723,2234,2653,2876,2859,"{""type"":""MultiPoint"",""coordinates"":[]}"
00000000000000000a5a_0,2665,1860,474,582,724,1155,1557,1838,1957,2141,"{""type"":""MultiPoint"",""coordinates"":[]}"
00000000000000000a5c_0,1029,480,330,465,267,669,2014,2441,2624,2574,"{""type"":""MultiPoint"",""coordinates"":[]}"
00000000000000000a61_0,1116,464,156,358,126,578,2241,2642,2812,2853,"{""type"":""MultiPoint"",""coordinates"":[]}"
00000000000000000a62_0,2084,1029,203,397,310,893,1954,2196,2332,2452,"{""type"":""MultiPoint"",""coordinates"":[]}"
00000000000000000a63_0,1698,844,446,666,427,984,2135,2316,2394,2470,"{""type"":""MultiPoint"",""coordinates"":[]}"
00000000000000000a66_0,1061,561,404,691,739,1479,2653,2906,3122,3211,"{""type"":""MultiPoint"",""coordinates"":[]}"
00000000000000000a6b_0,1872,937,163,544,349,1034,1981,2192,2482,2408,"{""type"":""MultiPoint"",""coordinates"":[]}"
00000000000000000a6e_0,1632,697,265,447,225,783,3095,3840,4079,3928,"{""type"":""MultiPoint"",""coordinates"":[]}"
00000000000000000a73_0,1056,482,235,414,235,618,1769,1994,2192,2151,"{""type"":""MultiPoint"",""coordinates"":[]}"
00000000000000000a76_0,946,448,182,349,167,527,1704,1947,2038,2084,"{""type"":""MultiPoint"",""coordinates"":[]}"
00000000000000000a77_0,1516,782,359,513,380,847,1748,1983,2044,2228,"{""type"":""MultiPoint"",""coordinates"":[]}"
00000000000000000a78_0,1152,554,158,402,264,748,1505,1760,1942,1969,"{""type"":""MultiPoint"",""coordinates"":[]}"
00000000000000000a7a_0,1487,626,162,392,238,691,2120,2521,2827,2824,"{""type"":""MultiPoint"",""coordinates"":[]}"
00000000000000000a7b_0,1016,471,240,383,246,730,1810,2117,1995,2142,"{""type"":""MultiPoint"",""coordinates"":[]}"
00000000000000000a7d_0,1786,875,295,505,317,844,2707,3317,2928,3447,"{""type"":""MultiPoint"",""coordinates"":[]}"
00000000000000000a7f_0,1897,1312,122,291,284,894,1667,1944,1746,2290,"{""type"":""MultiPoint"",""coordinates"":[]}"
00000000000000000a80_0,1607,835,372,611,368,875,1903,2138,2268,2276,"{""type"":""MultiPoint"",""coordinates"":[]}"
00000000000000000a83_0,1207,609,468,758,506,1345,2982,3450,3588,3946,"{""type"":""MultiPoint"",""coordinates"":[]}"
00000000000000000a85_0,1464,675,281,572,317,906,2248,2529,2596,2690,"{""type"":""MultiPoint"",""coordinates"":[]}"
00000000000000000a8b_0,713,348,228,333,217,465,1184,1340,1980,1512,"{""type"":""MultiPoint"",""coordinates"":[]}"
00000000000000000a8c_0,2173,1785,641,749,690,976,1535,1606,1694,1755,"{""type"":""MultiPoint"",""coordinates"":[]}"
00000000000000000a8d_0,1494,701,480,610,386,775,1827,1980,1960,2115,"{""type"":""MultiPoint"",""coordinates"":[]}"
00000000000000000a90_0,2560,1291,428,746,527,1251,3110,3558,3592,4026,"{""type"":""MultiPoint"",""coordinates"":[]}"
00000000000000000a92_0,1507,805,253,486,377,783,1831,2074,2322,2280,"{""type"":""MultiPoint"",""coordinates"":[]}"
00000000000000000a93_0,1797,1024,305,561,398,829,2345,2773,2664,3003,"{""type"":""MultiPoint"",""coordinates"":[]}"
00000000000000000a98_0,1377,587,240,393,192,699,2588,3341,3042,3534,"{""type"":""MultiPoint"",""coordinates"":[]}"
00000000000000000a99_0,1748,864,235,424,305,831,1911,2162,2276,2464,"{""type"":""MultiPoint"",""coordinates"":[]}"
00000000000000000a9a_0,1451,785,226,404,360,865,1749,1843,1882,2081,"{""type"":""MultiPoint"",""coordinates"":[]}"
00000000000000000a9c_0,1786,826,227,450,256,720,2226,2656,2928,3035,"{""type"":""MultiPoint"",""coordinates"":[]}"
00000000000000000a9d_0,1023,483,259,488,307,950,2227,2605,3105,3131,"{""type"":""MultiPoint"",""coordinates"":[]}"
00000000000000000a9f_0,465,444,10760,10976,12048,11230,10178,10346,12154,10171,"{""type"":""MultiPoint"",""coordinates"":[]}"
00000000000000000aa1_0,1708,873,345,561,415,1036,2092,2374,2314,2570,"{""type"":""MultiPoint"",""coordinates"":[]}"
00000000000000000aa7_0,1169,499,244,430,218,683,2195,2508,2692,2652,"{""type"":""MultiPoint"",""coordinates"":[]}"
00000000000000000aa9_0,2107,1299,422,568,503,903,1775,2045,2032,2275,"{""type"":""MultiPoint"",""coordinates"":[]}"
00000000000000000aaa_0,1413,786,174,358,327,663,1375,1587,1743,1738,"{""type"":""MultiPoint"",""coordinates"":[]}"
00000000000000000ab1_0,2298,1141,250,485,557,1347,2369,2705,3076,3221,"{""type"":""MultiPoint"",""coordinates"":[]}"
00000000000000000ab2_0,1654,1201,229,456,433,1027,2032,2115,1869,2375,"{""type"":""MultiPoint"",""coordinates"":[]}"
00000000000000000ab3_0,2201,1622,1,111,503,770,1071,1282,1752,1622,"{""type"":""MultiPoint"",""coordinates"":[]}"
00000000000000000ab6_0,1013,577,163,271,299,678,1197,1331,1258,1455,"{""type"":""MultiPoint"",""coordinates"":[]}"
00000000000000000ab7_0,1836,957,423,603,450,983,1845,2116,2226,2413,"{""type"":""MultiPoint"",""coordinates"":[]}"
00000000000000000abf_0,662,682,7308,7176,7308,7700,7701,7575,7812,7242,"{""type"":""MultiPoint"",""coordinates"":[]}"
00000000000000000ac1_0,2215,1044,363,665,400,1158,3148,3662,3962,4031,"{""type"":""MultiPoint"",""coordinates"":[]}"
00000000000000000ac4_0,1266,605,290,507,298,740,1751,1961,1988,2087,"{""type"":""MultiPoint"",""coordinates"":[]}"
00000000000000000ac9_0,2103,1100,796,965,735,1315,2462,2699,2946,2905,"{""type"":""MultiPoint"",""coordinates"":[]}"
00000000000000000acb_0,1883,1201,257,361,477,848,1229,1354,1600,1496,"{""type"":""MultiPoint"",""coordinates"":[]}"
00000000000000000acc_0,2062,1238,318,594,514,917,1640,1770,2214,2046,"{""type"":""MultiPoint"",""coordinates"":[]}"
00000000000000000ad0_0,2084,995,324,550,422,1017,2395,2749,2968,3024,"{""type"":""MultiPoint"",""coordinates"":[]}"
00000000000000000ad3_0,2130,907,510,706,480,1011,3161,3908,4064,4247,"{""type"":""MultiPoint"",""coordinates"":[]}"
00000000000000000ad4_0,961,427,141,350,189,569,1618,1922,2242,2053,"{""type"":""MultiPoint"",""coordinates"":[]}"
00000000000000000ad7_0,1796,978,383,577,585,1096,2015,2342,2330,2815,"{""type"":""MultiPoint"",""coordinates"":[]}"
00000000000000000ad9_0,2012,1124,445,580,405,925,1891,2085,2232,2267,"{""type"":""MultiPoint"",""coordinates"":[]}"
00000000000000000adc_0,1201,590,278,409,281,652,1853,2218,2123,2431,"{""type"":""MultiPoint"",""coordinates"":[]}"
00000000000000000ae1_0,1927,1034,240,545,220,916,2851,3375,3428,3491,"{""type"":""MultiPoint"",""coordinates"":[]}"
00000000000000000ae4_0,1039,516,264,354,237,562,1523,1805,1742,1954,"{""type"":""MultiPoint"",""coordinates"":[]}"
00000000000000000ae6_0,1572,775,562,714,412,888,2025,2253,2436,2360,"{""type"":""MultiPoint"",""coordinates"":[]}"
00000000000000000ae8_0,1850,1045,282,346,665,1148,1811,2175,2380,2696,"{""type"":""MultiPoint"",""coordinates"":[]}"
00000000000000000aea_0,2767,1802,329,465,494,961,1554,1816,2242,2136,"{""type"":""MultiPoint"",""coordinates"":[]}"
00000000000000000aeb_0,1488,1033,327,417,607,902,1155,1269,1398,1419,"{""type"":""MultiPoint"",""coordinates"":[]}"
00000000000000000aec_0,1974,1584,5656,6000,6456,6388,6704,5876,6556,6845,"{""type"":""MultiPoint"",""coordinates"":[]}"
00000000000000000aee_0,1129,591,290,377,217,599,1536,1849,1792,1931,"{""type"":""MultiPoint"",""coordinates"":[]}"
00000000000000000af2_0,2495,1533,501,714,624,1167,2109,2380,2588,2535,"{""type"":""MultiPoint"",""coordinates"":[]}"
00000000000000000af3_0,1870,845,477,647,359,969,2573,2847,2866,3085,"{""type"":""MultiPoint"",""coordinates"":[]}"
00000000000000000afb_0,1792,953,613,733,456,918,1867,2017,2068,2182,"{""type"":""MultiPoint"",""coordinates"":[]}"
00000000000000000b00_0,1649,982,263,524,418,886,1861,2069,2181,2258,"{""type"":""MultiPoint"",""coordinates"":[]}"
00000000000000000b03_0,992,525,411,662,725,1852,2933,3470,3708,4043,"{""type"":""MultiPoint"",""coordinates"":[]}"
00000000000000000b05_0,2222,1072,313,610,449,1171,2463,2787,3054,3107,"{""type"":""MultiPoint"",""coordinates"":[]}"
00000000000000000b06_0,1117,600,190,363,297,645,1364,1523,1902,1700,"{""type"":""MultiPoint"",""coordinates"":[]}"
00000000000000000b08_0,1591,774,313,427,275,690,1848,2149,2092,2277,"{""type"":""MultiPoint"",""coordinates"":[]}"
00000000000000000b0b_0,359,407,9216,9184,9464,9694,9478,8894,9417,8502,"{""type"":""MultiPoint"",""coordinates"":[]}"
00000000000000000b0c_0,1106,937,10080,10135,9394,7893,7034,6972,7747,5889,"{""type"":""MultiPoint"",""coordinates"":[]}"
00000000000000000b0d_0,2063,1848,930,922,902,973,1007,1035,1026,1045,"{""type"":""MultiPoint"",""coordinates"":[]}"
00000000000000000b0f_0,4037,3341,1058,1100,1094,1216,1418,1419,1544,1676,"{""type"":""MultiPoint"",""coordinates"":[]}"
00000000000000000b10_0,1340,679,235,491,247,824,2074,2368,2438,2479,"{""type"":""MultiPoint"",""coordinates"":[]}"
00000000000000000b13_0,932,470,244,428,210,638,1828,1997,2179,2202,"{""type"":""MultiPoint"",""coordinates"":[]}"
00000000000000000b15_0,1489,643,186,412,201,764,2439,2772,2980,3005,"{""type"":""MultiPoint"",""coordinates"":[]}"
00000000000000000b17_0,1798,745,445,600,331,852,3339,4304,4500,4680,"{""type"":""MultiPoint"",""coordinates"":[]}"
00000000000000000b18_0,1649,941,402,608,593,1329,2183,2422,2830,2873,"{""type"":""MultiPoint"",""coordinates"":[]}"
00000000000000000b1b_0,1169,651,307,436,496,674,1910,2321,2073,2437,"{""type"":""MultiPoint"",""coordinates"":[]}"
00000000000000000b1d_0,1609,773,227,451,235,836,2361,2643,2444,2847,"{""type"":""MultiPoint"",""coordinates"":[]}"
00000000000000000b22_0,2194,1201,554,753,551,1018,2010,2216,2460,2432,"{""type"":""MultiPoint"",""coordinates"":[]}"
00000000000000000b23_0,1434,645,294,450,286,719,2360,2919,3018,3214,"{""type"":""MultiPoint"",""coordinates"":[]}"
00000000000000000b25_0,1014,488,250,371,233,550,1488,1838,1874,1957,"{""type"":""MultiPoint"",""coordinates"":[]}"
00000000000000000b26_0,2665,1686,351,447,556,1011,1709,1955,2118,2328,"{""type"":""MultiPoint"",""coordinates"":[]}"
00000000000000000b28_0,1070,539,136,412,219,723,1760,1868,2008,2073,"{""type"":""MultiPoint"",""coordinates"":[]}"
00000000000000000b29_0,2531,1401,457,626,659,1276,2000,2178,2282,2478,"{""type"":""MultiPoint"",""coordinates"":[]}"
00000000000000000b2a_0,1629,925,509,535,395,706,1371,1532,1688,1630,"{""type"":""MultiPoint"",""coordinates"":[]}"
00000000000000000b2c_0,1665,720,297,465,235,822,3346,4177,4336,4518,"{""type"":""MultiPoint"",""coordinates"":[]}"
00000000000000000b2d_0,1626,840,350,549,650,1385,2255,2661,3196,3372,"{""type"":""MultiPoint"",""coordinates"":[]}"
00000000000000000b2f_0,1847,1053,195,452,696,946,1318,1439,1636,1772,"{""type"":""MultiPoint"",""coordinates"":[]}"
00000000000000000b31_0,995,540,165,314,281,651,1430,1621,1658,1884,"{""type"":""MultiPoint"",""coordinates"":[]}"
00000000000000000b32_0,1976,1251,658,755,656,938,1678,1862,1916,1990,"{""type"":""MultiPoint"",""coordinates"":[]}"
00000000000000000b35_0,1042,452,233,435,209,649,2101,2642,2721,2805,"{""type"":""MultiPoint"",""coordinates"":[]}"
00000000000000000b37_0,1702,823,174,419,216,862,2224,2503,2402,2706,"{""type"":""MultiPoint"",""coordinates"":[]}"
00000000000000000b3a_0,1610,829,254,487,398,932,2012,2343,2526,2665,"{""type"":""MultiPoint"",""coordinates"":[]}"
00000000000000000b3c_0,2039,1268,411,518,630,913,1260,1420,1872,1825,"{""type"":""MultiPoint"",""coordinates"":[]}"
00000000000000000b3d_0,2210,960,303,674,254,1183,4577,5299,4444,5705,"{""type"":""MultiPoint"",""coordinates"":[]}"
00000000000000000b3e_0,1741,977,318,526,479,1020,1789,2083,2154,2328,"{""type"":""MultiPoint"",""coordinates"":[]}"
00000000000000000b3f_0,1216,553,228,431,211,663,2069,2367,2456,2563,"{""type"":""MultiPoint"",""coordinates"":[]}"
00000000000000000b42_0,1240,630,243,470,343,828,1760,1981,1980,2119,"{""type"":""MultiPoint"",""coordinates"":[]}"
00000000000000000b44_0,2911,1384,363,738,575,1919,5837,6723,8168,7253,"{""type"":""MultiPoint"",""coordinates"":[]}"
00000000000000000b45_0,1840,915,328,660,619,1550,3165,3674,3963,4096,"{""type"":""MultiPoint"",""coordinates"":[]}"
00000000000000000b47_0,1732,958,519,613,419,808,1711,1937,1870,2082,"{""type"":""MultiPoint"",""coordinates"":[]}"
00000000000000000b4b_0,2023,1097,291,434,420,1023,1931,2070,2070,2368,"{""type"":""MultiPoint"",""coordinates"":[]}"
00000000000000000b4f_0,1765,905,349,579,618,1504,2764,3238,3474,3729,"{""type"":""MultiPoint"",""coordinates"":[]}"
00000000000000000b53_0,1576,893,173,378,450,843,1277,1441,1798,1717,"{""type"":""MultiPoint"",""coordinates"":[]}"
00000000000000000b54_0,1760,1276,247,378,340,636,1161,1265,1384,1412,"{""type"":""MultiPoint"",""coordinates"":[]}"
00000000000000000b57_0,906,392,127,254,139,446,1427,1743,1768,1890,"{""type"":""MultiPoint"",""coordinates"":[]}"
00000000000000000b5b_0,681,523,4616,4644,4564,4690,4566,4266,4033,3956,"{""type"":""MultiPoint"",""coordinates"":[]}"
00000000000000000b5c_0,1583,820,175,521,284,952,2072,2274,2664,2530,"{""type"":""MultiPoint"",""coordinates"":[]}"
00000000000000000b5f_0,1084,452,264,363,171,561,2234,2747,2746,3015,"{""type"":""MultiPoint"",""coordinates"":[]}"
00000000000000000b61_0,1383,622,344,488,297,671,1961,2262,2206,2320,"{""type"":""MultiPoint"",""coordinates"":[]}"
00000000000000000b63_0,2676,1397,407,694,610,1333,2615,2994,3190,3342,"{""type"":""MultiPoint"",""coordinates"":[]}"
00000000000000000b65_0,2918,1975,610,715,803,1164,1632,1825,1920,2031,"{""type"":""MultiPoint"",""coordinates"":[]}"
00000000000000000b67_0,1168,524,119,336,140,567,2470,3050,2945,3284,"{""type"":""MultiPoint"",""coordinates"":[]}"
00000000000000000b6e_0,1994,1003,373,629,365,981,2380,2721,2706,2889,"{""type"":""MultiPoint"",""coordinates"":[]}"
00000000000000000b71_0,1283,673,230,465,234,824,2115,2400,2486,2630,"{""type"":""MultiPoint"",""coordinates"":[]}"
00000000000000000b73_0,1842,1011,301,452,738,1234,2000,2320,2834,2868,"{""type"":""MultiPoint"",""coordinates"":[]}"
00000000000000000b76_0,1538,800,263,481,348,876,1650,1826,1978,2011,"{""type"":""MultiPoint"",""coordinates"":[]}"
00000000000000000b78_0,991,629,103,327,554,863,1092,1199,1656,1779,"{""type"":""MultiPoint"",""coordinates"":[]}"
00000000000000000b79_0,1028,477,177,364,188,647,2049,2441,2427,2650,"{""type"":""MultiPoint"",""coordinates"":[]}"
00000000000000000b7b_0,1574,899,404,571,428,809,1758,1968,2277,2131,"{""type"":""MultiPoint"",""coordinates"":[]}"
00000000000000000b7e_0,1444,646,291,523,248,823,2382,2730,2942,2983,"{""type"":""MultiPoint"",""coordinates"":[]}"
00000000000000000b7f_0,61,51,128,84,51,90,118,131,129,97,"{""type"":""MultiPoint"",""coordinates"":[]}"
00000000000000000b81_0,1024,481,214,357,185,560,1752,1963,2358,2194,"{""type"":""MultiPoint"",""coordinates"":[]}"
00000000000000000b82_0,1657,884,416,556,417,1033,2169,2822,2938,3180,"{""type"":""MultiPoint"",""coordinates"":[]}"
00000000000000000b85_0,1079,514,434,552,368,723,1564,1713,1546,1851,"{""type"":""MultiPoint"",""coordinates"":[]}"
00000000000000000b86_0,1852,861,233,641,199,1078,3855,4485,4912,4576,"{""type"":""MultiPoint"",""coordinates"":[]}"
00000000000000000b8b_0,1444,801,305,458,297,677,1769,2007,1936,2050,"{""type"":""MultiPoint"",""coordinates"":[]}"
00000000000000000b8e_0,1355,691,260,427,354,710,1548,1733,1824,1907,"{""type"":""MultiPoint"",""coordinates"":[]}"
00000000000000000b93_0,1102,462,167,367,183,632,1894,2208,2544,2476,"{""type"":""MultiPoint"",""coordinates"":[]}"
00000000000000000b97_0,1591,898,381,549,439,880,1530,1774,1778,1962,"{""type"":""MultiPoint"",""coordinates"":[]}"
00000000000000000b98_0,1556,778,273,547,368,935,1802,1960,2164,2215,"{""type"":""MultiPoint"",""coordinates"":[]}"
00000000000000000b9a_0,2221,1124,472,840,757,1348,2965,3385,3869,3638,"{""type"":""MultiPoint"",""coordinates"":[]}"
00000000000000000b9c_0,2986,2157,767,864,936,1288,1687,1822,1940,2043,"{""type"":""MultiPoint"",""coordinates"":[]}"
00000000000000000b9d_0,1606,888,194,465,365,981,2276,2589,2666,2782,"{""type"":""MultiPoint"",""coordinates"":[]}"
00000000000000000ba0_0,2035,1210,371,628,412,958,2030,2194,2331,2421,"{""type"":""MultiPoint"",""coordinates"":[]}"
00000000000000000ba3_0,1436,625,304,556,280,749,3064,3776,4677,4254,"{""type"":""MultiPoint"",""coordinates"":[]}"
00000000000000000ba5_0,1449,659,207,423,228,884,1985,2219,2192,2275,"{""type"":""MultiPoint"",""coordinates"":[]}"
00000000000000000ba8_0,993,437,339,412,249,605,1779,2219,2270,2303,"{""type"":""MultiPoint"",""coordinates"":[]}"
00000000000000000baa_0,4180,1744,612,1060,605,1811,6372,7566,7968,8055,"{""type"":""MultiPoint"",""coordinates"":[]}"
00000000000000000bab_0,1455,833,393,565,458,896,1770,2130,2228,2382,"{""type"":""MultiPoint"",""coordinates"":[]}"
00000000000000000bac_0,508,419,1,95,205,900,1914,1961,2017,2314,"{""type"":""MultiPoint"",""coordinates"":[]}"
00000000000000000bad_0,2861,2352,981,1352,1526,1961,2253,2421,2266,2504,"{""type"":""MultiPoint"",""coordinates"":[]}"
00000000000000000bb0_0,882,398,152,298,139,505,1547,1736,1780,1941,"{""type"":""MultiPoint"",""coordinates"":[]}"
00000000000000000bb2_0,1642,854,357,548,427,868,1926,2264,2344,2460,"{""type"":""MultiPoint"",""coordinates"":[]}"
00000000000000000bb5_0,962,481,213,383,225,605,1537,1661,1695,1835,"{""type"":""MultiPoint"",""coordinates"":[]}"
00000000000000000bb8_0,1233,504,112,248,96,535,2787,3481,2879,3397,"{""type"":""MultiPoint"",""coordinates"":[]}"
00000000000000000bba_0,1348,627,174,381,233,736,1801,2010,1954,2126,"{""type"":""MultiPoint"",""coordinates"":[]}"
00000000000000000bbc_0,2363,1291,1322,1456,1272,1700,3017,3487,3582,3682,"{""type"":""MultiPoint"",""coordinates"":[]}"
00000000000000000bbd_0,2695,2076,702,756,819,1090,1360,1482,1628,1710,"{""type"":""MultiPoint"",""coordinates"":[]}"
00000000000000000bbf_0,1524,721,291,462,235,713,2323,2657,2962,2821,"{""type"":""MultiPoint"",""coordinates"":[]}"
00000000000000000bc0_0,847,396,118,347,223,611,1780,2127,2294,2339,"{""type"":""MultiPoint"",""coordinates"":[]}"
00000000000000000bc1_0,1175,638,213,444,301,714,1335,1507,1762,1777,"{""type"":""MultiPoint"",""coordinates"":[]}"
00000000000000000bc2_0,2098,1205,336,498,487,1002,1752,1916,2104,2156,"{""type"":""MultiPoint"",""coordinates"":[]}"
00000000000000000bc5_0,602,322,106,152,153,379,941,1116,643,1127,"{""type"":""MultiPoint"",""coordinates"":[]}"
00000000000000000bc7_0,1496,722,239,545,258,840,2271,2464,2980,2662,"{""type"":""MultiPoint"",""coordinates"":[]}"
00000000000000000bce_0,2464,1942,578,659,713,925,1307,1352,1512,1561,"{""type"":""MultiPoint"",""coordinates"":[]}"
00000000000000000bcf_0,1080,523,162,366,262,679,1569,1798,1866,1972,"{""type"":""MultiPoint"",""coordinates"":[]}"
00000000000000000bd1_0,2011,844,177,404,178,835,2848,3440,3526,3745,"{""type"":""MultiPoint"",""coordinates"":[]}"
00000000000000000bd4_0,1858,953,394,603,390,959,2206,2480,2850,2741,"{""type"":""MultiPoint"",""coordinates"":[]}"
00000000000000000bd5_0,808,735,7108,6820,6751,4612,4915,5480,6708,5284,"{""type"":""MultiPoint"",""coordinates"":[]}"
00000000000000000bd7_0,1286,687,397,499,335,642,1364,1561,1572,1675,"{""type"":""MultiPoint"",""coordinates"":[]}"
00000000000000000bda_0,1248,635,200,417,235,688,1760,2050,2198,2231,"{""type"":""MultiPoint"",""coordinates"":[]}"
00000000000000000bdb_0,2545,1586,543,727,740,1273,1918,2157,2248,2392,"{""type"":""MultiPoint"",""coordinates"":[]}"
00000000000000000bdc_0,1245,583,246,447,267,700,1755,1947,1924,2067,"{""type"":""MultiPoint"",""coordinates"":[]}"
00000000000000000bdf_0,1090,582,239,413,418,1112,1973,2400,2242,2664,"{""type"":""MultiPoint"",""coordinates"":[]}"
00000000000000000be3_0,1162,613,301,473,261,703,1526,1691,1744,1816,"{""type"":""MultiPoint"",""coordinates"":[]}"
00000000000000000beb_0,866,712,6075,5924,6048,6523,5977,5688,5392,5077,"{""type"":""MultiPoint"",""coordinates"":[]}"
00000000000000000bec_0,1091,722,244,336,401,707,1077,1348,1676,1844,"{""type"":""MultiPoint"",""coordinates"":[]}"
00000000000000000bf0_0,2161,1431,477,618,732,1166,1691,1896,2188,2177,"{""type"":""MultiPoint"",""coordinates"":[]}"
00000000000000000bf3_0,2603,1356,551,841,969,1739,2818,3103,3373,3603,"{""type"":""MultiPoint"",""coordinates"":[]}"
00000000000000000bf4_0,1410,703,190,424,292,820,1947,2226,2308,2478,"{""type"":""MultiPoint"",""coordinates"":[]}"
00000000000000000bf6_0,1848,1099,56,167,428,765,1204,1381,1844,1726,"{""type"":""MultiPoint"",""coordinates"":[]}"
00000000000000000bf7_0,956,449,235,426,324,701,1651,1980,2194,2153,"{""type"":""MultiPoint"",""coordinates"":[]}"
00000000000000000bf8_0,836,407,208,303,156,466,1285,1535,1388,1624,"{""type"":""MultiPoint"",""coordinates"":[]}"
00000000000000000bf9_0,1811,902,335,601,398,942,2425,2751,3022,2997,"{""type"":""MultiPoint"",""coordinates"":[]}"
00000000000000000bfc_0,1280,531,123,377,207,697,2373,2801,3089,3127,"{""type"":""MultiPoint"",""coordinates"":[]}"
00000000000000000c06_0,897,411,123,329,155,557,1561,1722,1760,1832,"{""type"":""MultiPoint"",""coordinates"":[]}"
00000000000000000c09_0,1719,871,269,575,282,875,2952,3657,4144,3780,"{""type"":""MultiPoint"",""coordinates"":[]}"
00000000000000000c0b_0,2885,1546,415,705,789,1431,2255,2504,2722,2911,"{""type"":""MultiPoint"",""coordinates"":[]}"
00000000000000000c0d_0,1181,1064,4264,3826,2862,2734,2771,2619,2390,2250,"{""type"":""MultiPoint"",""coordinates"":[]}"
00000000000000000c0e_0,948,484,212,324,225,591,1305,1498,1780,1686,"{""type"":""MultiPoint"",""coordinates"":[]}"
00000000000000000c12_0,1547,863,346,501,363,847,1754,1892,1946,2082,"{""type"":""MultiPoint"",""coordinates"":[]}"
00000000000000000c13_0,2028,1215,311,468,541,911,1359,1519,1694,1742,"{""type"":""MultiPoint"",""coordinates"":[]}"
00000000000000000c19_0,1647,840,372,601,469,966,1967,2336,2436,2679,"{""type"":""MultiPoint"",""coordinates"":[]}"
00000000000000000c1a_0,933,498,102,297,237,574,1054,1140,1342,1330,"{""type"":""MultiPoint"",""coordinates"":[]}"
00000000000000000c1b_0,1171,677,484,556,408,717,1524,1697,1778,1804,"{""type"":""MultiPoint"",""coordinates"":[]}"
00000000000000000c20_0,1436,576,215,402,163,689,2599,3059,2976,3291,"{""type"":""MultiPoint"",""coordinates"":[]}"
00000000000000000c22_0,1498,1176,5860,5155,5530,4658,5218,4928,5271,4806,"{""type"":""MultiPoint"",""coordinates"":[]}"
00000000000000000c23_0,1690,856,299,577,398,1001,2204,2520,2536,2808,"{""type"":""MultiPoint"",""coordinates"":[]}"
00000000000000000c26_0,854,362,44,268,138,520,1594,1816,1680,2098,"{""type"":""MultiPoint"",""coordinates"":[]}"
00000000000000000c27_0,1085,580,133,315,174,552,1485,1662,1650,1793,"{""type"":""MultiPoint"",""coordinates"":[]}"
00000000000000000c28_0,1586,863,601,730,551,1020,1973,2219,2216,2357,"{""type"":""MultiPoint"",""coordinates"":[]}"
00000000000000000c2a_0,2425,1119,501,808,462,1287,4612,5715,6000,6042,"{""type"":""MultiPoint"",""coordinates"":[]}"
00000000000000000c2b_0,2489,1253,485,798,629,1579,3014,3637,3804,4279,"{""type"":""MultiPoint"",""coordinates"":[]}"
00000000000000000c2d_0,1377,719,162,632,594,1122,1741,1957,2600,2074,"{""type"":""MultiPoint"",""coordinates"":[]}"
00000000000000000c2e_0,1704,1173,262,498,535,1141,1929,2174,2736,2380,"{""type"":""MultiPoint"",""coordinates"":[]}"
00000000000000000c2f_0,370,208,36,61,39,250,719,798,580,902,"{""type"":""MultiPoint"",""coordinates"":[]}"
00000000000000000c30_0,998,474,263,347,230,564,1506,1756,1702,1847,"{""type"":""MultiPoint"",""coordinates"":[]}"
00000000000000000c33_0,1301,530,197,332,151,573,2603,3346,3375,3545,"{""type"":""MultiPoint"",""coordinates"":[]}"
00000000000000000c35_0,1454,762,261,389,334,781,1628,1843,1970,1985,"{""type"":""MultiPoint"",""coordinates"":[]}"
00000000000000000c38_0,1065,467,170,365,182,670,2027,2363,2452,2475,"{""type"":""MultiPoint"",""coordinates"":[]}"
00000000000000000c3c_0,890,434,185,339,185,494,1226,1427,1516,1479,"{""type"":""MultiPoint"",""coordinates"":[]}"
00000000000000000c3d_0,1706,854,376,568,397,890,1700,1856,1854,2075,"{""type"":""MultiPoint"",""coordinates"":[]}"
00000000000000000c42_0,1475,674,365,553,287,822,2214,2475,2522,2598,"{""type"":""MultiPoint"",""coordinates"":[]}"
00000000000000000c44_0,2882,2663,1450,1714,1684,2187,2266,2222,1954,2271,"{""type"":""MultiPoint"",""coordinates"":[]}"
00000000000000000c45_0,2292,1199,588,885,902,1811,2935,3414,3628,3931,"{""type"":""MultiPoint"",""coordinates"":[]}"
00000000000000000c48_0,1500,767,361,695,534,1333,2730,3122,3222,3386,"{""type"":""MultiPoint"",""coordinates"":[]}"
00000000000000000c4a_0,1135,563,170,362,188,631,1542,1812,1864,1925,"{""type"":""MultiPoint"",""coordinates"":[]}"
00000000000000000c4d_0,2206,1154,576,700,616,1234,2298,2697,2854,3070,"{""type"":""MultiPoint"",""coordinates"":[]}"
00000000000000000c4e_0,2637,1564,605,742,714,1149,2130,2374,2542,2638,"{""type"":""MultiPoint"",""coordinates"":[]}"
00000000000000000c4f_0,1368,639,323,619,360,919,2371,2718,2917,2936,"{""type"":""MultiPoint"",""coordinates"":[]}"
00000000000000000c51_0,1000,676,336,404,423,659,1138,1228,1382,1385,"{""type"":""MultiPoint"",""coordinates"":[]}"
00000000000000000c52_0,1461,721,425,592,354,830,2015,2331,2406,2434,"{""type"":""MultiPoint"",""coordinates"":[]}"
00000000000000000c55_0,1128,534,160,418,211,768,2210,2889,2918,3050,"{""type"":""MultiPoint"",""coordinates"":[]}"
00000000000000000c5d_0,1876,802,371,615,294,912,3720,4734,4916,5049,"{""type"":""MultiPoint"",""coordinates"":[]}"
00000000000000000c5f_0,1149,627,227,358,328,758,1370,1399,1584,1596,"{""type"":""MultiPoint"",""coordinates"":[]}"
00000000000000000c62_0,924,443,166,264,139,473,1553,1878,1616,2039,"{""type"":""MultiPoint"",""coordinates"":[]}"
00000000000000000c65_0,1087,610,297,462,464,709,1172,1377,2142,1763,"{""type"":""MultiPoint"",""coordinates"":[]}"
00000000000000000c66_0,170,141,8665,8688,8593,8522,8290,7660,7377,6980,"{""type"":""MultiPoint"",""coordinates"":[]}"
00000000000000000c67_0,1220,599,257,383,217,635,1655,1903,1778,2002,"{""type"":""MultiPoint"",""coordinates"":[]}"
00000000000000000c6a_0,1600,767,421,684,439,1207,3179,3885,3908,4154,"{""type"":""MultiPoint"",""coordinates"":[]}"
00000000000000000c6b_0,1237,749,270,415,312,718,1384,1610,2266,2014,"{""type"":""MultiPoint"",""coordinates"":[]}"
00000000000000000c6f_0,962,509,195,438,466,1383,2389,2783,3240,3334,"{""type"":""MultiPoint"",""coordinates"":[]}"
00000000000000000c70_0,2676,2110,794,758,898,1205,1385,1533,1562,1676,"{""type"":""MultiPoint"",""coordinates"":[]}"
00000000000000000c73_0,1410,698,372,601,412,854,1667,1877,1930,2022,"{""type"":""MultiPoint"",""coordinates"":[]}"
00000000000000000c79_0,1606,825,336,536,365,910,1969,2177,2264,2341,"{""type"":""MultiPoint"",""coordinates"":[]}"
00000000000000000c7c_0,1417,740,347,592,694,1646,2736,3003,3416,3660,"{""type"":""MultiPoint"",""coordinates"":[]}"
00000000000000000c7f_0,1405,623,183,460,178,822,2831,3473,3742,3676,"{""type"":""MultiPoint"",""coordinates"":[]}"
00000000000000000c80_0,1242,724,265,395,314,656,1271,1425,1438,1572,"{""type"":""MultiPoint"",""coordinates"":[]}"
00000000000000000c83_0,1569,907,200,264,422,721,1136,1119,1120,1597,"{""type"":""MultiPoint"",""coordinates"":[]}"
00000000000000000c84_0,1698,935,376,539,452,1032,1996,2289,2414,2591,"{""type"":""MultiPoint"",""coordinates"":[]}"
00000000000000000c85_0,2527,1558,413,600,619,1112,1852,1999,2140,2268,"{""type"":""MultiPoint"",""coordinates"":[]}"
00000000000000000c87_0,1173,553,287,427,256,793,2195,2611,2576,2836,"{""type"":""MultiPoint"",""coordinates"":[]}"
00000000000000000c8c_0,1848,809,233,619,278,1195,4035,4658,4739,5193,"{""type"":""MultiPoint"",""coordinates"":[]}"
00000000000000000c8e_0,1266,543,192,387,203,621,1969,2222,2282,2364,"{""type"":""MultiPoint"",""coordinates"":[]}"
00000000000000000c91_0,747,326,119,239,115,422,1455,1742,1860,1967,"{""type"":""MultiPoint"",""coordinates"":[]}"
00000000000000000c93_0,1945,1124,601,779,608,1078,2318,2703,2806,2865,"{""type"":""MultiPoint"",""coordinates"":[]}"
00000000000000000c94_0,1990,1127,357,558,468,909,2029,2375,2610,2557,"{""type"":""MultiPoint"",""coordinates"":[]}"
00000000000000000c95_0,1437,760,283,589,358,951,1955,2134,2122,2336,"{""type"":""MultiPoint"",""coordinates"":[]}"
00000000000000000c96_0,1294,587,520,649,408,902,2079,2372,2316,2508,"{""type"":""MultiPoint"",""coordinates"":[]}"
00000000000000000c9e_0,1788,992,346,536,462,954,1692,1922,1906,2177,"{""type"":""MultiPoint"",""coordinates"":[]}"
00000000000000000ca1_0,1214,680,328,574,424,1069,2121,2347,2597,2581,"{""type"":""MultiPoint"",""coordinates"":[]}"
00000000000000000ca2_0,2701,1910,555,710,670,1121,1904,2097,2416,2288,"{""type"":""MultiPoint"",""coordinates"":[]}"
00000000000000000ca6_0,1179,518,160,339,145,609,2117,2443,2767,2681,"{""type"":""MultiPoint"",""coordinates"":[]}"
00000000000000000ca9_0,885,455,237,338,226,472,1171,1409,1632,1597,"{""type"":""MultiPoint"",""coordinates"":[]}"
00000000000000000cae_0,1245,512,181,395,179,626,2673,3267,3198,3419,"{""type"":""MultiPoint"",""coordinates"":[]}"
00000000000000000cb0_0,1534,734,169,367,201,616,1758,2025,2110,2214,"{""type"":""MultiPoint"",""coordinates"":[]}"
00000000000000000cb7_0,2434,1829,386,511,583,847,1162,1281,1368,1446,"{""type"":""MultiPoint"",""coordinates"":[]}"
00000000000000000cbb_0,1322,574,207,421,231,777,2385,2910,3200,3066,"{""type"":""MultiPoint"",""coordinates"":[]}"
00000000000000000cbc_0,2070,1359,391,519,529,942,1673,1824,1536,1994,"{""type"":""MultiPoint"",""coordinates"":[]}"
00000000000000000cc3_0,1263,539,258,417,207,602,2323,2902,2983,3125,"{""type"":""MultiPoint"",""coordinates"":[]}"
00000000000000000cc4_0,1375,813,232,339,387,759,1038,1337,1520,1752,"{""type"":""MultiPoint"",""coordinates"":[]}"
00000000000000000cca_0,2206,1273,342,623,470,1045,1992,2171,2378,2375,"{""type"":""MultiPoint"",""coordinates"":[]}"
00000000000000000ccc_0,1124,487,147,518,234,945,2395,2595,3260,2807,"{""type"":""MultiPoint"",""coordinates"":[]}"
00000000000000000ccd_0,1261,532,224,406,212,658,2067,2383,2338,2550,"{""type"":""MultiPoint"",""coordinates"":[]}"
00000000000000000cd0_0,1650,666,367,472,253,666,3063,3989,4064,4231,"{""type"":""MultiPoint"",""coordinates"":[]}"
00000000000000000cd4_0,231,198,10104,10056,9744,9632,8993,8114,8224,7469,"{""type"":""MultiPoint"",""coordinates"":[]}"
00000000000000000cd5_0,1378,665,124,415,252,782,2452,2866,2778,2993,"{""type"":""MultiPoint"",""coordinates"":[]}"
00000000000000000cd8_0,1689,802,259,523,314,782,3210,3834,3731,4103,"{""type"":""MultiPoint"",""coordinates"":[]}"
00000000000000000cda_0,1504,1016,558,666,615,919,1418,1553,1706,1659,"{""type"":""MultiPoint"",""coordinates"":[]}"
00000000000000000cdc_0,1382,597,134,383,238,830,2261,2584,2784,3009,"{""type"":""MultiPoint"",""coordinates"":[]}"
00000000000000000cde_0,2209,1293,385,533,488,884,2043,2284,2374,2537,"{""type"":""MultiPoint"",""coordinates"":[]}"
00000000000000000ce0_0,1184,572,220,409,262,773,1936,2207,2504,2458,"{""type"":""MultiPoint"",""coordinates"":[]}"
00000000000000000ce5_0,1079,496,286,442,210,682,2360,2491,2780,2797,"{""type"":""MultiPoint"",""coordinates"":[]}"
00000000000000000ce7_0,1277,750,390,471,401,684,1406,1591,1624,1672,"{""type"":""MultiPoint"",""coordinates"":[]}"
00000000000000000cea_0,1347,688,310,529,353,854,1968,2323,2307,2495,"{""type"":""MultiPoint"",""coordinates"":[]}"
00000000000000000ced_0,2288,1111,230,580,455,1136,2700,3141,3250,3591,"{""type"":""MultiPoint"",""coordinates"":[]}"
00000000000000000cef_0,1524,674,372,514,307,776,2488,2893,2796,3140,"{""type"":""MultiPoint"",""coordinates"":[]}"
00000000000000000cf3_0,2514,1723,756,1124,1306,1432,1866,1987,2052,2185,"{""type"":""MultiPoint"",""coordinates"":[]}"
00000000000000000cf7_0,1953,894,281,595,242,1020,3597,4382,4705,4534,"{""type"":""MultiPoint"",""coordinates"":[]}"
00000000000000000cfb_0,2019,1182,373,573,452,994,1868,2105,2332,2277,"{""type"":""MultiPoint"",""coordinates"":[]}"
00000000000000000cfc_0,1337,642,214,492,228,719,2072,2320,2540,2440,"{""type"":""MultiPoint"",""coordinates"":[]}"
00000000000000000cff_0,1171,491,157,333,114,560,2403,3029,3564,3157,"{""type"":""MultiPoint"",""coordinates"":[]}"
00000000000000000d00_0,1013,677,3100,3198,3342,3189,3596,3494,4212,3615,"{""type"":""MultiPoint"",""coordinates"":[]}"
00000000000000000d04_0,900,432,344,445,283,563,1348,1657,1779,1729,"{""type"":""MultiPoint"",""coordinates"":[]}"
00000000000000000d07_0,1345,657,354,538,276,978,2504,3012,2142,3129,"{""type"":""MultiPoint"",""coordinates"":[]}"
00000000000000000d0c_0,1439,647,289,467,234,703,2159,2625,2866,2813,"{""type"":""MultiPoint"",""coordinates"":[]}"
00000000000000000d10_0,1996,1009,214,519,330,955,2136,2419,2564,2643,"{""type"":""MultiPoint"",""coordinates"":[]}"
00000000000000000d17_0,581,265,104,211,146,280,1109,1468,1932,1579,"{""type"":""MultiPoint"",""coordinates"":[]}"
00000000000000000d1c_0,1437,611,205,371,179,556,2497,3110,3262,3319,"{""type"":""MultiPoint"",""coordinates"":[]}"
00000000000000000d1d_0,1773,955,477,733,621,1040,2001,2391,2734,2653,"{""type"":""MultiPoint"",""coordinates"":[]}"
00000000000000000d23_0,2855,2118,1366,1590,1546,2083,3093,3144,3284,3518,"{""type"":""MultiPoint"",""coordinates"":[]}"
00000000000000000d25_0,913,448,264,399,212,614,1407,1602,1588,1742,"{""type"":""MultiPoint"",""coordinates"":[]}"
00000000000000000d26_0,1223,575,279,473,270,679,1936,2175,2290,2335,"{""type"":""MultiPoint"",""coordinates"":[]}"
00000000000000000d2d_0,989,499,288,351,231,743,1402,1613,1968,1903,"{""type"":""MultiPoint"",""coordinates"":[]}"
00000000000000000d2e_0,1514,605,285,521,246,768,2999,3653,3604,3913,"{""type"":""MultiPoint"",""coordinates"":[]}"
00000000000000000d32_0,1372,758,178,376,306,638,1453,1630,1626,1725,"{""type"":""MultiPoint"",""coordinates"":[]}"
00000000000000000d33_0,1559,714,243,367,228,650,2152,2438,2446,2642,"{""type"":""MultiPoint"",""coordinates"":[]}"
00000000000000000d37_0,1270,744,228,309,275,743,1335,1573,1270,1667,"{""type"":""MultiPoint"",""coordinates"":[]}"
00000000000000000d39_0,1058,438,230,389,245,609,1903,2385,2436,2483,"{""type"":""MultiPoint"",""coordinates"":[]}"
00000000000000000d3a_0,1076,554,175,371,195,609,1636,1841,1843,2024,"{""type"":""MultiPoint"",""coordinates"":[]}"
00000000000000000d3b_0,1115,535,219,403,247,661,1893,2152,2146,2273,"{""type"":""MultiPoint"",""coordinates"":[]}"
00000000000000000d3e_0,1149,578,230,433,280,663,1747,1907,2270,2101,"{""type"":""MultiPoint"",""coordinates"":[]}"
00000000000000000d40_0,843,423,270,359,249,607,1346,1489,1334,1773,"{""type"":""MultiPoint"",""coordinates"":[]}"
00000000000000000d41_0,2311,1090,243,614,355,1277,3748,4389,4712,4972,"{""type"":""MultiPoint"",""coordinates"":[]}"
00000000000000000d47_0,2255,1599,425,572,631,961,1356,1463,1512,1648,"{""type"":""MultiPoint"",""coordinates"":[]}"
00000000000000000d48_0,1374,594,183,372,187,632,2240,2606,2508,2765,"{""type"":""MultiPoint"",""coordinates"":[]}"
00000000000000000d4b_0,2073,975,364,700,360,1170,3341,3855,4333,4277,"{""type"":""MultiPoint"",""coordinates"":[]}"
00000000000000000d50_0,1118,521,316,466,274,625,1658,1972,2124,2119,"{""type"":""MultiPoint"",""coordinates"":[]}"
00000000000000000d55_0,1964,1008,181,424,320,877,1745,2063,2186,2348,"{""type"":""MultiPoint"",""coordinates"":[]}"
00000000000000000d58_0,1695,1007,308,482,561,1003,1621,1875,2160,2182,"{""type"":""MultiPoint"",""coordinates"":[]}"
00000000000000000d5a_0,1133,517,109,368,248,833,1897,2022,2418,2356,"{""type"":""MultiPoint"",""coordinates"":[]}"
00000000000000000d5c_0,1464,782,193,359,205,630,2206,2712,2784,2819,"{""type"":""MultiPoint"",""coordinates"":[]}"
00000000000000000d62_0,1816,956,612,747,608,1020,1934,2152,2314,2349,"{""type"":""MultiPoint"",""coordinates"":[]}"
00000000000000000d68_0,796,421,203,311,186,489,1249,1470,1637,1614,"{""type"":""MultiPoint"",""coordinates"":[]}"
00000000000000000d69_0,1767,1023,235,495,361,910,1872,2065,2190,2250,"{""type"":""MultiPoint"",""coordinates"":[]}"
00000000000000000d6a_0,2265,1248,497,665,515,1078,2076,2289,2392,2566,"{""type"":""MultiPoint"",""coordinates"":[]}"
00000000000000000d6d_0,1360,578,291,440,266,599,2203,2897,3232,3267,"{""type"":""MultiPoint"",""coordinates"":[]}"
00000000000000000d6e_0,2458,1399,340,538,441,1064,2152,2420,2640,2671,"{""type"":""MultiPoint"",""coordinates"":[]}"
00000000000000000d72_0,887,410,338,482,266,579,1655,2008,2033,2030,"{""type"":""MultiPoint"",""coordinates"":[]}"
00000000000000000d75_0,1031,555,278,401,266,580,1588,1834,1996,1985,"{""type"":""MultiPoint"",""coordinates"":[]}"
00000000000000000d77_0,1774,939,444,706,486,1017,2172,2445,2454,2648,"{""type"":""MultiPoint"",""coordinates"":[]}"
00000000000000000d7d_0,841,438,164,309,272,500,1269,1621,1576,1741,"{""type"":""MultiPoint"",""coordinates"":[]}"
00000000000000000d7e_0,1316,619,154,379,154,671,2430,2935,3344,3067,"{""type"":""MultiPoint"",""coordinates"":[]}"
00000000000000000d82_0,1060,474,330,422,258,654,1923,2222,2415,2333,"{""type"":""MultiPoint"",""coordinates"":[]}"
00000000000000000d86_0,473,261,185,210,129,331,843,992,1094,1114,"{""type"":""MultiPoint"",""coordinates"":[]}"
00000000000000000d87_0,1386,528,255,362,214,640,2625,3242,3068,3486,"{""type"":""MultiPoint"",""coordinates"":[]}"
00000000000000000d8b_0,1174,606,174,324,458,1120,2091,2380,3008,2642,"{""type"":""MultiPoint"",""coordinates"":[]}"
00000000000000000d8c_0,1458,788,436,577,434,900,1813,1980,2004,2109,"{""type"":""MultiPoint"",""coordinates"":[]}"
00000000000000000d8f_0,1293,542,163,295,190,676,1824,2201,2178,2540,"{""type"":""MultiPoint"",""coordinates"":[]}"
00000000000000000d97_0,896,401,95,268,129,481,1779,2184,2192,2488,"{""type"":""MultiPoint"",""coordinates"":[]}"
00000000000000000d99_0,1367,653,143,327,189,649,2005,2292,2194,2528,"{""type"":""MultiPoint"",""coordinates"":[]}"
00000000000000000d9c_0,1275,600,334,473,307,694,1903,2119,2212,2372,"{""type"":""MultiPoint"",""coordinates"":[]}"
00000000000000000d9f_0,728,447,247,527,597,1398,1997,2320,2430,2624,"{""type"":""MultiPoint"",""coordinates"":[]}"
00000000000000000da0_0,2689,1994,686,851,922,1245,1626,1804,1896,1972,"{""type"":""MultiPoint"",""coordinates"":[]}"
00000000000000000da1_0,1374,646,210,533,567,1052,1662,1845,2104,2171,"{""type"":""MultiPoint"",""coordinates"":[]}"
00000000000000000da4_0,1872,866,296,551,292,870,2751,3280,3340,3435,"{""type"":""MultiPoint"",""coordinates"":[]}"
00000000000000000da8_0,1084,685,383,484,465,733,1098,1233,1402,1363,"{""type"":""MultiPoint"",""coordinates"":[]}"
00000000000000000da9_0,1008,491,457,519,352,671,1664,1879,1988,2011,"{""type"":""MultiPoint"",""coordinates"":[]}"
00000000000000000dac_0,1284,552,159,372,164,660,2413,2794,3044,2916,"{""type"":""MultiPoint"",""coordinates"":[]}"
00000000000000000dad_0,1216,664,246,428,339,920,1653,1928,2036,2092,"{""type"":""MultiPoint"",""coordinates"":[]}"
00000000000000000db1_0,1318,635,342,494,282,723,2265,2715,2910,2956,"{""type"":""MultiPoint"",""coordinates"":[]}"
00000000000000000db2_0,2923,1646,425,603,599,1036,1842,2099,2330,2382,"{""type"":""MultiPoint"",""coordinates"":[]}"
00000000000000000db5_0,1854,928,356,597,392,1090,2338,2618,2685,2859,"{""type"":""MultiPoint"",""coordinates"":[]}"
00000000000000000db9_0,774,350,210,304,169,393,1285,1551,1870,1689,"{""type"":""MultiPoint"",""coordinates"":[]}"
00000000000000000dbe_0,1622,728,267,534,236,856,3001,3552,3861,3737,"{""type"":""MultiPoint"",""coordinates"":[]}"
00000000000000000dc1_0,1945,877,213,460,224,951,3228,3856,3955,4303,"{""type"":""MultiPoint"",""coordinates"":[]}"
00000000000000000dc3_0,1829,1019,572,859,750,1352,2439,2622,2798,2835,"{""type"":""MultiPoint"",""coordinates"":[]}"
00000000000000000dc9_0,2316,1212,452,724,576,1054,2816,3292,3318,3681,"{""type"":""MultiPoint"",""coordinates"":[]}"
00000000000000000dcb_0,1581,915,303,517,419,832,1551,1713,1874,1906,"{""type"":""MultiPoint"",""coordinates"":[]}"
00000000000000000dd0_0,1673,821,463,688,489,1000,2096,2377,2382,2498,"{""type"":""MultiPoint"",""coordinates"":[]}"
00000000000000000dd6_0,964,403,246,319,188,545,1822,2380,2600,2602,"{""type"":""MultiPoint"",""coordinates"":[]}"
00000000000000000dd7_0,1313,637,171,345,181,597,2062,2572,2666,2678,"{""type"":""MultiPoint"",""coordinates"":[]}"
00000000000000000ddb_0,1188,503,367,494,284,645,2302,3000,3168,3178,"{""type"":""MultiPoint"",""coordinates"":[]}"
00000000000000000de0_0,1035,466,390,481,263,609,1885,2299,2463,2406,"{""type"":""MultiPoint"",""coordinates"":[]}"
00000000000000000de4_0,1286,657,297,455,315,742,1524,1721,1824,1871,"{""type"":""MultiPoint"",""coordinates"":[]}"
00000000000000000de8_0,2070,1001,342,644,441,1105,2388,2714,2806,3031,"{""type"":""MultiPoint"",""coordinates"":[]}"
00000000000000000dea_0,1734,884,310,494,366,922,1990,2237,2448,2528,"{""type"":""MultiPoint"",""coordinates"":[]}"
00000000000000000dec_0,1120,559,196,351,202,595,1827,2156,2096,2276,"{""type"":""MultiPoint"",""coordinates"":[]}"
00000000000000000df2_0,1346,620,361,554,290,720,2014,2278,2471,2466,"{""type"":""MultiPoint"",""coordinates"":[]}"
00000000000000000df8_0,1279,535,254,330,166,525,2348,3021,3010,3203,"{""type"":""MultiPoint"",""coordinates"":[]}"
00000000000000000dfa_0,2876,2631,1162,1290,1360,1455,1551,1638,1730,1798,"{""type"":""MultiPoint"",""coordinates"":[]}"
00000000000000000dfd_0,984,433,176,338,185,544,1949,2353,2334,2545,"{""type"":""MultiPoint"",""coordinates"":[]}"
00000000000000000dfe_0,2815,1946,805,893,858,1287,1938,2116,2328,2344,"{""type"":""MultiPoint"",""coordinates"":[]}"
00000000000000000e00_0,2175,1396,561,855,1076,1405,1818,2094,2208,2384,"{""type"":""MultiPoint"",""coordinates"":[]}"
00000000000000000e01_0,1411,647,296,498,285,758,2333,2808,3078,3004,"{""type"":""MultiPoint"",""coordinates"":[]}"
00000000000000000e02_0,1508,682,273,498,258,814,2492,2935,2940,3193,"{""type"":""MultiPoint"",""coordinates"":[]}"
00000000000000000e05_0,975,396,147,244,139,382,1555,1913,2118,2218,"{""type"":""MultiPoint"",""coordinates"":[]}"
00000000000000000e06_0,2340,1369,543,797,808,1458,2407,2677,2670,2902,"{""type"":""MultiPoint"",""coordinates"":[]}"
00000000000000000e07_0,1544,822,228,462,267,747,2022,2248,2618,2390,"{""type"":""MultiPoint"",""coordinates"":[]}"
00000000000000000e0a_0,1967,1043,409,692,638,1439,2640,3064,3220,3542,"{""type"":""MultiPoint"",""coordinates"":[]}"
00000000000000000e0c_0,2214,1027,264,628,235,1119,4514,5678,5948,5880,"{""type"":""MultiPoint"",""coordinates"":[]}"
00000000000000000e0d_0,1623,730,216,448,169,758,3035,3796,3770,3802,"{""type"":""MultiPoint"",""coordinates"":[]}"
00000000000000000e0e_0,1385,626,194,397,171,670,2373,2774,3111,2932,"{""type"":""MultiPoint"",""coordinates"":[]}"
00000000000000000e0f_0,1667,1009,415,604,543,936,1850,2071,2242,2260,"{""type"":""MultiPoint"",""coordinates"":[]}"
00000000000000000e12_0,1513,619,258,479,205,763,3200,4067,4312,4384,"{""type"":""MultiPoint"",""coordinates"":[]}"
00000000000000000e17_0,1505,659,214,378,215,723,2002,2466,2586,2684,"{""type"":""MultiPoint"",""coordinates"":[]}"
00000000000000000e1b_0,990,508,154,278,194,472,1273,1480,1592,1660,"{""type"":""MultiPoint"",""coordinates"":[]}"
00000000000000000e1c_0,1427,667,319,503,241,812,2437,2791,2822,2983,"{""type"":""MultiPoint"",""coordinates"":[]}"
00000000000000000e22_0,1965,1077,350,506,395,849,2081,2480,2708,2861,"{""type"":""MultiPoint"",""coordinates"":[]}"
00000000000000000e24_0,1366,574,319,453,222,705,2739,3350,3340,3526,"{""type"":""MultiPoint"",""coordinates"":[]}"
00000000000000000e27_0,1241,523,148,295,149,613,2718,3282,2990,3370,"{""type"":""MultiPoint"",""coordinates"":[]}"
00000000000000000e29_0,1630,791,263,555,255,956,2346,2700,2810,2890,"{""type"":""MultiPoint"",""coordinates"":[]}"
00000000000000000e31_0,2305,1906,607,750,833,1087,1313,1384,1538,1549,"{""type"":""MultiPoint"",""coordinates"":[]}"
00000000000000000e34_0,1123,491,208,424,231,559,2166,2449,2922,2728,"{""type"":""MultiPoint"",""coordinates"":[]}"
00000000000000000e35_0,1853,927,272,445,340,737,2360,2755,2724,2927,"{""type"":""MultiPoint"",""coordinates"":[]}"
00000000000000000e39_0,1249,726,257,402,296,625,1385,1544,1560,1647,"{""type"":""MultiPoint"",""coordinates"":[]}"
00000000000000000e3e_0,1856,1095,600,713,557,990,2252,2643,2714,2812,"{""type"":""MultiPoint"",""coordinates"":[]}"
00000000000000000e43_0,1892,859,379,705,289,1096,3114,3524,3687,3683,"{""type"":""MultiPoint"",""coordinates"":[]}"
00000000000000000e46_0,1153,530,198,328,175,606,2208,2686,2552,2871,"{""type"":""MultiPoint"",""coordinates"":[]}"
00000000000000000e51_0,1011,544,183,309,276,590,1329,1548,1860,1830,"{""type"":""MultiPoint"",""coordinates"":[]}"
00000000000000000e53_0,1798,1488,645,706,700,837,1091,1270,1146,1386,"{""type"":""MultiPoint"",""coordinates"":[]}"
00000000000000000e59_0,1527,692,290,495,302,881,2597,3104,3166,3442,"{""type"":""MultiPoint"",""coordinates"":[]}"
00000000000000000e5a_0,2695,1835,642,888,811,1373,2357,2612,2964,2883,"{""type"":""MultiPoint"",""coordinates"":[]}"
00000000000000000e5b_0,1004,416,122,437,224,611,1833,2219,2664,2381,"{""type"":""MultiPoint"",""coordinates"":[]}"
00000000000000000e5f_0,1641,937,325,538,514,1071,1988,2253,2402,2547,"{""type"":""MultiPoint"",""coordinates"":[]}"
00000000000000000e60_0,1585,839,340,514,316,705,1789,2072,2144,2176,"{""type"":""MultiPoint"",""coordinates"":[]}"
00000000000000000e63_0,1241,601,223,410,299,745,1694,1935,2076,2163,"{""type"":""MultiPoint"",""coordinates"":[]}"
00000000000000000e66_0,1706,699,262,448,225,770,3337,4241,4072,4376,"{""type"":""MultiPoint"",""coordinates"":[]}"
00000000000000000e67_0,1882,920,216,478,237,929,2624,3152,3366,3345,"{""type"":""MultiPoint"",""coordinates"":[]}"
00000000000000000e68_0,1336,677,299,505,318,838,1909,2114,2256,2301,"{""type"":""MultiPoint"",""coordinates"":[]}"
00000000000000000e6b_0,1006,430,179,299,158,446,1876,2503,2742,2690,"{""type"":""MultiPoint"",""coordinates"":[]}"
00000000000000000e73_0,1755,801,317,619,369,927,2924,3411,3716,3908,"{""type"":""MultiPoint"",""coordinates"":[]}"
00000000000000000e74_0,1567,796,393,562,407,903,1881,2146,2126,2346,"{""type"":""MultiPoint"",""coordinates"":[]}"
00000000000000000e78_0,1578,721,353,551,354,948,2425,2796,2924,3000,"{""type"":""MultiPoint"",""coordinates"":[]}"
00000000000000000e7a_0,1724,835,99,544,486,1083,1723,1959,2720,2284,"{""type"":""MultiPoint"",""coordinates"":[]}"
00000000000000000e82_0,1504,666,267,491,224,745,2347,2644,2562,2841,"{""type"":""MultiPoint"",""coordinates"":[]}"
00000000000000000e85_0,1710,736,331,576,277,888,3323,3893,3960,4168,"{""type"":""MultiPoint"",""coordinates"":[]}"
00000000000000000e88_0,1313,540,213,372,182,551,2228,2818,3064,2920,"{""type"":""MultiPoint"",""coordinates"":[]}"
00000000000000000e89_0,1199,792,391,462,611,927,1147,1282,1498,1578,"{""type"":""MultiPoint"",""coordinates"":[]}"
00000000000000000e8d_0,1537,616,319,451,296,702,2552,3176,3258,3408,"{""type"":""MultiPoint"",""coordinates"":[]}"
00000000000000000e92_0,1423,739,415,559,481,816,2390,2601,1913,2667,"{""type"":""MultiPoint"",""coordinates"":[]}"
00000000000000000e95_0,1925,1369,366,472,536,969,2191,2193,1750,2477,"{""type"":""MultiPoint"",""coordinates"":[]}"
00000000000000000e9a_0,1942,944,476,745,443,1171,3152,3710,3807,4066,"{""type"":""MultiPoint"",""coordinates"":[]}"
00000000000000000e9b_0,1896,1120,549,647,604,965,1634,1759,1760,2009,"{""type"":""MultiPoint"",""coordinates"":[]}"
00000000000000000e9c_0,1360,568,275,451,218,699,2591,3179,3310,3443,"{""type"":""MultiPoint"",""coordinates"":[]}"
00000000000000000e9d_0,1679,708,258,482,211,738,3197,3932,4076,4169,"{""type"":""MultiPoint"",""coordinates"":[]}"
00000000000000000e9f_0,955,440,190,312,157,483,1594,1998,1775,2016,"{""type"":""MultiPoint"",""coordinates"":[]}"
00000000000000000ea7_0,710,365,121,143,133,355,833,993,811,1057,"{""type"":""MultiPoint"",""coordinates"":[]}"
00000000000000000eaa_0,1446,704,401,620,359,940,2442,2890,3248,3167,"{""type"":""MultiPoint"",""coordinates"":[]}"
00000000000000000eab_0,1572,923,231,352,275,623,1367,1529,1340,1676,"{""type"":""MultiPoint"",""coordinates"":[]}"
00000000000000000eac_0,2128,1219,496,764,769,1011,2142,2461,2446,2666,"{""type"":""MultiPoint"",""coordinates"":[]}"
00000000000000000eaf_0,2288,1148,447,706,494,1129,2706,3188,3282,3546,"{""type"":""MultiPoint"",""coordinates"":[]}"
00000000000000000eb2_0,491,268,98,202,108,344,995,1204,1360,1340,"{""type"":""MultiPoint"",""coordinates"":[]}"
00000000000000000eb7_0,209,141,495,421,342,641,1712,1968,2331,2259,"{""type"":""MultiPoint"",""coordinates"":[]}"
00000000000000000eb8_0,1504,828,208,349,454,1066,1839,2096,2236,2412,"{""type"":""MultiPoint"",""coordinates"":[]}"
00000000000000000ebc_0,1531,795,327,582,508,1349,2555,2984,3270,3570,"{""type"":""MultiPoint"",""coordinates"":[]}"
00000000000000000ebf_0,1717,881,364,677,424,1157,2849,3298,3379,3559,"{""type"":""MultiPoint"",""coordinates"":[]}"
00000000000000000ec0_0,1625,811,347,578,350,982,2254,2546,2700,2756,"{""type"":""MultiPoint"",""coordinates"":[]}"
00000000000000000ec1_0,2039,1097,381,603,361,929,2164,2478,2708,2697,"{""type"":""MultiPoint"",""coordinates"":[]}"
00000000000000000ec7_0,1741,885,310,584,411,1069,2835,3417,3706,3837,"{""type"":""MultiPoint"",""coordinates"":[]}"
00000000000000000ec8_0,682,335,129,198,155,307,679,891,1050,964,"{""type"":""MultiPoint"",""coordinates"":[]}"
00000000000000000ec9_0,2746,1862,608,901,1344,1646,1915,2149,2502,2632,"{""type"":""MultiPoint"",""coordinates"":[]}"
00000000000000000ecc_0,2043,957,330,715,359,1270,3832,4575,4780,4923,"{""type"":""MultiPoint"",""coordinates"":[]}"
00000000000000000ece_0,1592,894,168,248,351,783,1330,1535,1682,1765,"{""type"":""MultiPoint"",""coordinates"":[]}"
00000000000000000ed1_0,2154,938,303,542,302,946,3383,4156,3852,4387,"{""type"":""MultiPoint"",""coordinates"":[]}"
00000000000000000ed3_0,1810,779,189,479,204,932,2911,3520,3236,3626,"{""type"":""MultiPoint"",""coordinates"":[]}"
00000000000000000ed9_0,1371,571,188,363,205,606,2026,2328,2702,2862,"{""type"":""MultiPoint"",""coordinates"":[]}"
00000000000000000ede_0,1049,489,311,411,215,620,1750,1995,2094,2131,"{""type"":""MultiPoint"",""coordinates"":[]}"
00000000000000000ee1_0,738,377,94,246,223,490,1267,1522,1526,1616,"{""type"":""MultiPoint"",""coordinates"":[]}"
00000000000000000ee2_0,1242,596,154,343,142,744,2446,2789,2518,2902,"{""type"":""MultiPoint"",""coordinates"":[]}"
00000000000000000ee6_0,1381,599,258,425,236,647,2584,3199,3373,3381,"{""type"":""MultiPoint"",""coordinates"":[]}"
00000000000000000ee7_0,1811,984,481,654,547,1065,2062,2400,2586,2660,"{""type"":""MultiPoint"",""coordinates"":[]}"
00000000000000000ee9_0,2253,1199,482,681,460,955,3292,4360,4560,4650,"{""type"":""MultiPoint"",""coordinates"":[]}"
00000000000000000eeb_0,1627,671,162,365,180,642,2675,3361,3588,3536,"{""type"":""MultiPoint"",""coordinates"":[]}"
00000000000000000eee_0,3717,3052,887,1300,1342,2164,3169,3506,3374,3725,"{""type"":""MultiPoint"",""coordinates"":[]}"
00000000000000000ef3_0,2247,1187,432,716,644,1452,2615,3148,3188,3598,"{""type"":""MultiPoint"",""coordinates"":[]}"
00000000000000000ef6_0,1016,510,215,343,223,584,1603,1989,1952,2151,"{""type"":""MultiPoint"",""coordinates"":[]}"
00000000000000000ef7_0,1635,792,304,675,466,1416,3264,3770,4038,4085,"{""type"":""MultiPoint"",""coordinates"":[]}"
00000000000000000ef8_0,1157,566,147,295,193,553,1456,1717,1850,1922,"{""type"":""MultiPoint"",""coordinates"":[]}"
00000000000000000efc_0,2675,2092,502,652,727,1025,1439,1556,1864,1744,"{""type"":""MultiPoint"",""coordinates"":[]}"
00000000000000000eff_0,525,404,9592,9688,8784,9026,7491,7318,7676,6460,"{""type"":""MultiPoint"",""coordinates"":[]}"
00000000000000000f03_0,1602,924,302,352,260,960,1978,2510,1516,2731,"{""type"":""MultiPoint"",""coordinates"":[]}"
00000000000000000f04_0,621,340,131,284,291,536,718,788,972,816,"{""type"":""MultiPoint"",""coordinates"":[]}"
00000000000000000f08_0,2078,1571,495,644,583,912,1561,1686,1744,1781,"{""type"":""MultiPoint"",""coordinates"":[]}"
00000000000000000f0c_0,1837,951,283,482,401,939,2405,2806,2568,2964,"{""type"":""MultiPoint"",""coordinates"":[]}"
00000000000000000f0d_0,1120,491,406,565,313,762,2214,2477,2840,2617,"{""type"":""MultiPoint"",""coordinates"":[]}"
00000000000000000f10_0,1625,662,188,437,192,776,3322,3969,4288,4204,"{""type"":""MultiPoint"",""coordinates"":[]}"
00000000000000000f11_0,1055,589,237,342,399,657,1063,1270,1404,1592,"{""type"":""MultiPoint"",""coordinates"":[]}"
00000000000000000f12_0,1789,807,330,601,289,924,2525,2876,3142,2995,"{""type"":""MultiPoint"",""coordinates"":[]}"
00000000000000000f18_0,2076,912,326,620,368,1021,3588,4648,4716,4854,"{""type"":""MultiPoint"",""coordinates"":[]}"
00000000000000000f19_0,2726,1919,503,745,724,1275,2056,2210,2198,2386,"{""type"":""MultiPoint"",""coordinates"":[]}"
00000000000000000f1d_0,1710,818,206,418,213,814,2785,3495,3408,3665,"{""type"":""MultiPoint"",""coordinates"":[]}"
00000000000000000f1e_0,1800,1073,794,939,926,1363,1995,2145,2358,2378,"{""type"":""MultiPoint"",""coordinates"":[]}"
00000000000000000f20_0,3326,2539,781,1046,1420,1617,1741,1872,1998,2086,"{""type"":""MultiPoint"",""coordinates"":[]}"
00000000000000000f21_0,1239,900,797,882,871,1007,1176,1176,1190,1149,"{""type"":""MultiPoint"",""coordinates"":[]}"
00000000000000000f22_0,1800,842,290,591,309,893,3157,3756,3881,3975,"{""type"":""MultiPoint"",""coordinates"":[]}"
00000000000000000f25_0,1349,560,145,280,147,510,2101,2519,2524,2842,"{""type"":""MultiPoint"",""coordinates"":[]}"
00000000000000000f26_0,905,459,161,370,252,648,1284,1474,1648,1632,"{""type"":""MultiPoint"",""coordinates"":[]}"
00000000000000000f2b_0,415,226,3745,3395,2751,3237,3275,3244,2955,2746,"{""type"":""MultiPoint"",""coordinates"":[]}"
00000000000000000f2c_0,1232,542,259,455,214,709,2308,2666,2736,2745,"{""type"":""MultiPoint"",""coordinates"":[]}"
00000000000000000f2d_0,2624,1867,529,833,783,1484,2622,2865,2756,3082,"{""type"":""MultiPoint"",""coordinates"":[]}"
00000000000000000f2f_0,1367,670,335,491,268,719,1991,2320,2282,2412,"{""type"":""MultiPoint"",""coordinates"":[]}"
00000000000000000f32_0,1848,717,245,391,211,677,3318,4386,4280,4762,"{""type"":""MultiPoint"",""coordinates"":[]}"
00000000000000000f37_0,1260,552,315,413,264,675,2023,2452,2666,2612,"{""type"":""MultiPoint"",""coordinates"":[]}"
00000000000000000f3a_0,1318,633,268,397,297,750,1737,2068,2203,2382,"{""type"":""MultiPoint"",""coordinates"":[]}"
00000000000000000f3f_0,2438,1665,642,891,783,1139,2994,3651,2644,3707,"{""type"":""MultiPoint"",""coordinates"":[]}"
00000000000000000f44_0,1166,540,344,463,283,702,2045,2304,2260,2530,"{""type"":""MultiPoint"",""coordinates"":[]}"
00000000000000000f48_0,548,319,65,166,273,535,854,946,1264,1053,"{""type"":""MultiPoint"",""coordinates"":[]}"
00000000000000000f4c_0,1315,690,230,445,275,842,2002,2202,2306,2400,"{""type"":""MultiPoint"",""coordinates"":[]}"
00000000000000000f4f_0,479,265,365,437,260,406,622,863,796,824,"{""type"":""MultiPoint"",""coordinates"":[]}"
00000000000000000f50_0,2861,1831,603,818,834,1324,2103,2295,2418,2547,"{""type"":""MultiPoint"",""coordinates"":[]}"
00000000000000000f51_0,1444,720,301,499,299,790,2039,2306,2425,2529,"{""type"":""MultiPoint"",""coordinates"":[]}"
00000000000000000f54_0,1478,671,178,419,190,785,2897,3362,3262,3574,"{""type"":""MultiPoint"",""coordinates"":[]}"
00000000000000000f58_0,287,295,9144,9304,9367,8993,8548,8260,8279,7587,"{""type"":""MultiPoint"",""coordinates"":[]}"
00000000000000000f59_0,1376,653,186,433,185,802,2447,2804,2656,2939,"{""type"":""MultiPoint"",""coordinates"":[]}"
00000000000000000f5e_0,1355,623,372,565,338,842,2172,2525,2634,2729,"{""type"":""MultiPoint"",""coordinates"":[]}"
00000000000000000f61_0,1949,1010,371,857,522,1363,2915,3228,3391,3545,"{""type"":""MultiPoint"",""coordinates"":[]}"
00000000000000000f63_0,2687,1445,466,745,579,1277,2894,3258,3464,3554,"{""type"":""MultiPoint"",""coordinates"":[]}"
00000000000000000f65_0,1610,824,492,1480,1122,1908,4713,5575,5516,5709,"{""type"":""MultiPoint"",""coordinates"":[]}"
00000000000000000f66_0,902,413,204,411,213,635,1734,1973,2142,2104,"{""type"":""MultiPoint"",""coordinates"":[]}"
00000000000000000f72_0,502,232,27,102,77,285,698,817,810,872,"{""type"":""MultiPoint"",""coordinates"":[]}"
00000000000000000f73_0,1244,618,137,486,272,810,1544,1662,1766,1780,"{""type"":""MultiPoint"",""coordinates"":[]}"
00000000000000000f76_0,2212,1354,274,493,410,1071,1927,2134,2152,2389,"{""type"":""MultiPoint"",""coordinates"":[]}"
00000000000000000f77_0,1733,907,258,452,312,794,1923,2220,2118,2392,"{""type"":""MultiPoint"",""coordinates"":[]}"
00000000000000000f79_0,2457,1171,332,708,386,1039,3661,4568,4624,4767,"{""type"":""MultiPoint"",""coordinates"":[]}"
00000000000000000f7e_0,1343,675,226,586,268,938,2808,3252,3350,3403,"{""type"":""MultiPoint"",""coordinates"":[]}"
00000000000000000f7f_0,1632,806,354,588,364,919,2301,2569,2752,2884,"{""type"":""MultiPoint"",""coordinates"":[]}"
00000000000000000f84_0,2331,1239,448,659,469,1229,2433,2721,2806,2979,"{""type"":""MultiPoint"",""coordinates"":[]}"
00000000000000000f86_0,2313,1082,404,655,393,1063,3285,4111,4108,4355,"{""type"":""MultiPoint"",""coordinates"":[]}"
00000000000000000f87_0,1535,667,174,433,169,693,3054,3512,3547,3794,"{""type"":""MultiPoint"",""coordinates"":[]}"
00000000000000000f88_0,1314,633,142,317,187,570,1614,1849,1902,2032,"{""type"":""MultiPoint"",""coordinates"":[]}"
00000000000000000f93_0,1039,516,295,412,248,668,1861,2148,2014,2323,"{""type"":""MultiPoint"",""coordinates"":[]}"
00000000000000000f94_0,1909,1102,508,629,558,937,1649,1830,1780,1992,"{""type"":""MultiPoint"",""coordinates"":[]}"
00000000000000000f98_0,2668,2369,776,923,1162,1305,1391,1509,1581,1659,"{""type"":""MultiPoint"",""coordinates"":[]}"
00000000000000000f99_0,1709,819,270,483,357,850,2078,2383,2610,2665,"{""type"":""MultiPoint"",""coordinates"":[]}"
00000000000000000f9c_0,1567,896,258,432,294,693,1587,1850,2023,1964,"{""type"":""MultiPoint"",""coordinates"":[]}"
00000000000000000f9d_0,1015,445,160,348,166,585,2045,2500,2790,2546,"{""type"":""MultiPoint"",""coordinates"":[]}"
00000000000000000fa1_0,1002,545,107,230,350,957,1390,1839,1350,1862,"{""type"":""MultiPoint"",""coordinates"":[]}"
00000000000000000fa2_0,1960,1047,578,877,670,1478,2932,3292,3172,3505,"{""type"":""MultiPoint"",""coordinates"":[]}"
00000000000000000fa3_0,867,424,204,331,228,482,1442,1867,2068,2079,"{""type"":""MultiPoint"",""coordinates"":[]}"
00000000000000000fa9_0,1447,675,236,512,288,993,2274,2607,2584,2855,"{""type"":""MultiPoint"",""coordinates"":[]}"
00000000000000000faa_0,2074,1054,326,612,454,1044,2036,2266,2448,2533,"{""type"":""MultiPoint"",""coordinates"":[]}"
00000000000000000fad_0,2232,1590,798,921,982,1387,1951,2157,2356,2388,"{""type"":""MultiPoint"",""coordinates"":[]}"
00000000000000000fae_0,1532,855,682,749,733,1258,1820,1977,2080,2208,"{""type"":""MultiPoint"",""coordinates"":[]}"
00000000000000000fb1_0,754,310,290,516,231,680,1869,2211,2492,2343,"{""type"":""MultiPoint"",""coordinates"":[]}"
00000000000000000fb2_0,1528,649,209,336,173,657,2201,2666,2824,2990,"{""type"":""MultiPoint"",""coordinates"":[]}"
00000000000000000fb5_0,989,464,309,431,257,581,1658,1889,1983,2069,"{""type"":""MultiPoint"",""coordinates"":[]}"
00000000000000000fb6_0,1306,641,238,438,204,677,2019,2237,2336,2409,"{""type"":""MultiPoint"",""coordinates"":[]}"
00000000000000000fb7_0,1949,986,320,666,344,1083,2564,2849,2978,3027,"{""type"":""MultiPoint"",""coordinates"":[]}"
00000000000000000fba_0,2298,1409,451,658,636,1065,1710,1969,2120,2145,"{""type"":""MultiPoint"",""coordinates"":[]}"
00000000000000000fbb_0,1489,737,174,448,273,880,2072,2268,2392,2471,"{""type"":""MultiPoint"",""coordinates"":[]}"
00000000000000000fbc_0,1465,580,182,377,152,683,3078,3823,4007,4014,"{""type"":""MultiPoint"",""coordinates"":[]}"
00000000000000000fbf_0,925,471,189,291,184,484,1377,1649,1586,1708,"{""type"":""MultiPoint"",""coordinates"":[]}"
00000000000000000fc3_0,1985,1005,217,497,505,1105,2242,2574,2818,3061,"{""type"":""MultiPoint"",""coordinates"":[]}"
00000000000000000fc7_0,1561,737,334,646,290,940,3199,3743,3762,3891,"{""type"":""MultiPoint"",""coordinates"":[]}"
00000000000000000fca_0,1610,696,264,544,260,988,3473,4282,4704,4534,"{""type"":""MultiPoint"",""coordinates"":[]}"
00000000000000000fcb_0,1128,553,163,314,185,573,1772,2035,2068,2157,"{""type"":""MultiPoint"",""coordinates"":[]}"
00000000000000000fcc_0,1617,827,62,423,396,1036,1792,1987,2052,2282,"{""type"":""MultiPoint"",""coordinates"":[]}"
00000000000000000fcf_0,1092,788,1815,1934,2353,2661,3173,3332,3923,3740,"{""type"":""MultiPoint"",""coordinates"":[]}"
00000000000000000fd3_0,1041,564,291,458,328,682,1480,1676,1758,1791,"{""type"":""MultiPoint"",""coordinates"":[]}"
00000000000000000fd4_0,1195,577,120,334,321,756,1360,1535,1691,1751,"{""type"":""MultiPoint"",""coordinates"":[]}"
00000000000000000fd7_0,2310,2297,458,549,656,766,884,973,1062,1086,"{""type"":""MultiPoint"",""coordinates"":[]}"
00000000000000000fd9_0,1856,877,421,693,444,1171,2587,3023,3124,3113,"{""type"":""MultiPoint"",""coordinates"":[]}"
00000000000000000fda_0,1917,1001,304,486,418,1020,2311,2814,3112,3267,"{""type"":""MultiPoint"",""coordinates"":[]}"
00000000000000000fdc_0,1920,958,245,544,379,926,2216,2530,3052,2899,"{""type"":""MultiPoint"",""coordinates"":[]}"
00000000000000000fdd_0,552,564,10256,10368,10615,10808,10434,10059,10392,9568,"{""type"":""MultiPoint"",""coordinates"":[]}"
00000000000000000fdf_0,2515,1550,372,578,715,1173,1600,1856,1852,2183,"{""type"":""MultiPoint"",""coordinates"":[]}"
00000000000000000fe4_0,1497,600,137,396,171,740,3099,3714,3828,3999,"{""type"":""MultiPoint"",""coordinates"":[]}"
00000000000000000fe9_0,2631,2548,559,726,896,1067,1256,1357,1486,1522,"{""type"":""MultiPoint"",""coordinates"":[]}"
00000000000000000fec_0,1449,644,195,382,211,687,2217,2572,2554,2866,"{""type"":""MultiPoint"",""coordinates"":[]}"
00000000000000000fed_0,1399,792,260,479,282,830,1864,2266,2566,2432,"{""type"":""MultiPoint"",""coordinates"":[]}"
00000000000000000fee_0,1254,620,428,604,449,878,2104,2384,2532,2549,"{""type"":""MultiPoint"",""coordinates"":[]}"
00000000000000000ff1_0,2742,1773,510,728,769,1253,1921,2130,2294,2351,"{""type"":""MultiPoint"",""coordinates"":[]}"
00000000000000000ff2_0,1234,652,277,393,262,614,1493,1672,1854,1856,"{""type"":""MultiPoint"",""coordinates"":[]}"
00000000000000000ff3_0,1868,950,245,567,562,1132,2200,2471,2762,2965,"{""type"":""MultiPoint"",""coordinates"":[]}"
00000000000000000ff5_0,2665,1538,332,544,481,1204,2247,2591,2956,3083,"{""type"":""MultiPoint"",""coordinates"":[]}"
00000000000000000ff6_0,1557,733,204,463,290,839,2150,2425,2110,2703,"{""type"":""MultiPoint"",""coordinates"":[]}"
00000000000000000ff9_0,2537,1422,527,859,729,1531,2718,3092,3256,3521,"{""type"":""MultiPoint"",""coordinates"":[]}"
00000000000000001001_0,2444,1580,462,725,565,1069,2567,3019,3122,3216,"{""type"":""MultiPoint"",""coordinates"":[]}"
00000000000000001002_0,1181,636,176,289,170,465,1350,1631,1812,1729,"{""type"":""MultiPoint"",""coordinates"":[]}"
00000000000000001006_0,350,371,6769,6749,6991,6448,6465,6201,7203,5684,"{""type"":""MultiPoint"",""coordinates"":[]}"
00000000000000001007_0,1448,753,225,436,326,783,1675,1893,2004,2131,"{""type"":""MultiPoint"",""coordinates"":[]}"
0000000000000000100a_0,2534,1945,1046,1210,1228,1654,2071,2187,2068,2391,"{""type"":""MultiPoint"",""coordinates"":[]}"
0000000000000000100b_0,937,476,194,283,170,529,1252,1507,1381,1604,"{""type"":""MultiPoint"",""coordinates"":[]}"
0000000000000000100e_0,1800,847,372,689,456,1226,2850,3178,3206,3508,"{""type"":""MultiPoint"",""coordinates"":[]}"
0000000000000000100f_0,1179,646,219,510,423,884,1772,1917,2730,2244,"{""type"":""MultiPoint"",""coordinates"":[]}"
00000000000000001010_0,1232,590,227,405,206,667,2014,2407,2584,2581,"{""type"":""MultiPoint"",""coordinates"":[]}"
00000000000000001016_0,1672,727,315,495,276,858,3485,4549,4575,4858,"{""type"":""MultiPoint"",""coordinates"":[]}"
00000000000000001017_0,1106,533,155,338,227,674,1671,1587,1632,1950,"{""type"":""MultiPoint"",""coordinates"":[]}"
00000000000000001018_0,1094,534,105,353,242,749,1421,1575,1588,1787,"{""type"":""MultiPoint"",""coordinates"":[]}"
0000000000000000101b_0,1834,1095,339,618,395,986,2224,2476,2477,2602,"{""type"":""MultiPoint"",""coordinates"":[]}"
00000000000000001023_0,1071,480,292,397,222,560,1914,2430,2440,2571,"{""type"":""MultiPoint"",""coordinates"":[]}"
00000000000000001025_0,2128,1251,329,585,416,1100,2284,2502,2276,2659,"{""type"":""MultiPoint"",""coordinates"":[]}"
00000000000000001028_0,2064,949,339,741,422,1161,2995,3439,3288,3560,"{""type"":""MultiPoint"",""coordinates"":[]}"
0000000000000000102c_0,656,340,61,227,130,467,992,1143,1054,1251,"{""type"":""MultiPoint"",""coordinates"":[]}"
0000000000000000102d_0,2386,1358,291,539,520,1014,1723,1913,2154,2315,"{""type"":""MultiPoint"",""coordinates"":[]}"
00000000000000001030_0,1955,1521,305,456,330,653,1584,1818,2126,1929,"{""type"":""MultiPoint"",""coordinates"":[]}"
00000000000000001031_0,1625,841,210,470,348,1048,2262,2639,2840,2953,"{""type"":""MultiPoint"",""coordinates"":[]}"
00000000000000001032_0,961,485,228,386,237,578,1781,2070,2432,2184,"{""type"":""MultiPoint"",""coordinates"":[]}"
00000000000000001035_0,1935,992,674,893,605,1114,2834,3353,3444,3572,"{""type"":""MultiPoint"",""coordinates"":[]}"
00000000000000001038_0,2551,1393,502,813,708,1360,2555,2944,3104,3273,"{""type"":""MultiPoint"",""coordinates"":[]}"
0000000000000000103d_0,2689,1368,374,692,417,1121,3136,3728,3924,4031,"{""type"":""MultiPoint"",""coordinates"":[]}"
00000000000000001041_0,365,257,5998,5777,4829,4968,5063,4601,4372,4048,"{""type"":""MultiPoint"",""coordinates"":[]}"
00000000000000001042_0,1721,793,301,557,247,954,3152,3914,4320,4134,"{""type"":""MultiPoint"",""coordinates"":[]}"
00000000000000001045_0,2071,914,292,487,258,978,3731,5053,4788,5377,"{""type"":""MultiPoint"",""coordinates"":[]}"
00000000000000001046_0,1159,625,239,494,321,852,1590,1721,1988,2046,"{""type"":""MultiPoint"",""coordinates"":[]}"
0000000000000000104a_0,3399,1920,691,1074,1164,1851,2749,3127,3250,3544,"{""type"":""MultiPoint"",""coordinates"":[]}"
0000000000000000104b_0,856,425,79,254,129,479,1265,1457,1568,1616,"{""type"":""MultiPoint"",""coordinates"":[]}"
0000000000000000104c_0,205,155,6872,7116,7064,7115,6764,6256,6120,5760,"{""type"":""MultiPoint"",""coordinates"":[]}"
0000000000000000104f_0,2126,1386,435,689,596,1153,1913,2088,2326,2380,"{""type"":""MultiPoint"",""coordinates"":[]}"
00000000000000001052_0,2013,1324,366,738,405,1056,2560,2893,2999,3007,"{""type"":""MultiPoint"",""coordinates"":[]}"
00000000000000001053_0,1364,683,184,326,213,733,1981,2136,2026,2368,"{""type"":""MultiPoint"",""coordinates"":[]}"
0000000000000000105a_0,1658,712,271,488,234,751,2950,3669,3915,4048,"{""type"":""MultiPoint"",""coordinates"":[]}"
0000000000000000105f_0,743,886,8624,8392,8376,8376,8137,7922,8424,7506,"{""type"":""MultiPoint"",""coordinates"":[]}"
00000000000000001063_0,1258,705,203,376,280,650,1592,1808,1446,2004,"{""type"":""MultiPoint"",""coordinates"":[]}"
00000000000000001064_0,1176,579,217,439,235,717,2045,2319,2338,2443,"{""type"":""MultiPoint"",""coordinates"":[]}"
00000000000000001067_0,2282,1185,466,798,549,1318,2808,3284,3262,3558,"{""type"":""MultiPoint"",""coordinates"":[]}"
00000000000000001069_0,324,179,219,200,153,271,564,582,341,569,"{""type"":""MultiPoint"",""coordinates"":[]}"
0000000000000000106c_0,2084,999,379,705,393,1182,3527,4137,4720,4367,"{""type"":""MultiPoint"",""coordinates"":[]}"
0000000000000000106d_0,1759,956,383,532,427,994,1883,2148,2218,2386,"{""type"":""MultiPoint"",""coordinates"":[]}"
0000000000000000106f_0,800,421,439,560,382,663,1678,1930,2147,2094,"{""type"":""MultiPoint"",""coordinates"":[]}"
00000000000000001070_0,1534,677,178,432,195,794,2952,3258,3255,3392,"{""type"":""MultiPoint"",""coordinates"":[]}"
00000000000000001074_0,2040,868,255,457,231,743,3028,3878,4208,4191,"{""type"":""MultiPoint"",""coordinates"":[]}"
00000000000000001079_0,1502,627,243,541,209,821,3158,3738,4104,3936,"{""type"":""MultiPoint"",""coordinates"":[]}"
0000000000000000107c_0,1925,873,346,711,275,1063,3912,4657,4984,4935,"{""type"":""MultiPoint"",""coordinates"":[]}"
0000000000000000107e_0,2119,2191,411,433,560,626,770,832,935,971,"{""type"":""MultiPoint"",""coordinates"":[]}"
00000000000000001081_0,2412,1292,425,708,631,1191,2313,2718,2690,3019,"{""type"":""MultiPoint"",""coordinates"":[]}"
00000000000000001084_0,930,455,346,440,268,618,1646,1960,2084,2077,"{""type"":""MultiPoint"",""coordinates"":[]}"
00000000000000001086_0,1421,658,214,359,232,630,1963,2387,2478,2630,"{""type"":""MultiPoint"",""coordinates"":[]}"
00000000000000001089_0,2153,1464,365,747,397,1195,2781,3117,3486,3335,"{""type"":""MultiPoint"",""coordinates"":[]}"
0000000000000000108a_0,1129,706,284,374,464,676,968,1067,1058,1310,"{""type"":""MultiPoint"",""coordinates"":[]}"
0000000000000000108b_0,680,394,107,201,117,333,887,1086,1272,1210,"{""type"":""MultiPoint"",""coordinates"":[]}"
0000000000000000108c_0,2311,1164,377,647,444,1109,3142,3896,4107,4306,"{""type"":""MultiPoint"",""coordinates"":[]}"
0000000000000000108e_0,326,297,1029,538,461,767,1396,1521,1204,1588,"{""type"":""MultiPoint"",""coordinates"":[]}"
00000000000000001091_0,1262,568,234,340,212,580,1651,2164,2501,2514,"{""type"":""MultiPoint"",""coordinates"":[]}"
00000000000000001092_0,1057,480,335,429,273,560,1762,2270,2454,2250,"{""type"":""MultiPoint"",""coordinates"":[]}"
00000000000000001093_0,1335,623,253,528,223,740,1957,2154,2100,2261,"{""type"":""MultiPoint"",""coordinates"":[]}"
00000000000000001096_0,266,263,7876,7536,7925,8073,7713,7314,7652,6903,"{""type"":""MultiPoint"",""coordinates"":[]}"
00000000000000001099_0,1349,568,192,353,165,477,2878,4749,4688,4832,"{""type"":""MultiPoint"",""coordinates"":[]}"
0000000000000000109e_0,2139,974,302,713,369,1209,3188,3632,3770,3906,"{""type"":""MultiPoint"",""coordinates"":[]}"
000000000000000010a0_0,1315,576,172,389,198,641,2138,2446,2634,2593,"{""type"":""MultiPoint"",""coordinates"":[]}"
000000000000000010a3_0,2511,2393,561,691,740,958,1312,1452,1538,1552,"{""type"":""MultiPoint"",""coordinates"":[]}"
000000000000000010a4_0,2061,1160,621,1021,844,1778,3088,3384,3494,3662,"{""type"":""MultiPoint"",""coordinates"":[]}"
000000000000000010a7_0,999,423,296,440,236,575,1962,2376,2600,2523,"{""type"":""MultiPoint"",""coordinates"":[]}"
000000000000000010a8_0,2188,1260,529,698,501,1023,2259,2504,2442,2618,"{""type"":""MultiPoint"",""coordinates"":[]}"
000000000000000010ab_0,1941,866,194,495,192,867,3835,4902,5067,5158,"{""type"":""MultiPoint"",""coordinates"":[]}"
000000000000000010b3_0,1192,521,331,460,269,678,2431,3039,3131,3283,"{""type"":""MultiPoint"",""coordinates"":[]}"
000000000000000010b5_0,1727,912,375,596,334,889,2163,2433,2364,2605,"{""type"":""MultiPoint"",""coordinates"":[]}"
000000000000000010b8_0,2241,1716,593,867,883,1358,1951,2177,2102,2336,"{""type"":""MultiPoint"",""coordinates"":[]}"
000000000000000010b9_0,1567,790,207,424,345,969,1895,2198,2262,2489,"{""type"":""MultiPoint"",""coordinates"":[]}"
000000000000000010bc_0,520,236,148,238,127,309,1014,1274,1272,1257,"{""type"":""MultiPoint"",""coordinates"":[]}"
000000000000000010bd_0,1360,795,138,447,347,831,1457,1581,1660,1791,"{""type"":""MultiPoint"",""coordinates"":[]}"
000000000000000010c0_0,1263,600,254,429,237,692,2041,2334,2329,2424,"{""type"":""MultiPoint"",""coordinates"":[]}"
000000000000000010c1_0,2125,1058,279,557,370,1008,2379,2747,2730,2987,"{""type"":""MultiPoint"",""coordinates"":[]}"
000000000000000010c2_0,1825,922,306,589,437,1210,2465,3037,2986,3037,"{""type"":""MultiPoint"",""coordinates"":[]}"
000000000000000010c5_0,2273,1549,704,832,846,1201,1818,2024,2050,2192,"{""type"":""MultiPoint"",""coordinates"":[]}"
000000000000000010c8_0,1312,595,168,312,167,544,2275,2888,2618,3278,"{""type"":""MultiPoint"",""coordinates"":[]}"
000000000000000010c9_0,2371,1206,270,647,499,1269,2651,3031,3062,3365,"{""type"":""MultiPoint"",""coordinates"":[]}"
000000000000000010d5_0,2135,872,564,1064,457,1562,5168,6049,6092,6067,"{""type"":""MultiPoint"",""coordinates"":[]}"
000000000000000010d6_0,1013,475,157,352,165,595,1556,1820,1776,1831,"{""type"":""MultiPoint"",""coordinates"":[]}"
000000000000000010d7_0,2180,1120,224,614,418,1217,2437,2761,3098,3112,"{""type"":""MultiPoint"",""coordinates"":[]}"
000000000000000010da_0,3215,2381,581,822,915,1376,2028,2238,2428,2521,"{""type"":""MultiPoint"",""coordinates"":[]}"
000000000000000010db_0,1386,698,223,405,307,782,1603,1835,1766,2003,"{""type"":""MultiPoint"",""coordinates"":[]}"
000000000000000010dd_0,2118,1088,254,433,344,912,2454,2997,3076,3468,"{""type"":""MultiPoint"",""coordinates"":[]}"
000000000000000010de_0,977,494,145,365,225,643,1519,1777,1730,1850,"{""type"":""MultiPoint"",""coordinates"":[]}"
000000000000000010df_0,1078,519,166,347,227,632,1678,1874,2304,2034,"{""type"":""MultiPoint"",""coordinates"":[]}"
000000000000000010e2_0,2447,1715,473,659,713,1294,1841,2047,2122,2341,"{""type"":""MultiPoint"",""coordinates"":[]}"
000000000000000010e3_0,1677,945,378,572,484,1105,2032,2297,2504,2601,"{""type"":""MultiPoint"",""coordinates"":[]}"
000000000000000010e5_0,2028,923,218,601,245,1148,3993,4829,4728,5061,"{""type"":""MultiPoint"",""coordinates"":[]}"
000000000000000010e7_0,1899,934,264,579,235,962,3125,3870,4104,3998,"{""type"":""MultiPoint"",""coordinates"":[]}"
000000000000000010ea_0,1254,597,350,746,471,1186,3462,4035,4019,4218,"{""type"":""MultiPoint"",""coordinates"":[]}"
000000000000000010eb_0,1388,595,207,336,178,544,2397,2983,3198,3256,"{""type"":""MultiPoint"",""coordinates"":[]}"
000000000000000010ef_0,3015,2858,619,825,850,1164,1694,1830,1988,2011,"{""type"":""MultiPoint"",""coordinates"":[]}"
000000000000000010f0_0,1816,1055,345,524,460,801,1782,2015,2332,2254,"{""type"":""MultiPoint"",""coordinates"":[]}"
000000000000000010f2_0,3274,3125,755,1108,1490,1655,1784,1902,2204,2129,"{""type"":""MultiPoint"",""coordinates"":[]}"
000000000000000010f4_0,1680,873,258,469,310,802,2357,2744,2976,2977,"{""type"":""MultiPoint"",""coordinates"":[]}"
000000000000000010f7_0,1300,580,318,488,284,738,2255,2727,2744,2912,"{""type"":""MultiPoint"",""coordinates"":[]}"
000000000000000010f8_0,803,405,201,343,207,583,1320,1497,1652,1583,"{""type"":""MultiPoint"",""coordinates"":[]}"
000000000000000010f9_0,1089,514,60,353,196,624,1597,1807,1860,1972,"{""type"":""MultiPoint"",""coordinates"":[]}"
000000000000000010fa_0,2065,974,409,705,471,1199,3637,4270,4848,4632,"{""type"":""MultiPoint"",""coordinates"":[]}"
000000000000000010fc_0,1760,854,283,474,298,825,2528,3020,3068,3181,"{""type"":""MultiPoint"",""coordinates"":[]}"
000000000000000010fd_0,1996,1037,365,609,482,1271,2356,2704,2797,3015,"{""type"":""MultiPoint"",""coordinates"":[]}"
00000000000000001100_0,1057,466,240,476,235,822,2956,3906,4188,4180,"{""type"":""MultiPoint"",""coordinates"":[]}"
00000000000000001104_0,1720,763,274,625,303,1001,3317,3960,4316,4254,"{""type"":""MultiPoint"",""coordinates"":[]}"
00000000000000001109_0,896,471,199,362,299,456,993,1190,1903,1399,"{""type"":""MultiPoint"",""coordinates"":[]}"
0000000000000000110c_0,1655,866,334,640,423,1061,2660,3191,3175,3323,"{""type"":""MultiPoint"",""coordinates"":[]}"
0000000000000000110d_0,1949,1128,521,832,617,1381,2776,3086,3138,3307,"{""type"":""MultiPoint"",""coordinates"":[]}"
0000000000000000110e_0,1696,1114,332,544,473,833,1491,1713,1970,1899,"{""type"":""MultiPoint"",""coordinates"":[]}"
00000000000000001111_0,3832,2662,801,1046,1238,1760,2405,2712,2966,3064,"{""type"":""MultiPoint"",""coordinates"":[]}"
00000000000000001114_0,2824,1536,467,774,722,1245,2658,3003,3106,3470,"{""type"":""MultiPoint"",""coordinates"":[]}"
0000000000000000111b_0,2480,1972,482,578,776,871,1018,1156,1440,1334,"{""type"":""MultiPoint"",""coordinates"":[]}"
00000000000000001121_0,2297,1202,296,495,399,905,2155,2583,2885,2993,"{""type"":""MultiPoint"",""coordinates"":[]}"
00000000000000001122_0,1321,651,357,661,455,845,2157,2311,2540,2554,"{""type"":""MultiPoint"",""coordinates"":[]}"
00000000000000001126_0,2651,2065,413,619,995,1243,1441,1631,1748,1859,"{""type"":""MultiPoint"",""coordinates"":[]}"
0000000000000000112a_0,2343,1580,499,749,799,1183,1724,2056,1820,2321,"{""type"":""MultiPoint"",""coordinates"":[]}"
0000000000000000112b_0,1455,666,225,400,186,698,2304,2787,2811,2984,"{""type"":""MultiPoint"",""coordinates"":[]}"
0000000000000000112e_0,1505,716,339,591,340,869,2990,3825,3816,4126,"{""type"":""MultiPoint"",""coordinates"":[]}"
0000000000000000112f_0,1816,1231,505,707,689,925,1507,1643,1776,1817,"{""type"":""MultiPoint"",""coordinates"":[]}"
00000000000000001133_0,3040,1725,544,844,875,1572,2644,2934,2924,3208,"{""type"":""MultiPoint"",""coordinates"":[]}"
00000000000000001134_0,1238,619,306,451,302,746,1763,2041,2250,2245,"{""type"":""MultiPoint"",""coordinates"":[]}"
00000000000000001135_0,1518,632,326,513,326,762,2771,3228,3369,3423,"{""type"":""MultiPoint"",""coordinates"":[]}"
00000000000000001136_0,1935,859,342,591,285,907,3459,4483,4340,4826,"{""type"":""MultiPoint"",""coordinates"":[]}"
00000000000000001137_0,1823,838,313,547,259,1000,3341,3935,3640,4173,"{""type"":""MultiPoint"",""coordinates"":[]}"
0000000000000000113b_0,2260,1186,413,766,579,1315,2834,3261,3284,3404,"{""type"":""MultiPoint"",""coordinates"":[]}"
00000000000000001143_0,1539,653,346,481,269,732,2654,3344,3506,3525,"{""type"":""MultiPoint"",""coordinates"":[]}"
00000000000000001144_0,2359,1248,380,774,426,1275,3778,4431,4416,4655,"{""type"":""MultiPoint"",""coordinates"":[]}"
0000000000000000114b_0,3523,3147,1009,1396,1704,2085,2442,2636,2698,2830,"{""type"":""MultiPoint"",""coordinates"":[]}"
0000000000000000114c_0,603,335,110,247,132,357,888,1125,1344,1270,"{""type"":""MultiPoint"",""coordinates"":[]}"
00000000000000001151_0,1574,804,265,576,461,1240,2493,2831,3122,3150,"{""type"":""MultiPoint"",""coordinates"":[]}"
00000000000000001152_0,1916,923,178,530,303,1073,2482,2769,2719,2955,"{""type"":""MultiPoint"",""coordinates"":[]}"
00000000000000001153_0,2238,1134,329,699,408,1320,3815,4607,4980,4812,"{""type"":""MultiPoint"",""coordinates"":[]}"
00000000000000001158_0,1008,447,202,346,210,526,1885,2246,2598,2391,"{""type"":""MultiPoint"",""coordinates"":[]}"
00000000000000001159_0,1765,866,210,563,278,1302,3002,3426,3708,3649,"{""type"":""MultiPoint"",""coordinates"":[]}"
0000000000000000115f_0,1467,711,308,499,436,964,2057,2317,2488,2590,"{""type"":""MultiPoint"",""coordinates"":[]}"
00000000000000001161_0,883,417,111,336,238,730,2010,2299,2412,2575,"{""type"":""MultiPoint"",""coordinates"":[]}"
00000000000000001162_0,2899,1769,623,890,901,1402,2265,2463,2600,2768,"{""type"":""MultiPoint"",""coordinates"":[]}"
00000000000000001166_0,1271,645,250,401,245,668,1642,1884,1864,2018,"{""type"":""MultiPoint"",""coordinates"":[]}"
00000000000000001167_0,1244,586,191,391,210,657,1911,2135,2212,2304,"{""type"":""MultiPoint"",""coordinates"":[]}"
0000000000000000116d_0,916,416,440,874,401,1435,4809,5801,6032,5924,"{""type"":""MultiPoint"",""coordinates"":[]}"
0000000000000000116e_0,1670,1031,268,492,402,829,1795,2054,2202,2266,"{""type"":""MultiPoint"",""coordinates"":[]}"
0000000000000000116f_0,1881,863,501,798,438,1192,4104,4677,4604,4766,"{""type"":""MultiPoint"",""coordinates"":[]}"
00000000000000001172_0,3270,3431,2214,2384,2734,2873,2927,2937,2956,2888,"{""type"":""MultiPoint"",""coordinates"":[]}"
00000000000000001173_0,1517,843,290,522,605,1320,2278,2655,3052,3061,"{""type"":""MultiPoint"",""coordinates"":[]}"
00000000000000001174_0,1270,564,259,595,246,971,2499,2754,2814,2904,"{""type"":""MultiPoint"",""coordinates"":[]}"
00000000000000001175_0,2378,1339,352,740,440,1367,3281,3762,4456,4092,"{""type"":""MultiPoint"",""coordinates"":[]}"
0000000000000000117a_0,1781,852,340,643,371,1012,2935,3411,3554,3670,"{""type"":""MultiPoint"",""coordinates"":[]}"
0000000000000000117b_0,1484,625,239,401,216,652,2743,3446,3662,3716,"{""type"":""MultiPoint"",""coordinates"":[]}"
0000000000000000117c_0,2312,1186,293,642,304,1107,3388,4067,4048,4265,"{""type"":""MultiPoint"",""coordinates"":[]}"
0000000000000000117f_0,2361,1138,452,765,604,1251,2877,3445,3718,3792,"{""type"":""MultiPoint"",""coordinates"":[]}"
00000000000000001180_0,2059,1043,630,951,827,1323,2557,2866,3040,3109,"{""type"":""MultiPoint"",""coordinates"":[]}"
00000000000000001188_0,877,397,211,445,225,817,1980,2243,2452,2465,"{""type"":""MultiPoint"",""coordinates"":[]}"
00000000000000001189_0,1571,777,221,528,356,870,1986,2266,2350,2364,"{""type"":""MultiPoint"",""coordinates"":[]}"
0000000000000000118c_0,2835,2212,601,931,897,1344,2351,2569,2584,2750,"{""type"":""MultiPoint"",""coordinates"":[]}"
00000000000000001194_0,1622,1019,327,589,450,950,1922,2111,2150,2274,"{""type"":""MultiPoint"",""coordinates"":[]}"
00000000000000001195_0,1132,657,241,358,352,615,1027,1220,1520,1548,"{""type"":""MultiPoint"",""coordinates"":[]}"
00000000000000001196_0,2232,1148,583,688,561,1169,2100,2377,2654,2805,"{""type"":""MultiPoint"",""coordinates"":[]}"
00000000000000001199_0,1050,448,199,373,139,558,2097,2521,2620,2755,"{""type"":""MultiPoint"",""coordinates"":[]}"
0000000000000000119c_0,2046,1073,347,600,503,1075,1983,2198,2494,2565,"{""type"":""MultiPoint"",""coordinates"":[]}"
0000000000000000119d_0,864,456,169,370,209,609,1268,1422,1572,1554,"{""type"":""MultiPoint"",""coordinates"":[]}"
0000000000000000119e_0,1162,561,167,341,161,567,1633,1881,1986,1994,"{""type"":""MultiPoint"",""coordinates"":[]}"
000000000000000011a1_0,1655,657,311,473,263,768,3078,4015,4124,4428,"{""type"":""MultiPoint"",""coordinates"":[]}"
000000000000000011a5_0,1236,628,400,502,373,732,2392,2982,3124,3183,"{""type"":""MultiPoint"",""coordinates"":[]}"
000000000000000011a9_0,3199,2213,1004,1336,1730,1929,2156,2236,2438,2443,"{""type"":""MultiPoint"",""coordinates"":[]}"
000000000000000011aa_0,1212,582,113,357,158,632,1863,2078,2262,2203,"{""type"":""MultiPoint"",""coordinates"":[]}"
000000000000000011ab_0,970,683,180,224,246,434,804,895,1006,1013,"{""type"":""MultiPoint"",""coordinates"":[]}"
000000000000000011b1_0,2837,1819,517,761,982,1397,2113,2451,2475,2667,"{""type"":""MultiPoint"",""coordinates"":[]}"
000000000000000011b2_0,1543,631,129,276,129,630,2758,3505,3256,3733,"{""type"":""MultiPoint"",""coordinates"":[]}"
000000000000000011b3_0,1452,727,485,601,373,805,2057,2396,2432,2450,"{""type"":""MultiPoint"",""coordinates"":[]}"
000000000000000011b6_0,1961,1051,311,548,357,865,2634,3048,3046,3219,"{""type"":""MultiPoint"",""coordinates"":[]}"
000000000000000011b7_0,1741,903,296,511,392,1041,2030,2333,2382,2568,"{""type"":""MultiPoint"",""coordinates"":[]}"
000000000000000011b9_0,1169,474,193,305,196,450,1809,2385,2578,2580,"{""type"":""MultiPoint"",""coordinates"":[]}"
000000000000000011bb_0,903,414,161,318,176,514,1676,2044,2042,2177,"{""type"":""MultiPoint"",""coordinates"":[]}"
000000000000000011be_0,1389,769,358,661,440,1015,2317,2751,2732,2946,"{""type"":""MultiPoint"",""coordinates"":[]}"
000000000000000011c0_0,1396,628,356,528,308,738,2203,2425,2482,2669,"{""type"":""MultiPoint"",""coordinates"":[]}"
000000000000000011c4_0,924,443,217,351,247,527,1111,1283,1218,1412,"{""type"":""MultiPoint"",""coordinates"":[]}"
000000000000000011c5_0,1762,755,284,556,245,979,3413,4000,4064,4304,"{""type"":""MultiPoint"",""coordinates"":[]}"
000000000000000011c7_0,457,250,10,104,83,244,725,883,877,980,"{""type"":""MultiPoint"",""coordinates"":[]}"
000000000000000011c8_0,1364,701,102,253,312,638,1106,1225,1348,1480,"{""type"":""MultiPoint"",""coordinates"":[]}"
000000000000000011cb_0,446,319,1748,1300,1142,1259,1575,1570,1548,1453,"{""type"":""MultiPoint"",""coordinates"":[]}"
000000000000000011cc_0,1644,833,293,584,458,1148,2215,2588,2684,2855,"{""type"":""MultiPoint"",""coordinates"":[]}"
000000000000000011ce_0,1919,1439,430,747,742,1212,2398,2670,2855,2770,"{""type"":""MultiPoint"",""coordinates"":[]}"
000000000000000011d0_0,2198,1488,491,840,742,1075,2403,2516,2938,2922,"{""type"":""MultiPoint"",""coordinates"":[]}"
000000000000000011d3_0,2455,1307,399,730,468,1169,2544,3025,3232,3235,"{""type"":""MultiPoint"",""coordinates"":[]}"
000000000000000011d4_0,2123,1058,359,713,339,1085,3515,4334,4508,4467,"{""type"":""MultiPoint"",""coordinates"":[]}"
000000000000000011d8_0,633,674,6944,7160,7492,7791,7677,7489,7808,7389,"{""type"":""MultiPoint"",""coordinates"":[]}"
000000000000000011db_0,1114,536,192,350,260,571,1529,1793,2000,2009,"{""type"":""MultiPoint"",""coordinates"":[]}"
000000000000000011dc_0,1759,910,232,453,520,1006,1695,1952,2104,2393,"{""type"":""MultiPoint"",""coordinates"":[]}"
000000000000000011dd_0,1791,1189,447,514,477,754,1221,1370,1424,1497,"{""type"":""MultiPoint"",""coordinates"":[]}"
000000000000000011e1_0,3117,3111,1186,1390,1676,1876,1988,2102,2122,2204,"{""type"":""MultiPoint"",""coordinates"":[]}"
000000000000000011e2_0,2459,1564,683,806,718,1153,2236,2509,2144,2688,"{""type"":""MultiPoint"",""coordinates"":[]}"
000000000000000011e3_0,1904,931,172,472,224,1009,3032,3867,4832,4399,"{""type"":""MultiPoint"",""coordinates"":[]}"
000000000000000011e5_0,2955,2469,564,825,952,1301,1893,2070,2202,2291,"{""type"":""MultiPoint"",""coordinates"":[]}"
000000000000000011e8_0,933,430,208,346,232,503,1487,1778,1946,1937,"{""type"":""MultiPoint"",""coordinates"":[]}"
000000000000000011e9_0,940,423,538,1036,490,1533,4771,5593,5441,5795,"{""type"":""MultiPoint"",""coordinates"":[]}"
000000000000000011ef_0,1671,1673,6640,6783,7077,6216,6011,5954,7548,5965,"{""type"":""MultiPoint"",""coordinates"":[]}"
000000000000000011f2_0,1003,529,283,405,296,647,1584,1802,1646,1985,"{""type"":""MultiPoint"",""coordinates"":[]}"
000000000000000011f5_0,2807,1554,440,709,602,1369,2775,3044,3172,3464,"{""type"":""MultiPoint"",""coordinates"":[]}"
000000000000000011fa_0,2516,2317,630,758,904,1075,1328,1457,1544,1618,"{""type"":""MultiPoint"",""coordinates"":[]}"
000000000000000011fd_0,1697,904,311,498,356,790,1958,2324,2422,2539,"{""type"":""MultiPoint"",""coordinates"":[]}"
00000000000000001202_0,1618,973,413,792,560,1220,2363,2644,2700,2813,"{""type"":""MultiPoint"",""coordinates"":[]}"
00000000000000001204_0,655,435,295,432,543,597,943,973,1172,1092,"{""type"":""MultiPoint"",""coordinates"":[]}"
00000000000000001205_0,2787,1329,310,719,435,1310,3736,4635,4864,5151,"{""type"":""MultiPoint"",""coordinates"":[]}"
00000000000000001207_0,1051,533,213,315,241,558,1597,1853,2000,2050,"{""type"":""MultiPoint"",""coordinates"":[]}"
0000000000000000120a_0,3857,2348,626,925,1332,1948,2382,2815,2920,3355,"{""type"":""MultiPoint"",""coordinates"":[]}"
0000000000000000120f_0,2872,2620,647,913,1174,1367,1507,1619,1750,1786,"{""type"":""MultiPoint"",""coordinates"":[]}"
00000000000000001212_0,906,406,224,359,247,540,1605,2022,2060,2238,"{""type"":""MultiPoint"",""coordinates"":[]}"
00000000000000001213_0,973,502,193,365,216,665,1635,1892,1872,2048,"{""type"":""MultiPoint"",""coordinates"":[]}"
00000000000000001217_0,1778,780,231,415,256,730,2431,2948,2876,3185,"{""type"":""MultiPoint"",""coordinates"":[]}"
00000000000000001219_0,1442,762,206,447,314,728,1416,1559,1837,1928,"{""type"":""MultiPoint"",""coordinates"":[]}"
0000000000000000121c_0,2577,1955,553,698,797,1055,1539,1687,1850,1892,"{""type"":""MultiPoint"",""coordinates"":[]}"
0000000000000000121f_0,1791,749,362,511,277,769,3081,3974,3734,4229,"{""type"":""MultiPoint"",""coordinates"":[]}"
00000000000000001225_0,1674,948,334,547,590,1192,1867,2109,2342,2398,"{""type"":""MultiPoint"",""coordinates"":[]}"
00000000000000001226_0,2401,1442,344,603,555,1127,2120,2339,2345,2623,"{""type"":""MultiPoint"",""coordinates"":[]}"
00000000000000001227_0,3526,3006,855,1186,1374,1964,2745,3206,2430,3423,"{""type"":""MultiPoint"",""coordinates"":[]}"
00000000000000001229_0,1896,953,241,610,272,1110,3623,3908,4420,3882,"{""type"":""MultiPoint"",""coordinates"":[]}"
0000000000000000122c_0,1176,588,255,387,239,620,1553,1861,1887,2027,"{""type"":""MultiPoint"",""coordinates"":[]}"
0000000000000000122d_0,1816,801,216,446,218,908,3050,3733,3956,4020,"{""type"":""MultiPoint"",""coordinates"":[]}"
00000000000000001231_0,2278,2249,622,792,1001,1147,1206,1295,1338,1384,"{""type"":""MultiPoint"",""coordinates"":[]}"
00000000000000001232_0,2390,1488,510,682,634,1058,1617,1753,1804,1919,"{""type"":""MultiPoint"",""coordinates"":[]}"
00000000000000001235_0,935,491,65,204,172,456,996,1091,1078,1306,"{""type"":""MultiPoint"",""coordinates"":[]}"
00000000000000001239_0,1866,1188,535,875,1060,1678,2150,2343,2304,2600,"{""type"":""MultiPoint"",""coordinates"":[]}"
0000000000000000123a_0,1107,612,146,322,230,559,1166,1287,1462,1420,"{""type"":""MultiPoint"",""coordinates"":[]}"
0000000000000000123e_0,964,1030,9432,9328,9416,9639,9387,9062,9584,8748,"{""type"":""MultiPoint"",""coordinates"":[]}"
0000000000000000123f_0,842,414,176,306,199,507,1257,1455,1578,1595,"{""type"":""MultiPoint"",""coordinates"":[]}"
00000000000000001242_0,1806,821,287,485,259,840,2667,3258,3185,3468,"{""type"":""MultiPoint"",""coordinates"":[]}"
00000000000000001246_0,1475,869,371,552,486,845,1360,1625,1768,1736,"{""type"":""MultiPoint"",""coordinates"":[]}"
00000000000000001249_0,2343,1054,317,677,330,1105,3504,4185,4465,4535,"{""type"":""MultiPoint"",""coordinates"":[]}"
0000000000000000124b_0,693,355,178,232,164,395,943,1162,1147,1217,"{""type"":""MultiPoint"",""coordinates"":[]}"
0000000000000000124f_0,1379,707,224,345,245,577,1338,1577,1570,1695,"{""type"":""MultiPoint"",""coordinates"":[]}"
00000000000000001250_0,1474,683,329,600,333,841,1972,2220,2366,2364,"{""type"":""MultiPoint"",""coordinates"":[]}"
00000000000000001254_0,1338,645,455,675,427,1055,2253,2509,2912,2907,"{""type"":""MultiPoint"",""coordinates"":[]}"
00000000000000001256_0,2143,1131,340,703,418,1205,3518,4111,4224,4313,"{""type"":""MultiPoint"",""coordinates"":[]}"
00000000000000001258_0,1208,525,206,390,238,701,2217,2575,2766,2769,"{""type"":""MultiPoint"",""coordinates"":[]}"
0000000000000000125b_0,999,1191,8440,8496,9064,9556,9287,9051,9296,8780,"{""type"":""MultiPoint"",""coordinates"":[]}"
0000000000000000125c_0,1667,901,276,535,421,1071,2104,2446,2686,2705,"{""type"":""MultiPoint"",""coordinates"":[]}"
0000000000000000125d_0,2133,1059,278,555,349,1042,2461,2733,2824,3030,"{""type"":""MultiPoint"",""coordinates"":[]}"
0000000000000000125e_0,1377,809,230,311,427,705,1378,1398,2102,1950,"{""type"":""MultiPoint"",""coordinates"":[]}"
00000000000000001260_0,2125,1443,493,708,607,1170,2000,2205,2310,2404,"{""type"":""MultiPoint"",""coordinates"":[]}"
00000000000000001263_0,1476,750,310,508,296,627,1753,2154,2406,2458,"{""type"":""MultiPoint"",""coordinates"":[]}"
00000000000000001264_0,1723,884,620,1256,787,2192,4461,5004,4944,5295,"{""type"":""MultiPoint"",""coordinates"":[]}"
00000000000000001265_0,1596,658,402,588,311,764,2787,3453,3580,3729,"{""type"":""MultiPoint"",""coordinates"":[]}"
00000000000000001268_0,629,629,1252,1231,1248,1503,2391,2483,2728,2519,"{""type"":""MultiPoint"",""coordinates"":[]}"
00000000000000001269_0,1173,559,158,314,192,628,1634,1841,2050,2063,"{""type"":""MultiPoint"",""coordinates"":[]}"
0000000000000000126b_0,1658,803,341,526,332,928,3007,3820,3972,4195,"{""type"":""MultiPoint"",""coordinates"":[]}"
0000000000000000126c_0,1149,939,3731,3757,3769,3946,4136,3841,3545,3582,"{""type"":""MultiPoint"",""coordinates"":[]}"
0000000000000000126d_0,1140,539,384,579,371,816,2179,2530,2630,2629,"{""type"":""MultiPoint"",""coordinates"":[]}"
00000000000000001270_0,2413,1055,356,829,347,1228,5116,5723,6012,5909,"{""type"":""MultiPoint"",""coordinates"":[]}"
00000000000000001271_0,1149,603,252,396,280,602,1263,1421,1528,1556,"{""type"":""MultiPoint"",""coordinates"":[]}"
00000000000000001272_0,1661,744,127,434,245,731,2063,2454,3147,2837,"{""type"":""MultiPoint"",""coordinates"":[]}"
00000000000000001273_0,944,433,111,260,158,541,2141,2838,2912,3110,"{""type"":""MultiPoint"",""coordinates"":[]}"
00000000000000001275_0,2309,1926,1076,1226,1230,1425,1525,1640,1740,1738,"{""type"":""MultiPoint"",""coordinates"":[]}"
00000000000000001278_0,3828,3592,971,1396,1622,2026,2526,2720,2944,2922,"{""type"":""MultiPoint"",""coordinates"":[]}"
00000000000000001279_0,2184,1392,456,817,890,1601,2299,2673,2798,2985,"{""type"":""MultiPoint"",""coordinates"":[]}"
0000000000000000127a_0,1194,612,144,548,501,1039,1521,1683,1986,1873,"{""type"":""MultiPoint"",""coordinates"":[]}"
0000000000000000127d_0,2698,1784,508,771,739,1238,2013,2202,2336,2383,"{""type"":""MultiPoint"",""coordinates"":[]}"
0000000000000000127e_0,1051,518,147,293,166,484,1468,1732,1800,1919,"{""type"":""MultiPoint"",""coordinates"":[]}"
00000000000000001282_0,767,379,74,184,119,420,1163,1304,1270,1561,"{""type"":""MultiPoint"",""coordinates"":[]}"
00000000000000001285_0,3686,3286,1018,1208,1388,1737,2140,2274,2404,2590,"{""type"":""MultiPoint"",""coordinates"":[]}"
00000000000000001287_0,1446,680,160,323,197,631,1800,2056,1896,2267,"{""type"":""MultiPoint"",""coordinates"":[]}"
0000000000000000128a_0,1282,1448,8416,8180,8448,8614,8308,8183,8560,7832,"{""type"":""MultiPoint"",""coordinates"":[]}"
0000000000000000128d_0,3854,3265,1118,1428,1880,2256,2297,2519,2576,2763,"{""type"":""MultiPoint"",""coordinates"":[]}"
0000000000000000128e_0,609,289,127,246,144,322,964,1142,1230,1255,"{""type"":""MultiPoint"",""coordinates"":[]}"
0000000000000000128f_0,2563,1225,524,761,518,1223,3493,3978,3962,4254,"{""type"":""MultiPoint"",""coordinates"":[]}"
00000000000000001292_0,2623,2008,599,804,811,1167,2165,2410,2148,2570,"{""type"":""MultiPoint"",""coordinates"":[]}"
00000000000000001293_0,1355,761,291,468,457,916,1564,1769,1954,2006,"{""type"":""MultiPoint"",""coordinates"":[]}"
00000000000000001294_0,2031,1023,310,691,504,1225,2554,2849,3182,3088,"{""type"":""MultiPoint"",""coordinates"":[]}"
00000000000000001295_0,2213,1169,291,636,381,1165,2944,3523,4024,3660,"{""type"":""MultiPoint"",""coordinates"":[]}"
00000000000000001297_0,719,874,7780,7772,8120,8282,8114,7921,8208,7814,"{""type"":""MultiPoint"",""coordinates"":[]}"
00000000000000001298_0,653,360,100,183,132,459,1220,1402,1556,1533,"{""type"":""MultiPoint"",""coordinates"":[]}"
0000000000000000129b_0,1375,665,388,711,405,1147,2919,3503,3560,3937,"{""type"":""MultiPoint"",""coordinates"":[]}"
0000000000000000129c_0,2568,1493,547,817,587,1238,2775,3073,3098,3201,"{""type"":""MultiPoint"",""coordinates"":[]}"
0000000000000000129f_0,2642,2018,492,739,905,1183,1539,1620,1750,1802,"{""type"":""MultiPoint"",""coordinates"":[]}"
000000000000000012a0_0,1499,711,246,476,350,886,2002,2242,2398,2440,"{""type"":""MultiPoint"",""coordinates"":[]}"
000000000000000012a2_0,2166,1356,440,752,648,1495,2864,3214,3527,3499,"{""type"":""MultiPoint"",""coordinates"":[]}"
000000000000000012a4_0,1233,654,187,424,266,738,1624,1820,1974,1955,"{""type"":""MultiPoint"",""coordinates"":[]}"
000000000000000012a7_0,1971,1025,410,766,469,1272,2972,3393,3504,3596,"{""type"":""MultiPoint"",""coordinates"":[]}"
000000000000000012ac_0,3002,2146,586,907,1040,1471,1984,2133,2244,2350,"{""type"":""MultiPoint"",""coordinates"":[]}"
000000000000000012ae_0,1396,1235,423,664,1056,1211,1306,1365,1412,1378,"{""type"":""MultiPoint"",""coordinates"":[]}"
000000000000000012af_0,1843,997,287,563,427,967,1834,2065,2465,2365,"{""type"":""MultiPoint"",""coordinates"":[]}"
000000000000000012b0_0,1690,983,272,506,304,806,2102,2349,2478,2549,"{""type"":""MultiPoint"",""coordinates"":[]}"
000000000000000012b4_0,2826,1811,501,767,661,1176,2160,2486,2680,2615,"{""type"":""MultiPoint"",""coordinates"":[]}"
000000000000000012b5_0,660,326,161,250,151,430,1249,1619,1680,1730,"{""type"":""MultiPoint"",""coordinates"":[]}"
000000000000000012b7_0,2118,1153,273,546,364,1271,3168,3554,2577,3745,"{""type"":""MultiPoint"",""coordinates"":[]}"
000000000000000012bc_0,1604,657,209,360,153,673,2809,3718,3662,3976,"{""type"":""MultiPoint"",""coordinates"":[]}"
000000000000000012be_0,1933,1166,223,454,346,886,1745,1958,2010,2167,"{""type"":""MultiPoint"",""coordinates"":[]}"
000000000000000012c1_0,3322,3163,861,1178,1524,1685,1770,1877,1980,2015,"{""type"":""MultiPoint"",""coordinates"":[]}"
000000000000000012c4_0,753,452,257,320,261,593,1131,1269,1570,1587,"{""type"":""MultiPoint"",""coordinates"":[]}"
000000000000000012c5_0,747,345,91,278,148,452,1215,1446,1572,1612,"{""type"":""MultiPoint"",""coordinates"":[]}"
000000000000000012c6_0,1129,559,268,445,275,725,1677,1952,2056,2130,"{""type"":""MultiPoint"",""coordinates"":[]}"
000000000000000012c9_0,1930,1366,539,780,656,1099,2114,2566,2546,2707,"{""type"":""MultiPoint"",""coordinates"":[]}"
000000000000000012ce_0,2656,2091,266,499,706,919,1093,1189,1360,1365,"{""type"":""MultiPoint"",""coordinates"":[]}"
000000000000000012cf_0,2204,1267,336,619,577,1095,1730,1936,2142,2202,"{""type"":""MultiPoint"",""coordinates"":[]}"
000000000000000012d1_0,1903,799,301,530,271,979,3326,3995,4120,4224,"{""type"":""MultiPoint"",""coordinates"":[]}"
000000000000000012d2_0,1937,1274,259,548,731,1191,1697,2020,2132,2344,"{""type"":""MultiPoint"",""coordinates"":[]}"
000000000000000012d3_0,2841,1956,642,869,835,1317,2075,2289,2316,2541,"{""type"":""MultiPoint"",""coordinates"":[]}"
000000000000000012d6_0,1933,922,263,520,364,990,2572,2876,3020,3175,"{""type"":""MultiPoint"",""coordinates"":[]}"
000000000000000012d9_0,1961,1181,379,645,444,966,2027,2486,2754,2579,"{""type"":""MultiPoint"",""coordinates"":[]}"
000000000000000012db_0,820,421,164,330,218,519,1328,1503,1720,1627,"{""type"":""MultiPoint"",""coordinates"":[]}"
000000000000000012e3_0,2652,2191,609,824,936,1172,1957,2213,2226,2423,"{""type"":""MultiPoint"",""coordinates"":[]}"
000000000000000012e4_0,1668,932,701,959,787,1485,2478,2602,2778,2812,"{""type"":""MultiPoint"",""coordinates"":[]}"
000000000000000012e6_0,3166,2686,854,1166,1526,1782,1988,2173,2272,2352,"{""type"":""MultiPoint"",""coordinates"":[]}"
000000000000000012e7_0,690,342,298,463,309,613,1454,1820,1763,1898,"{""type"":""MultiPoint"",""coordinates"":[]}"
000000000000000012ec_0,1219,595,232,486,326,916,2000,2251,2498,2489,"{""type"":""MultiPoint"",""coordinates"":[]}"
000000000000000012ed_0,2539,1804,969,1110,1076,1442,2083,2213,2322,2546,"{""type"":""MultiPoint"",""coordinates"":[]}"
000000000000000012ee_0,2142,1421,436,735,577,1186,2128,2369,3166,2732,"{""type"":""MultiPoint"",""coordinates"":[]}"
000000000000000012f4_0,2640,1609,439,669,626,1039,1803,2049,2220,2271,"{""type"":""MultiPoint"",""coordinates"":[]}"
000000000000000012f5_0,1836,824,370,645,362,940,3248,3986,4124,4210,"{""type"":""MultiPoint"",""coordinates"":[]}"
000000000000000012f8_0,3039,2893,891,1212,1438,1672,1811,1951,1958,2049,"{""type"":""MultiPoint"",""coordinates"":[]}"
000000000000000012fb_0,2331,1314,469,817,779,1344,3362,4148,3934,4463,"{""type"":""MultiPoint"",""coordinates"":[]}"
000000000000000012fc_0,2483,1414,456,634,688,1132,1893,2108,2278,2479,"{""type"":""MultiPoint"",""coordinates"":[]}"
00000000000000001301_0,2401,1479,425,673,650,1215,1991,2214,2320,2524,"{""type"":""MultiPoint"",""coordinates"":[]}"
00000000000000001302_0,2042,900,251,538,259,1008,3292,3873,3750,4112,"{""type"":""MultiPoint"",""coordinates"":[]}"
00000000000000001305_0,2714,2175,507,731,879,1188,1375,1502,1552,1624,"{""type"":""MultiPoint"",""coordinates"":[]}"
00000000000000001306_0,1253,671,228,418,286,761,1486,1713,1860,1893,"{""type"":""MultiPoint"",""coordinates"":[]}"
00000000000000001308_0,2292,1305,291,538,348,1029,2737,3257,3239,3575,"{""type"":""MultiPoint"",""coordinates"":[]}"
0000000000000000130a_0,2944,2467,882,1070,1260,1503,1759,1886,1996,2017,"{""type"":""MultiPoint"",""coordinates"":[]}"
0000000000000000130d_0,2987,3099,628,799,1054,1193,1272,1373,1468,1521,"{""type"":""MultiPoint"",""coordinates"":[]}"
0000000000000000130e_0,1463,700,187,400,224,724,2193,2880,2006,3009,"{""type"":""MultiPoint"",""coordinates"":[]}"
00000000000000001312_0,1447,651,196,444,187,662,2231,2788,3539,3052,"{""type"":""MultiPoint"",""coordinates"":[]}"
00000000000000001315_0,1711,733,269,466,257,780,2950,3658,3742,3891,"{""type"":""MultiPoint"",""coordinates"":[]}"
00000000000000001316_0,2102,1111,474,728,530,1165,2861,3282,3147,3518,"{""type"":""MultiPoint"",""coordinates"":[]}"
0000000000000000131a_0,2302,2185,571,748,954,1078,1140,1200,1250,1301,"{""type"":""MultiPoint"",""coordinates"":[]}"
0000000000000000131d_0,3219,2585,772,1001,1302,1575,1934,2161,2302,2385,"{""type"":""MultiPoint"",""coordinates"":[]}"
0000000000000000131e_0,1225,624,162,390,274,744,1867,2142,2238,2336,"{""type"":""MultiPoint"",""coordinates"":[]}"
0000000000000000131f_0,1844,922,197,485,311,970,2369,2689,2856,2977,"{""type"":""MultiPoint"",""coordinates"":[]}"
00000000000000001323_0,764,373,222,305,181,482,1231,1399,1408,1534,"{""type"":""MultiPoint"",""coordinates"":[]}"
00000000000000001324_0,1114,603,284,372,231,690,1375,1546,1204,1803,"{""type"":""MultiPoint"",""coordinates"":[]}"
00000000000000001328_0,1001,514,188,378,256,659,1407,1572,1794,1774,"{""type"":""MultiPoint"",""coordinates"":[]}"
0000000000000000132b_0,1507,693,361,642,345,921,2827,3478,3886,3674,"{""type"":""MultiPoint"",""coordinates"":[]}"
00000000000000001332_0,364,308,1,53,74,151,230,230,258,341,"{""type"":""MultiPoint"",""coordinates"":[]}"
00000000000000001334_0,2784,2015,736,936,1060,1300,1813,1967,2178,2169,"{""type"":""MultiPoint"",""coordinates"":[]}"
00000000000000001339_0,1316,603,230,464,203,754,2250,2630,2806,2765,"{""type"":""MultiPoint"",""coordinates"":[]}"
0000000000000000133c_0,2984,2238,689,906,1036,1410,1865,2055,2154,2234,"{""type"":""MultiPoint"",""coordinates"":[]}"
0000000000000000133e_0,2125,951,336,555,293,988,3378,4223,3780,4504,"{""type"":""MultiPoint"",""coordinates"":[]}"
0000000000000000133f_0,1795,813,195,453,204,970,3856,5051,4256,5286,"{""type"":""MultiPoint"",""coordinates"":[]}"
00000000000000001340_0,717,370,130,298,155,500,1178,1377,1406,1396,"{""type"":""MultiPoint"",""coordinates"":[]}"
00000000000000001341_0,1053,487,276,411,214,617,1817,2177,1902,1994,"{""type"":""MultiPoint"",""coordinates"":[]}"
00000000000000001344_0,3245,3206,590,820,1158,1318,1381,1545,1692,1733,"{""type"":""MultiPoint"",""coordinates"":[]}"
00000000000000001345_0,1705,877,293,575,472,1092,2015,2356,2510,2508,"{""type"":""MultiPoint"",""coordinates"":[]}"
00000000000000001346_0,1642,876,335,557,386,1053,2234,2550,2652,2877,"{""type"":""MultiPoint"",""coordinates"":[]}"
00000000000000001349_0,1301,562,236,385,198,590,2312,2858,2888,3111,"{""type"":""MultiPoint"",""coordinates"":[]}"
0000000000000000134c_0,2291,2315,1098,1266,1546,1698,1764,1994,1978,2043,"{""type"":""MultiPoint"",""coordinates"":[]}"
0000000000000000134d_0,3725,2774,725,1028,1154,1726,2168,2427,2470,2666,"{""type"":""MultiPoint"",""coordinates"":[]}"
0000000000000000134e_0,1611,733,299,487,273,800,2379,2780,2610,2977,"{""type"":""MultiPoint"",""coordinates"":[]}"
00000000000000001351_0,3090,2782,792,1124,1332,1744,2305,2483,2532,2647,"{""type"":""MultiPoint"",""coordinates"":[]}"
00000000000000001356_0,1609,791,171,324,203,768,2015,2140,2036,2495,"{""type"":""MultiPoint"",""coordinates"":[]}"
0000000000000000135b_0,2184,1076,386,780,386,1336,3270,3952,4140,4307,"{""type"":""MultiPoint"",""coordinates"":[]}"
0000000000000000135e_0,2781,2269,673,847,941,1322,1692,1870,1990,2062,"{""type"":""MultiPoint"",""coordinates"":[]}"
00000000000000001362_0,2448,1878,452,709,671,1166,2040,2453,2380,2595,"{""type"":""MultiPoint"",""coordinates"":[]}"
00000000000000001363_0,1232,743,124,389,360,835,1419,1497,1660,1603,"{""type"":""MultiPoint"",""coordinates"":[]}"
00000000000000001367_0,785,361,104,223,144,413,1159,1337,1344,1445,"{""type"":""MultiPoint"",""coordinates"":[]}"
0000000000000000136b_0,2110,1284,474,600,714,990,1448,1533,1840,1834,"{""type"":""MultiPoint"",""coordinates"":[]}"
0000000000000000136e_0,2245,1448,422,688,574,1191,2369,2770,2735,2996,"{""type"":""MultiPoint"",""coordinates"":[]}"
0000000000000000136f_0,1177,552,512,1038,486,1601,4454,5183,5360,5350,"{""type"":""MultiPoint"",""coordinates"":[]}"
00000000000000001373_0,2780,2047,539,832,1008,1386,2067,2174,2470,2315,"{""type"":""MultiPoint"",""coordinates"":[]}"
00000000000000001377_0,2217,1444,415,620,626,1059,1655,1791,1880,2020,"{""type"":""MultiPoint"",""coordinates"":[]}"
0000000000000000137b_0,2366,1494,499,677,659,1032,1912,2154,2270,2343,"{""type"":""MultiPoint"",""coordinates"":[]}"
0000000000000000137c_0,1147,581,149,317,237,590,1255,1409,1376,1530,"{""type"":""MultiPoint"",""coordinates"":[]}"
00000000000000001380_0,1388,1526,8552,8400,8832,8912,8916,8691,9256,8378,"{""type"":""MultiPoint"",""coordinates"":[]}"
00000000000000001381_0,1443,766,368,580,376,943,1939,2265,2630,2562,"{""type"":""MultiPoint"",""coordinates"":[]}"
00000000000000001385_0,1949,983,340,559,340,881,2399,2870,2942,3014,"{""type"":""MultiPoint"",""coordinates"":[]}"
00000000000000001388_0,2398,1663,592,778,760,1079,1771,1896,1982,2002,"{""type"":""MultiPoint"",""coordinates"":[]}"
0000000000000000138b_0,2366,1249,348,604,594,1150,2154,2482,2624,2829,"{""type"":""MultiPoint"",""coordinates"":[]}"
0000000000000000138d_0,2007,1189,283,536,411,878,2070,2389,2394,2395,"{""type"":""MultiPoint"",""coordinates"":[]}"
00000000000000001391_0,910,416,227,317,177,495,1627,1983,2382,2140,"{""type"":""MultiPoint"",""coordinates"":[]}"
00000000000000001392_0,1677,700,369,618,299,958,3005,3451,3472,3775,"{""type"":""MultiPoint"",""coordinates"":[]}"
00000000000000001395_0,2845,2251,653,919,1064,1308,1731,1842,1908,2013,"{""type"":""MultiPoint"",""coordinates"":[]}"
00000000000000001398_0,4972,4756,3328,3732,4156,4880,4566,4947,4643,4773,"{""type"":""MultiPoint"",""coordinates"":[]}"
00000000000000001399_0,510,261,83,154,118,376,975,1265,1012,1327,"{""type"":""MultiPoint"",""coordinates"":[]}"
0000000000000000139a_0,1700,920,274,422,326,723,2186,2580,2352,2918,"{""type"":""MultiPoint"",""coordinates"":[]}"
0000000000000000139d_0,2800,2348,776,1174,1476,1735,2391,2594,2836,2711,"{""type"":""MultiPoint"",""coordinates"":[]}"
0000000000000000139e_0,1614,825,340,571,408,1072,2014,2278,2232,2568,"{""type"":""MultiPoint"",""coordinates"":[]}"
0000000000000000139f_0,1118,548,188,426,255,679,1642,1896,1684,2059,"{""type"":""MultiPoint"",""coordinates"":[]}"
000000000000000013a0_0,2037,1561,615,760,982,1170,1294,1420,1541,1642,"{""type"":""MultiPoint"",""coordinates"":[]}"
000000000000000013a2_0,1939,968,323,695,346,992,2681,3257,4156,3529,"{""type"":""MultiPoint"",""coordinates"":[]}"
000000000000000013a5_0,2387,997,250,709,214,1059,4953,5727,5780,5866,"{""type"":""MultiPoint"",""coordinates"":[]}"
000000000000000013a7_0,2299,1315,416,797,564,1371,2644,2873,3104,3073,"{""type"":""MultiPoint"",""coordinates"":[]}"
000000000000000013aa_0,2827,2571,810,1074,1316,1544,1738,1858,1864,1972,"{""type"":""MultiPoint"",""coordinates"":[]}"
000000000000000013ab_0,1759,823,263,533,272,862,2353,2791,3340,2957,"{""type"":""MultiPoint"",""coordinates"":[]}"
000000000000000013ad_0,1653,738,202,334,196,608,2877,3876,4006,4079,"{""type"":""MultiPoint"",""coordinates"":[]}"
000000000000000013ae_0,1977,1177,508,692,567,1074,2150,2541,2352,2768,"{""type"":""MultiPoint"",""coordinates"":[]}"
000000000000000013b2_0,2537,1561,532,761,643,1246,2452,2843,2842,3046,"{""type"":""MultiPoint"",""coordinates"":[]}"
000000000000000013b3_0,853,407,169,307,146,421,1266,1441,1752,1600,"{""type"":""MultiPoint"",""coordinates"":[]}"
000000000000000013b7_0,1165,1321,8576,8314,8569,8653,8388,8237,9018,7989,"{""type"":""MultiPoint"",""coordinates"":[]}"
000000000000000013b8_0,1772,864,384,664,435,1128,2401,2760,2732,2975,"{""type"":""MultiPoint"",""coordinates"":[]}"
000000000000000013ba_0,1453,758,345,537,394,702,1634,1850,2060,2086,"{""type"":""MultiPoint"",""coordinates"":[]}"
000000000000000013bf_0,2673,2058,486,724,777,1125,1664,1787,1912,1917,"{""type"":""MultiPoint"",""coordinates"":[]}"
000000000000000013c0_0,990,482,130,272,160,557,1385,1596,1682,1761,"{""type"":""MultiPoint"",""coordinates"":[]}"
000000000000000013c2_0,1755,1477,667,785,926,1079,1473,1639,1604,1806,"{""type"":""MultiPoint"",""coordinates"":[]}"
000000000000000013c4_0,1293,624,213,446,214,720,2002,2284,2270,2397,"{""type"":""MultiPoint"",""coordinates"":[]}"
000000000000000013c7_0,2111,1574,427,713,540,1067,1978,2142,2019,2195,"{""type"":""MultiPoint"",""coordinates"":[]}"
000000000000000013c9_0,1617,810,204,554,396,1022,1932,2201,2338,2428,"{""type"":""MultiPoint"",""coordinates"":[]}"
000000000000000013cc_0,2734,1992,832,1046,1106,1536,2178,2398,2386,2632,"{""type"":""MultiPoint"",""coordinates"":[]}"
000000000000000013ce_0,2041,852,126,363,153,733,3469,4173,4340,4441,"{""type"":""MultiPoint"",""coordinates"":[]}"
000000000000000013cf_0,3021,2729,833,1066,1372,1586,1966,2054,2033,2431,"{""type"":""MultiPoint"",""coordinates"":[]}"
000000000000000013d1_0,2241,1344,225,567,457,1138,2139,2328,2434,2543,"{""type"":""MultiPoint"",""coordinates"":[]}"
000000000000000013d4_0,2878,2338,625,788,969,1190,1392,1509,1664,1705,"{""type"":""MultiPoint"",""coordinates"":[]}"
000000000000000013d6_0,1114,556,265,471,267,731,1773,1946,2298,2153,"{""type"":""MultiPoint"",""coordinates"":[]}"
000000000000000013d7_0,1972,1148,347,566,666,969,2137,2583,2752,2825,"{""type"":""MultiPoint"",""coordinates"":[]}"
000000000000000013d9_0,1656,795,158,366,274,909,2303,2607,2473,2828,"{""type"":""MultiPoint"",""coordinates"":[]}"
000000000000000013de_0,2730,1873,434,692,716,1312,2095,2384,2532,2654,"{""type"":""MultiPoint"",""coordinates"":[]}"
000000000000000013e1_0,2831,2697,769,1094,1448,1628,1703,1806,1958,1926,"{""type"":""MultiPoint"",""coordinates"":[]}"
000000000000000013e2_0,1063,530,176,305,192,553,1517,1742,1866,1918,"{""type"":""MultiPoint"",""coordinates"":[]}"
000000000000000013e4_0,3419,2049,763,1164,1046,1918,3091,3519,3820,4027,"{""type"":""MultiPoint"",""coordinates"":[]}"
000000000000000013e6_0,1533,663,247,401,220,727,2752,3350,3422,3549,"{""type"":""MultiPoint"",""coordinates"":[]}"
000000000000000013e9_0,1291,685,319,483,360,716,1751,1998,2122,2192,"{""type"":""MultiPoint"",""coordinates"":[]}"
000000000000000013eb_0,2425,1140,235,662,202,1125,4362,5339,5284,5499,"{""type"":""MultiPoint"",""coordinates"":[]}"
000000000000000013ee_0,2865,1835,574,811,702,1265,2355,2646,2796,2852,"{""type"":""MultiPoint"",""coordinates"":[]}"
000000000000000013ef_0,1242,579,230,516,275,876,2115,2387,2552,2598,"{""type"":""MultiPoint"",""coordinates"":[]}"
000000000000000013f1_0,1990,840,414,561,302,861,3226,3996,4284,4423,"{""type"":""MultiPoint"",""coordinates"":[]}"
000000000000000013f3_0,2207,1453,250,428,434,828,1308,1418,1506,1626,"{""type"":""MultiPoint"",""coordinates"":[]}"
000000000000000013f6_0,2472,1842,457,709,788,1235,1597,1769,1832,1984,"{""type"":""MultiPoint"",""coordinates"":[]}"
000000000000000013f9_0,1906,1178,406,653,583,1038,2801,3563,3808,3684,"{""type"":""MultiPoint"",""coordinates"":[]}"
000000000000000013fb_0,2368,1404,255,493,525,1014,1732,1969,2154,2247,"{""type"":""MultiPoint"",""coordinates"":[]}"
00000000000000001400_0,1812,1374,309,505,587,839,1114,1226,1288,1374,"{""type"":""MultiPoint"",""coordinates"":[]}"
00000000000000001403_0,2346,2018,660,923,1076,1419,1944,2092,2240,2184,"{""type"":""MultiPoint"",""coordinates"":[]}"
00000000000000001407_0,573,339,248,318,217,403,801,950,697,845,"{""type"":""MultiPoint"",""coordinates"":[]}"
00000000000000001408_0,2124,1293,418,697,434,1136,2405,2736,2830,2977,"{""type"":""MultiPoint"",""coordinates"":[]}"
0000000000000000140b_0,2507,1984,617,890,992,1401,2155,2447,2502,2597,"{""type"":""MultiPoint"",""coordinates"":[]}"
0000000000000000140c_0,1117,509,229,412,237,663,1647,1878,2004,2109,"{""type"":""MultiPoint"",""coordinates"":[]}"
00000000000000001410_0,2224,1822,315,518,641,900,1041,1110,1250,1276,"{""type"":""MultiPoint"",""coordinates"":[]}"
00000000000000001413_0,2694,2042,533,745,895,1383,1759,1846,1772,2267,"{""type"":""MultiPoint"",""coordinates"":[]}"
00000000000000001418_0,2644,2115,713,966,975,1409,2083,2244,2414,2385,"{""type"":""MultiPoint"",""coordinates"":[]}"
00000000000000001419_0,1154,568,207,391,201,710,1768,1992,2078,2202,"{""type"":""MultiPoint"",""coordinates"":[]}"
0000000000000000141b_0,822,354,173,337,158,557,1713,1948,2106,2189,"{""type"":""MultiPoint"",""coordinates"":[]}"
00000000000000001420_0,1703,794,296,518,294,861,3072,3676,3286,3871,"{""type"":""MultiPoint"",""coordinates"":[]}"
00000000000000001421_0,4283,2874,988,1204,1488,1892,2400,2687,2912,3055,"{""type"":""MultiPoint"",""coordinates"":[]}"
00000000000000001422_0,1888,787,376,698,325,1022,3551,4229,4363,4573,"{""type"":""MultiPoint"",""coordinates"":[]}"
00000000000000001425_0,2368,1797,512,793,827,1298,2041,2328,2338,2493,"{""type"":""MultiPoint"",""coordinates"":[]}"
00000000000000001426_0,787,397,204,318,207,473,965,1095,1246,1223,"{""type"":""MultiPoint"",""coordinates"":[]}"
00000000000000001428_0,2361,1771,543,784,888,1197,2142,2635,2124,2727,"{""type"":""MultiPoint"",""coordinates"":[]}"
00000000000000001429_0,4647,4163,1504,1660,1676,2545,2825,2894,3266,3245,"{""type"":""MultiPoint"",""coordinates"":[]}"
0000000000000000142a_0,2178,1223,387,678,519,1160,2455,2689,2930,2878,"{""type"":""MultiPoint"",""coordinates"":[]}"
0000000000000000142d_0,3374,2884,800,1090,1394,1662,1824,1961,2116,2162,"{""type"":""MultiPoint"",""coordinates"":[]}"
0000000000000000142e_0,1871,1039,444,669,633,1414,2142,2445,2484,2825,"{""type"":""MultiPoint"",""coordinates"":[]}"
0000000000000000142f_0,1803,827,249,460,315,884,1940,2436,2376,2776,"{""type"":""MultiPoint"",""coordinates"":[]}"
00000000000000001432_0,2846,1734,321,545,758,1114,1489,1713,2048,2163,"{""type"":""MultiPoint"",""coordinates"":[]}"
00000000000000001435_0,1748,756,294,539,319,759,3438,4916,5156,5146,"{""type"":""MultiPoint"",""coordinates"":[]}"
0000000000000000143a_0,2981,2521,756,990,1110,1451,1762,1945,2082,2088,"{""type"":""MultiPoint"",""coordinates"":[]}"
0000000000000000143b_0,1627,859,359,470,384,841,1844,2005,1700,2198,"{""type"":""MultiPoint"",""coordinates"":[]}"
0000000000000000143d_0,2011,1334,520,788,546,1251,2367,3099,3045,3150,"{""type"":""MultiPoint"",""coordinates"":[]}"
0000000000000000143e_0,1011,445,135,363,162,654,2391,2672,3200,3002,"{""type"":""MultiPoint"",""coordinates"":[]}"
0000000000000000143f_0,1754,1005,385,583,733,1234,1915,2174,2468,2294,"{""type"":""MultiPoint"",""coordinates"":[]}"
00000000000000001442_0,2668,1575,454,796,733,1314,2353,2570,2514,2805,"{""type"":""MultiPoint"",""coordinates"":[]}"
00000000000000001444_0,1920,823,218,628,202,1161,3715,4433,4064,4705,"{""type"":""MultiPoint"",""coordinates"":[]}"
00000000000000001447_0,2363,1880,419,661,790,1159,1674,1824,1958,1980,"{""type"":""MultiPoint"",""coordinates"":[]}"
00000000000000001448_0,1986,1089,585,823,816,1287,2085,2290,2618,2602,"{""type"":""MultiPoint"",""coordinates"":[]}"
0000000000000000144a_0,1746,784,285,537,332,908,2569,3198,3255,3527,"{""type"":""MultiPoint"",""coordinates"":[]}"
0000000000000000144f_0,1508,1048,655,796,684,1069,2116,2183,2314,2358,"{""type"":""MultiPoint"",""coordinates"":[]}"
00000000000000001450_0,1091,559,214,387,209,673,1676,1901,1946,2063,"{""type"":""MultiPoint"",""coordinates"":[]}"
00000000000000001452_0,3360,3072,944,1448,1738,2182,2608,2800,2752,2887,"{""type"":""MultiPoint"",""coordinates"":[]}"
00000000000000001457_0,1346,630,117,281,139,535,2227,2719,2942,2967,"{""type"":""MultiPoint"",""coordinates"":[]}"
00000000000000001458_0,1134,541,387,832,374,1312,4199,5224,5128,5086,"{""type"":""MultiPoint"",""coordinates"":[]}"
0000000000000000145c_0,2918,2310,957,1212,1530,1857,2298,2449,2688,2669,"{""type"":""MultiPoint"",""coordinates"":[]}"
00000000000000001460_0,1417,776,300,483,363,748,1650,1911,2172,2203,"{""type"":""MultiPoint"",""coordinates"":[]}"
00000000000000001464_0,3019,2687,637,833,1080,1295,1514,1623,1676,1781,"{""type"":""MultiPoint"",""coordinates"":[]}"
00000000000000001465_0,1183,572,260,418,294,701,1853,2126,2078,2404,"{""type"":""MultiPoint"",""coordinates"":[]}"
0000000000000000146c_0,4233,3864,1050,1322,1568,2036,2428,2753,2554,3080,"{""type"":""MultiPoint"",""coordinates"":[]}"
00000000000000001471_0,2666,2027,574,885,835,1333,2111,2256,2266,2390,"{""type"":""MultiPoint"",""coordinates"":[]}"
00000000000000001474_0,1387,555,189,347,178,557,2347,3291,3019,3443,"{""type"":""MultiPoint"",""coordinates"":[]}"
00000000000000001479_0,1879,1634,340,505,396,752,1490,1878,2406,1917,"{""type"":""MultiPoint"",""coordinates"":[]}"
0000000000000000147a_0,1706,877,583,1110,530,1586,4527,5175,5236,4739,"{""type"":""MultiPoint"",""coordinates"":[]}"
0000000000000000147b_0,1827,721,291,533,258,940,3514,4350,4206,4611,"{""type"":""MultiPoint"",""coordinates"":[]}"
0000000000000000147e_0,2760,1994,583,813,1034,1286,1613,1748,1882,1953,"{""type"":""MultiPoint"",""coordinates"":[]}"
00000000000000001481_0,694,279,205,279,181,441,1390,1730,1726,1948,"{""type"":""MultiPoint"",""coordinates"":[]}"
00000000000000001482_0,1429,890,250,393,342,673,1390,1614,1638,1725,"{""type"":""MultiPoint"",""coordinates"":[]}"
00000000000000001486_0,2841,2316,545,777,876,1271,1774,1877,1936,2053,"{""type"":""MultiPoint"",""coordinates"":[]}"
00000000000000001487_0,2190,1115,299,619,363,1139,2958,3207,3440,3681,"{""type"":""MultiPoint"",""coordinates"":[]}"
00000000000000001489_0,2308,1376,912,1168,1170,1365,2954,3283,3330,3805,"{""type"":""MultiPoint"",""coordinates"":[]}"
0000000000000000148b_0,1837,873,228,480,279,861,2497,2853,2753,3054,"{""type"":""MultiPoint"",""coordinates"":[]}"
0000000000000000148e_0,3956,3700,761,990,1098,1402,1844,2066,2218,2362,"{""type"":""MultiPoint"",""coordinates"":[]}"
0000000000000000148f_0,2381,1720,630,865,1262,1670,1973,2214,2474,2600,"{""type"":""MultiPoint"",""coordinates"":[]}"
00000000000000001493_0,2580,1797,563,844,1058,1410,1882,2088,2210,2334,"{""type"":""MultiPoint"",""coordinates"":[]}"
00000000000000001496_0,876,450,207,256,172,389,1183,1222,1506,1345,"{""type"":""MultiPoint"",""coordinates"":[]}"
0000000000000000149b_0,2596,2034,437,657,819,1081,1461,1598,1666,1749,"{""type"":""MultiPoint"",""coordinates"":[]}"
0000000000000000149d_0,1314,584,283,432,198,665,2150,2458,2448,2615,"{""type"":""MultiPoint"",""coordinates"":[]}"
000000000000000014a0_0,2932,2722,579,897,1188,1394,1558,1685,1866,1831,"{""type"":""MultiPoint"",""coordinates"":[]}"
000000000000000014a3_0,1823,989,192,370,271,799,2190,2864,2298,3002,"{""type"":""MultiPoint"",""coordinates"":[]}"
000000000000000014a4_0,1458,703,330,864,487,1297,4361,5266,5356,5329,"{""type"":""MultiPoint"",""coordinates"":[]}"
000000000000000014a5_0,1613,899,403,537,346,822,2037,2316,2276,2492,"{""type"":""MultiPoint"",""coordinates"":[]}"
000000000000000014aa_0,1096,482,194,690,520,1183,2077,2219,2500,2348,"{""type"":""MultiPoint"",""coordinates"":[]}"
000000000000000014ab_0,2472,1665,655,1036,1226,1801,2675,2945,2918,3216,"{""type"":""MultiPoint"",""coordinates"":[]}"
000000000000000014ad_0,3071,2310,706,1098,1200,1650,2364,2527,2512,2639,"{""type"":""MultiPoint"",""coordinates"":[]}"
000000000000000014b1_0,2038,1573,619,862,1015,1306,1637,1884,1940,2139,"{""type"":""MultiPoint"",""coordinates"":[]}"
000000000000000014b2_0,1620,875,230,443,268,723,1742,2043,2078,2219,"{""type"":""MultiPoint"",""coordinates"":[]}"
000000000000000014b9_0,1019,492,149,315,179,561,1900,2181,2166,2450,"{""type"":""MultiPoint"",""coordinates"":[]}"
000000000000000014be_0,1461,658,287,532,250,783,2680,3230,3658,3487,"{""type"":""MultiPoint"",""coordinates"":[]}"
000000000000000014c2_0,2188,990,240,649,268,1152,4207,5183,5352,5605,"{""type"":""MultiPoint"",""coordinates"":[]}"
000000000000000014c5_0,2563,1900,537,789,949,1355,1840,2234,2886,2598,"{""type"":""MultiPoint"",""coordinates"":[]}"
000000000000000014c6_0,2465,1624,469,764,567,1149,2920,3534,3616,3639,"{""type"":""MultiPoint"",""coordinates"":[]}"
000000000000000014c7_0,2326,1467,355,625,535,1067,2077,2331,2312,2472,"{""type"":""MultiPoint"",""coordinates"":[]}"
000000000000000014ca_0,3212,2725,748,1012,1222,1525,1996,2132,2294,2302,"{""type"":""MultiPoint"",""coordinates"":[]}"
000000000000000014cd_0,1446,676,121,361,260,773,1869,2396,2212,2759,"{""type"":""MultiPoint"",""coordinates"":[]}"
000000000000000014cf_0,1599,930,100,381,287,823,1750,1982,2116,2196,"{""type"":""MultiPoint"",""coordinates"":[]}"
000000000000000014d2_0,2120,1671,471,694,763,1126,1728,1911,1898,2017,"{""type"":""MultiPoint"",""coordinates"":[]}"
000000000000000014d3_0,1420,786,197,368,221,665,1676,1959,1922,2038,"{""type"":""MultiPoint"",""coordinates"":[]}"
000000000000000014d4_0,1419,642,208,549,263,908,2729,3063,3150,3257,"{""type"":""MultiPoint"",""coordinates"":[]}"
000000000000000014db_0,1100,564,223,416,172,614,2152,2685,2634,2869,"{""type"":""MultiPoint"",""coordinates"":[]}"
000000000000000014df_0,3075,2464,761,981,1310,1554,1737,1919,2150,2175,"{""type"":""MultiPoint"",""coordinates"":[]}"
000000000000000014e4_0,2847,1830,667,1030,972,1594,2872,3131,3356,3346,"{""type"":""MultiPoint"",""coordinates"":[]}"
000000000000000014e7_0,1819,1004,371,648,402,1076,2936,3412,3460,3589,"{""type"":""MultiPoint"",""coordinates"":[]}"
000000000000000014e8_0,1423,707,400,807,401,1376,3701,4350,4344,4580,"{""type"":""MultiPoint"",""coordinates"":[]}"
000000000000000014e9_0,2315,1160,347,585,429,1035,2403,2721,2894,3171,"{""type"":""MultiPoint"",""coordinates"":[]}"
000000000000000014ec_0,2783,2150,647,922,980,1333,1860,1993,2022,2066,"{""type"":""MultiPoint"",""coordinates"":[]}"
000000000000000014ef_0,2314,1403,308,546,433,1306,2356,2761,3225,3047,"{""type"":""MultiPoint"",""coordinates"":[]}"
000000000000000014f0_0,1171,469,124,323,219,859,3694,4514,4035,4856,"{""type"":""MultiPoint"",""coordinates"":[]}"
000000000000000014f1_0,1767,1285,581,888,1034,1374,1865,1966,1990,2058,"{""type"":""MultiPoint"",""coordinates"":[]}"
000000000000000014f4_0,3789,3446,974,1288,1686,1911,2038,2210,2364,2393,"{""type"":""MultiPoint"",""coordinates"":[]}"
000000000000000014f5_0,1515,636,236,373,207,748,2893,3622,3724,3820,"{""type"":""MultiPoint"",""coordinates"":[]}"
000000000000000014f6_0,1406,665,299,463,227,726,1993,2373,2273,2447,"{""type"":""MultiPoint"",""coordinates"":[]}"
000000000000000014f9_0,474,524,8816,8360,8432,8555,8229,7841,7988,7420,"{""type"":""MultiPoint"",""coordinates"":[]}"
000000000000000014fa_0,1804,902,401,686,636,1318,2384,2612,2964,2964,"{""type"":""MultiPoint"",""coordinates"":[]}"
000000000000000014fc_0,2636,1650,386,688,1044,1603,1897,2234,2552,2735,"{""type"":""MultiPoint"",""coordinates"":[]}"
000000000000000014fd_0,2321,1243,448,755,518,1250,2877,3286,3626,3658,"{""type"":""MultiPoint"",""coordinates"":[]}"
000000000000000014fe_0,968,565,125,331,336,660,964,1065,1150,1226,"{""type"":""MultiPoint"",""coordinates"":[]}"
00000000000000001501_0,2925,2601,639,935,1146,1418,1959,2149,2288,2377,"{""type"":""MultiPoint"",""coordinates"":[]}"
00000000000000001502_0,1096,458,169,387,207,707,2018,2368,2590,2602,"{""type"":""MultiPoint"",""coordinates"":[]}"
00000000000000001506_0,2865,1929,510,849,865,1472,2312,2513,2686,2711,"{""type"":""MultiPoint"",""coordinates"":[]}"
00000000000000001509_0,2229,2150,555,689,814,971,1138,1246,1260,1335,"{""type"":""MultiPoint"",""coordinates"":[]}"
0000000000000000150a_0,2564,1643,701,1026,1484,1830,1974,2188,2310,2451,"{""type"":""MultiPoint"",""coordinates"":[]}"
0000000000000000150b_0,3254,2688,767,1017,1182,1568,2206,2482,2591,2728,"{""type"":""MultiPoint"",""coordinates"":[]}"
0000000000000000150e_0,2821,1981,607,826,969,1354,1900,2058,2178,2220,"{""type"":""MultiPoint"",""coordinates"":[]}"
00000000000000001512_0,1119,588,325,540,288,689,1612,1988,2370,2035,"{""type"":""MultiPoint"",""coordinates"":[]}"
00000000000000001513_0,2455,1518,479,756,673,1135,1827,1979,2052,2111,"{""type"":""MultiPoint"",""coordinates"":[]}"
00000000000000001516_0,3404,2696,692,967,1146,1512,1971,2169,2360,2458,"{""type"":""MultiPoint"",""coordinates"":[]}"
00000000000000001519_0,1681,721,193,397,183,768,3236,4265,4552,4492,"{""type"":""MultiPoint"",""coordinates"":[]}"
0000000000000000151b_0,2026,848,225,609,264,1135,4506,5643,5546,5888,"{""type"":""MultiPoint"",""coordinates"":[]}"
0000000000000000151e_0,3144,2855,557,722,704,1052,1867,2062,2196,2286,"{""type"":""MultiPoint"",""coordinates"":[]}"
00000000000000001523_0,2613,1933,507,810,943,1327,1710,1873,2012,2094,"{""type"":""MultiPoint"",""coordinates"":[]}"
00000000000000001526_0,3304,2181,697,1064,1252,1793,2517,2804,2841,3055,"{""type"":""MultiPoint"",""coordinates"":[]}"
00000000000000001528_0,2535,1942,518,792,1034,1381,1758,1939,2054,2177,"{""type"":""MultiPoint"",""coordinates"":[]}"
0000000000000000152b_0,3148,2593,707,965,1106,1400,1790,1928,2076,2147,"{""type"":""MultiPoint"",""coordinates"":[]}"
0000000000000000152c_0,1912,1043,382,631,513,908,1932,2174,2644,2449,"{""type"":""MultiPoint"",""coordinates"":[]}"
0000000000000000152d_0,1887,831,344,593,294,888,3219,3907,3986,4235,"{""type"":""MultiPoint"",""coordinates"":[]}"
00000000000000001530_0,2470,1976,618,816,930,1206,1403,1537,1554,1587,"{""type"":""MultiPoint"",""coordinates"":[]}"
00000000000000001534_0,3015,1789,1060,1558,2440,2756,2907,3195,3448,3640,"{""type"":""MultiPoint"",""coordinates"":[]}"
00000000000000001538_0,2874,2260,676,932,1188,1533,1868,2001,2118,2185,"{""type"":""MultiPoint"",""coordinates"":[]}"
0000000000000000153a_0,1807,905,297,393,354,834,1427,1667,1800,1974,"{""type"":""MultiPoint"",""coordinates"":[]}"
0000000000000000153b_0,1647,670,172,422,200,866,2858,3502,3178,3821,"{""type"":""MultiPoint"",""coordinates"":[]}"
0000000000000000153d_0,3363,2985,1242,1770,2140,2412,2670,2753,2698,2723,"{""type"":""MultiPoint"",""coordinates"":[]}"
00000000000000001540_0,1972,1180,339,537,362,809,2572,2889,2976,2991,"{""type"":""MultiPoint"",""coordinates"":[]}"
00000000000000001542_0,1891,886,489,683,395,965,2824,3313,3574,3531,"{""type"":""MultiPoint"",""coordinates"":[]}"
00000000000000001545_0,3241,2655,1038,1352,1600,1783,2039,2192,2370,2324,"{""type"":""MultiPoint"",""coordinates"":[]}"
00000000000000001548_0,642,270,225,298,200,375,1236,1618,1989,1656,"{""type"":""MultiPoint"",""coordinates"":[]}"
0000000000000000154a_0,841,362,111,385,242,580,1240,1358,1560,1378,"{""type"":""MultiPoint"",""coordinates"":[]}"
0000000000000000154d_0,3694,3218,905,1212,1462,1787,2184,2433,2526,2621,"{""type"":""MultiPoint"",""coordinates"":[]}"
00000000000000001552_0,2654,1595,697,973,1019,1333,2779,3089,3042,3452,"{""type"":""MultiPoint"",""coordinates"":[]}"
00000000000000001555_0,1695,783,391,517,365,861,3180,4064,4296,4342,"{""type"":""MultiPoint"",""coordinates"":[]}"
00000000000000001556_0,2481,1296,443,802,637,1350,2767,3111,3242,3366,"{""type"":""MultiPoint"",""coordinates"":[]}"
00000000000000001557_0,2693,1937,344,599,706,1135,1811,2061,2214,2276,"{""type"":""MultiPoint"",""coordinates"":[]}"
0000000000000000155a_0,3113,2656,777,1076,1204,1656,2115,2228,2148,2405,"{""type"":""MultiPoint"",""coordinates"":[]}"
0000000000000000155d_0,2891,2217,669,995,1076,1680,2702,3004,3015,3185,"{""type"":""MultiPoint"",""coordinates"":[]}"
0000000000000000155f_0,2495,1924,693,987,1194,1551,2131,2325,2366,2462,"{""type"":""MultiPoint"",""coordinates"":[]}"
00000000000000001562_0,2388,2318,635,759,943,1062,1131,1249,1290,1366,"{""type"":""MultiPoint"",""coordinates"":[]}"
00000000000000001563_0,1272,561,170,400,168,675,2349,2704,2790,2928,"{""type"":""MultiPoint"",""coordinates"":[]}"
00000000000000001564_0,1758,993,354,513,497,911,1419,1625,1730,1846,"{""type"":""MultiPoint"",""coordinates"":[]}"
00000000000000001567_0,2416,1841,543,711,771,1039,1463,1621,1648,1778,"{""type"":""MultiPoint"",""coordinates"":[]}"
00000000000000001568_0,1069,465,175,444,215,772,1958,2255,2532,2473,"{""type"":""MultiPoint"",""coordinates"":[]}"
0000000000000000156a_0,2095,1081,505,844,587,1216,3057,3725,3372,4069,"{""type"":""MultiPoint"",""coordinates"":[]}"
0000000000000000156f_0,2638,2213,565,741,865,1157,1581,1695,1816,1863,"{""type"":""MultiPoint"",""coordinates"":[]}"
00000000000000001570_0,1081,498,215,323,204,574,1805,2199,2217,2310,"{""type"":""MultiPoint"",""coordinates"":[]}"
00000000000000001572_0,2206,1605,576,886,775,1285,2047,2433,2874,2499,"{""type"":""MultiPoint"",""coordinates"":[]}"
00000000000000001574_0,1125,693,444,647,803,1117,1495,1641,2004,2068,"{""type"":""MultiPoint"",""coordinates"":[]}"
00000000000000001577_0,3087,1916,553,780,847,1345,1955,2216,2476,2559,"{""type"":""MultiPoint"",""coordinates"":[]}"
00000000000000001578_0,1658,952,344,634,596,1114,2148,2624,2724,2913,"{""type"":""MultiPoint"",""coordinates"":[]}"
00000000000000001579_0,2679,1875,695,944,1072,1669,2224,2519,2878,2882,"{""type"":""MultiPoint"",""coordinates"":[]}"
0000000000000000157c_0,2410,1786,564,854,911,1261,1976,2113,2122,2185,"{""type"":""MultiPoint"",""coordinates"":[]}"
0000000000000000157f_0,2659,1601,341,680,411,1201,2704,3054,3461,3206,"{""type"":""MultiPoint"",""coordinates"":[]}"
00000000000000001581_0,2833,1854,423,643,814,1238,1681,1886,1944,2184,"{""type"":""MultiPoint"",""coordinates"":[]}"
00000000000000001584_0,2921,2443,626,800,1007,1297,1656,1781,2010,2042,"{""type"":""MultiPoint"",""coordinates"":[]}"
00000000000000001586_0,1503,602,259,413,174,650,2980,3845,3937,4061,"{""type"":""MultiPoint"",""coordinates"":[]}"
00000000000000001589_0,2428,2020,722,902,1104,1318,1547,1640,1766,1769,"{""type"":""MultiPoint"",""coordinates"":[]}"
0000000000000000158a_0,1652,785,302,648,307,1144,2982,3474,3672,3704,"{""type"":""MultiPoint"",""coordinates"":[]}"
0000000000000000158d_0,3362,2466,613,806,1092,1349,1595,1741,1854,1933,"{""type"":""MultiPoint"",""coordinates"":[]}"
0000000000000000158e_0,2128,1185,428,712,521,1172,2726,3101,3024,3299,"{""type"":""MultiPoint"",""coordinates"":[]}"
00000000000000001591_0,2398,1976,500,767,792,1083,1636,1726,1886,1843,"{""type"":""MultiPoint"",""coordinates"":[]}"
00000000000000001592_0,2010,894,427,642,327,960,3381,4169,4256,4478,"{""type"":""MultiPoint"",""coordinates"":[]}"
00000000000000001594_0,1424,640,255,485,248,812,3386,4401,4632,4673,"{""type"":""MultiPoint"",""coordinates"":[]}"
00000000000000001596_0,1795,1467,668,924,948,1188,1699,1803,1876,1870,"{""type"":""MultiPoint"",""coordinates"":[]}"
00000000000000001599_0,2284,2346,497,560,677,776,820,933,960,1042,"{""type"":""MultiPoint"",""coordinates"":[]}"
0000000000000000159b_0,3068,2885,778,1001,1306,1550,1993,2122,1916,2143,"{""type"":""MultiPoint"",""coordinates"":[]}"
0000000000000000159e_0,2415,1949,604,777,841,1136,1608,1748,1876,1873,"{""type"":""MultiPoint"",""coordinates"":[]}"
0000000000000000159f_0,1222,568,335,543,308,888,2445,2865,2962,3149,"{""type"":""MultiPoint"",""coordinates"":[]}"
000000000000000015a1_0,2536,1184,405,905,504,1497,3915,4280,4964,4919,"{""type"":""MultiPoint"",""coordinates"":[]}"
000000000000000015a3_0,3006,2442,821,1224,1374,1989,2756,2933,2940,3061,"{""type"":""MultiPoint"",""coordinates"":[]}"
000000000000000015a6_0,3519,2963,579,930,1284,1686,2163,2341,2558,2562,"{""type"":""MultiPoint"",""coordinates"":[]}"
000000000000000015a9_0,2652,1410,369,874,760,1507,3005,3509,3706,3965,"{""type"":""MultiPoint"",""coordinates"":[]}"
000000000000000015ab_0,2153,1010,276,662,332,1188,3860,4634,4864,4909,"{""type"":""MultiPoint"",""coordinates"":[]}"
000000000000000015ae_0,2467,2159,599,745,700,1119,2041,2539,2762,2762,"{""type"":""MultiPoint"",""coordinates"":[]}"
000000000000000015b3_0,3642,3060,957,1394,1738,2107,2403,2566,2664,2793,"{""type"":""MultiPoint"",""coordinates"":[]}"
000000000000000015b4_0,2234,1412,423,633,619,1118,1903,2119,2502,2443,"{""type"":""MultiPoint"",""coordinates"":[]}"
000000000000000015b6_0,1590,792,249,358,261,719,1791,2744,2351,2920,"{""type"":""MultiPoint"",""coordinates"":[]}"
000000000000000015b8_0,1707,1107,218,499,486,1108,1740,1835,1678,2027,"{""type"":""MultiPoint"",""coordinates"":[]}"
000000000000000015bb_0,1250,687,273,484,320,767,2165,2770,2566,2878,"{""type"":""MultiPoint"",""coordinates"":[]}"
000000000000000015bc_0,1670,744,243,563,247,936,2990,3495,3716,3644,"{""type"":""MultiPoint"",""coordinates"":[]}"
000000000000000015c0_0,2893,2213,752,984,1208,1566,1644,1857,1864,1920,"{""type"":""MultiPoint"",""coordinates"":[]}"
000000000000000015c4_0,2750,1628,515,824,857,1369,2252,2517,2720,2859,"{""type"":""MultiPoint"",""coordinates"":[]}"
000000000000000015c5_0,2475,1471,232,455,521,963,1332,1524,1794,1890,"{""type"":""MultiPoint"",""coordinates"":[]}"
000000000000000015c8_0,2982,2357,626,908,1082,1654,2108,2334,2314,2516,"{""type"":""MultiPoint"",""coordinates"":[]}"
000000000000000015cb_0,1268,652,299,449,336,687,2819,4358,4700,4677,"{""type"":""MultiPoint"",""coordinates"":[]}"
000000000000000015cd_0,2518,2001,843,1212,1348,1747,2157,2300,2308,2366,"{""type"":""MultiPoint"",""coordinates"":[]}"
000000000000000015d0_0,2293,1459,695,969,1534,1790,1947,2158,2390,2514,"{""type"":""MultiPoint"",""coordinates"":[]}"
000000000000000015d1_0,2521,1580,586,926,1278,1663,2114,2417,2463,2898,"{""type"":""MultiPoint"",""coordinates"":[]}"
000000000000000015d5_0,5416,4585,2020,2746,3416,4054,4122,4248,3930,4120,"{""type"":""MultiPoint"",""coordinates"":[]}"
000000000000000015d8_0,1580,670,342,507,292,599,2648,4051,4180,4290,"{""type"":""MultiPoint"",""coordinates"":[]}"
000000000000000015d9_0,1321,546,148,340,158,826,2868,3451,3076,3619,"{""type"":""MultiPoint"",""coordinates"":[]}"
000000000000000015dd_0,3149,2575,517,837,1042,1573,2253,2504,2492,2740,"{""type"":""MultiPoint"",""coordinates"":[]}"
000000000000000015df_0,2219,1191,249,529,475,1056,1822,2087,2360,2453,"{""type"":""MultiPoint"",""coordinates"":[]}"
000000000000000015e0_0,2783,1653,536,930,1108,1596,2441,2743,3174,3287,"{""type"":""MultiPoint"",""coordinates"":[]}"
000000000000000015e2_0,2680,2039,564,761,921,1151,1465,1586,1680,1794,"{""type"":""MultiPoint"",""coordinates"":[]}"
000000000000000015e3_0,737,355,229,343,215,523,1592,1880,2044,2009,"{""type"":""MultiPoint"",""coordinates"":[]}"
000000000000000015e5_0,1929,778,306,496,247,822,3387,4502,4264,4773,"{""type"":""MultiPoint"",""coordinates"":[]}"
000000000000000015e6_0,3017,2247,647,939,1352,1788,2144,2458,2646,2860,"{""type"":""MultiPoint"",""coordinates"":[]}"
000000000000000015ea_0,3130,2736,767,1080,1376,1634,1789,1900,2078,2043,"{""type"":""MultiPoint"",""coordinates"":[]}"
000000000000000015eb_0,1228,553,256,393,201,651,2042,2455,2468,2668,"{""type"":""MultiPoint"",""coordinates"":[]}"
000000000000000015ed_0,1230,577,155,297,180,584,1804,2204,2084,2437,"{""type"":""MultiPoint"",""coordinates"":[]}"
000000000000000015f2_0,3083,2155,925,1344,1816,2233,2563,2843,3010,3082,"{""type"":""MultiPoint"",""coordinates"":[]}"
000000000000000015f3_0,1792,1093,571,801,1076,1133,1840,2456,2064,2464,"{""type"":""MultiPoint"",""coordinates"":[]}"
000000000000000015f4_0,1472,632,160,339,189,612,2426,3042,3255,3252,"{""type"":""MultiPoint"",""coordinates"":[]}"
000000000000000015f7_0,3387,3063,849,1100,1412,1705,1929,2083,2112,2215,"{""type"":""MultiPoint"",""coordinates"":[]}"
000000000000000015fa_0,3914,2864,892,1284,1860,2254,2598,2901,3012,3295,"{""type"":""MultiPoint"",""coordinates"":[]}"
000000000000000015fb_0,2054,1246,428,696,990,1281,1677,1887,2141,2396,"{""type"":""MultiPoint"",""coordinates"":[]}"
000000000000000015fc_0,3079,2247,540,882,960,1588,2328,2521,2274,2769,"{""type"":""MultiPoint"",""coordinates"":[]}"
000000000000000015ff_0,3558,2926,870,1124,1378,1882,2441,2654,2900,2931,"{""type"":""MultiPoint"",""coordinates"":[]}"
00000000000000001602_0,2247,1429,450,636,759,1110,1903,2350,2504,2636,"{""type"":""MultiPoint"",""coordinates"":[]}"
00000000000000001607_0,3419,3463,653,797,939,1096,1359,1540,1674,1734,"{""type"":""MultiPoint"",""coordinates"":[]}"
00000000000000001608_0,1932,1143,381,613,733,1170,2015,2486,2636,2945,"{""type"":""MultiPoint"",""coordinates"":[]}"
0000000000000000160d_0,1277,565,204,321,190,626,1938,2374,2398,2661,"{""type"":""MultiPoint"",""coordinates"":[]}"
0000000000000000160f_0,2822,2044,631,807,1026,1424,2313,2432,2289,2826,"{""type"":""MultiPoint"",""coordinates"":[]}"
00000000000000001610_0,755,277,117,380,128,633,2045,2438,2618,2584,"{""type"":""MultiPoint"",""coordinates"":[]}"
00000000000000001616_0,1355,578,180,360,162,581,1943,2475,2666,2795,"{""type"":""MultiPoint"",""coordinates"":[]}"
00000000000000001619_0,2084,1502,507,735,837,1192,2117,2337,1960,2483,"{""type"":""MultiPoint"",""coordinates"":[]}"
0000000000000000161d_0,3552,2863,852,1132,1360,1642,2017,2190,2204,2372,"{""type"":""MultiPoint"",""coordinates"":[]}"
0000000000000000161e_0,3464,2574,655,1004,1112,1690,2504,2779,2896,3014,"{""type"":""MultiPoint"",""coordinates"":[]}"
00000000000000001621_0,2229,1802,603,830,932,1316,1706,1903,1924,1996,"{""type"":""MultiPoint"",""coordinates"":[]}"
00000000000000001622_0,1808,955,364,638,391,1024,2321,2576,2620,2755,"{""type"":""MultiPoint"",""coordinates"":[]}"
00000000000000001624_0,2226,1595,589,910,1158,1363,1564,1703,1803,1738,"{""type"":""MultiPoint"",""coordinates"":[]}"
00000000000000001626_0,2685,1841,816,1140,1192,1646,2714,2906,3002,3062,"{""type"":""MultiPoint"",""coordinates"":[]}"
00000000000000001629_0,1669,780,155,350,180,551,2592,3378,3376,3512,"{""type"":""MultiPoint"",""coordinates"":[]}"
0000000000000000162a_0,2173,1456,358,515,448,790,1499,1747,1564,1951,"{""type"":""MultiPoint"",""coordinates"":[]}"
0000000000000000162e_0,3359,2945,952,1306,1718,1960,2184,2256,2426,2389,"{""type"":""MultiPoint"",""coordinates"":[]}"
00000000000000001631_0,1519,589,33,212,99,535,2563,3392,3621,3679,"{""type"":""MultiPoint"",""coordinates"":[]}"
00000000000000001632_0,1919,1206,275,505,438,924,1648,1913,1958,2096,"{""type"":""MultiPoint"",""coordinates"":[]}"
00000000000000001633_0,1604,771,288,485,267,740,2174,2635,2866,2789,"{""type"":""MultiPoint"",""coordinates"":[]}"
00000000000000001638_0,2151,1034,444,811,461,1318,2812,3236,3178,3545,"{""type"":""MultiPoint"",""coordinates"":[]}"
0000000000000000163c_0,1254,568,185,422,226,861,2199,2600,2741,2860,"{""type"":""MultiPoint"",""coordinates"":[]}"
0000000000000000163e_0,1934,1943,409,473,587,638,700,818,847,943,"{""type"":""MultiPoint"",""coordinates"":[]}"
0000000000000000163f_0,3413,2271,841,1088,1182,1619,2137,2340,2414,2565,"{""type"":""MultiPoint"",""coordinates"":[]}"
00000000000000001648_0,4230,3801,1152,1826,2350,2879,3468,3695,3728,3775,"{""type"":""MultiPoint"",""coordinates"":[]}"
0000000000000000164c_0,1408,673,285,430,220,661,2099,2543,2586,2697,"{""type"":""MultiPoint"",""coordinates"":[]}"
0000000000000000164d_0,1057,506,285,471,241,660,1868,2280,2504,2381,"{""type"":""MultiPoint"",""coordinates"":[]}"
00000000000000001654_0,2637,1500,592,890,1126,1677,2322,2674,2718,3149,"{""type"":""MultiPoint"",""coordinates"":[]}"
00000000000000001658_0,4016,3625,1090,1650,1908,2383,3077,3351,3488,3503,"{""type"":""MultiPoint"",""coordinates"":[]}"
00000000000000001659_0,1352,602,304,439,254,686,1998,2331,2350,2587,"{""type"":""MultiPoint"",""coordinates"":[]}"
0000000000000000165b_0,3297,2692,938,1478,1904,2175,2924,3264,3606,3442,"{""type"":""MultiPoint"",""coordinates"":[]}"
0000000000000000165d_0,1677,936,296,626,492,894,1682,1858,2182,2016,"{""type"":""MultiPoint"",""coordinates"":[]}"
00000000000000001661_0,1662,820,486,910,511,1334,3989,4595,4316,4680,"{""type"":""MultiPoint"",""coordinates"":[]}"
00000000000000001662_0,2453,1363,322,550,631,1043,1474,1778,2198,2185,"{""type"":""MultiPoint"",""coordinates"":[]}"
00000000000000001666_0,1588,801,323,466,317,790,2043,2429,2412,2653,"{""type"":""MultiPoint"",""coordinates"":[]}"
00000000000000001669_0,2401,1484,220,550,395,1139,2603,3058,3656,3370,"{""type"":""MultiPoint"",""coordinates"":[]}"
0000000000000000166a_0,2891,1893,504,841,905,1426,2649,3032,3132,3291,"{""type"":""MultiPoint"",""coordinates"":[]}"
0000000000000000166f_0,1706,753,257,612,267,1074,2929,3497,3760,3720,"{""type"":""MultiPoint"",""coordinates"":[]}"
00000000000000001672_0,2972,2053,604,851,895,1231,1953,2165,2366,2365,"{""type"":""MultiPoint"",""coordinates"":[]}"
00000000000000001673_0,1248,608,382,646,472,1109,2017,2157,2288,2468,"{""type"":""MultiPoint"",""coordinates"":[]}"
00000000000000001676_0,2118,1098,481,830,586,1362,3431,3915,4048,4222,"{""type"":""MultiPoint"",""coordinates"":[]}"
00000000000000001677_0,2393,1654,419,658,646,1045,1639,1808,1896,1982,"{""type"":""MultiPoint"",""coordinates"":[]}"
0000000000000000167a_0,2975,2398,594,814,949,1372,1884,2062,2274,2289,"{""type"":""MultiPoint"",""coordinates"":[]}"
0000000000000000167d_0,1857,838,287,484,263,701,3098,4168,4495,4571,"{""type"":""MultiPoint"",""coordinates"":[]}"
0000000000000000167f_0,1079,673,162,454,498,689,902,1048,1280,1046,"{""type"":""MultiPoint"",""coordinates"":[]}"
00000000000000001683_0,3690,3122,1126,1376,1682,1827,2047,2259,2414,2602,"{""type"":""MultiPoint"",""coordinates"":[]}"
00000000000000001684_0,1321,723,420,586,425,802,2185,2911,3132,3007,"{""type"":""MultiPoint"",""coordinates"":[]}"
00000000000000001687_0,2830,2309,816,1072,1148,1406,1704,1802,1900,1912,"{""type"":""MultiPoint"",""coordinates"":[]}"
0000000000000000168a_0,1101,461,230,322,158,387,1634,2053,2360,2376,"{""type"":""MultiPoint"",""coordinates"":[]}"
0000000000000000168b_0,1026,428,226,448,197,628,2403,3069,3364,3217,"{""type"":""MultiPoint"",""coordinates"":[]}"
0000000000000000168c_0,3058,2700,643,959,1206,1497,2040,2273,2370,2423,"{""type"":""MultiPoint"",""coordinates"":[]}"
00000000000000001690_0,1224,562,189,409,219,665,1874,2235,2473,2425,"{""type"":""MultiPoint"",""coordinates"":[]}"
00000000000000001694_0,3892,3404,1482,1976,2456,2681,2819,2917,3020,3027,"{""type"":""MultiPoint"",""coordinates"":[]}"
00000000000000001698_0,3463,2526,743,1005,1282,1684,1986,2240,2234,2471,"{""type"":""MultiPoint"",""coordinates"":[]}"
0000000000000000169d_0,1238,544,183,375,175,719,2218,2877,3018,2963,"{""type"":""MultiPoint"",""coordinates"":[]}"
0000000000000000169f_0,2503,1203,266,658,272,1193,3901,4858,4927,5281,"{""type"":""MultiPoint"",""coordinates"":[]}"
000000000000000016a1_0,2928,1891,728,1005,971,1509,2909,3318,3472,3503,"{""type"":""MultiPoint"",""coordinates"":[]}"
000000000000000016a4_0,3223,2430,684,1034,1182,1609,2348,2589,2664,2837,"{""type"":""MultiPoint"",""coordinates"":[]}"
000000000000000016a5_0,1275,502,180,323,183,648,2470,2928,2802,3314,"{""type"":""MultiPoint"",""coordinates"":[]}"
000000000000000016a9_0,2437,2045,761,1042,1194,1454,1699,1769,1792,1884,"{""type"":""MultiPoint"",""coordinates"":[]}"
000000000000000016ac_0,984,473,259,422,242,681,1874,2260,2181,2480,"{""type"":""MultiPoint"",""coordinates"":[]}"
000000000000000016ad_0,2949,2166,776,982,1180,1414,1650,1784,1928,2032,"{""type"":""MultiPoint"",""coordinates"":[]}"
000000000000000016ae_0,3099,1977,577,954,848,1440,2714,2975,3098,3195,"{""type"":""MultiPoint"",""coordinates"":[]}"
000000000000000016b1_0,3000,2567,783,1024,1310,1438,1634,1773,1912,1946,"{""type"":""MultiPoint"",""coordinates"":[]}"
000000000000000016b2_0,1280,624,187,346,182,601,1804,2158,2329,2307,"{""type"":""MultiPoint"",""coordinates"":[]}"
000000000000000016b3_0,2075,1700,369,601,543,1334,1991,2309,2266,2311,"{""type"":""MultiPoint"",""coordinates"":[]}"
000000000000000016b6_0,2278,1551,372,451,667,1068,1265,1490,1542,1726,"{""type"":""MultiPoint"",""coordinates"":[]}"
000000000000000016bb_0,1648,696,388,602,312,891,2875,3360,3296,3369,"{""type"":""MultiPoint"",""coordinates"":[]}"
000000000000000016be_0,3240,2646,819,1088,1266,1567,2112,2354,2468,2529,"{""type"":""MultiPoint"",""coordinates"":[]}"
000000000000000016c1_0,986,412,138,330,153,602,2076,2575,2810,2840,"{""type"":""MultiPoint"",""coordinates"":[]}"
000000000000000016c2_0,1457,994,338,636,612,844,1274,1544,1547,1606,"{""type"":""MultiPoint"",""coordinates"":[]}"
000000000000000016c3_0,3687,2874,1606,2138,2442,2647,3154,3483,3780,3665,"{""type"":""MultiPoint"",""coordinates"":[]}"
000000000000000016c6_0,4167,3838,824,1454,2014,2353,2474,2630,2842,2794,"{""type"":""MultiPoint"",""coordinates"":[]}"
000000000000000016c9_0,1647,909,362,518,497,989,2140,2446,2462,3051,"{""type"":""MultiPoint"",""coordinates"":[]}"
000000000000000016cb_0,2613,2138,683,922,1154,1428,1583,1647,1764,1807,"{""type"":""MultiPoint"",""coordinates"":[]}"
000000000000000016cc_0,1176,573,313,544,393,815,1954,2235,2496,2496,"{""type"":""MultiPoint"",""coordinates"":[]}"
000000000000000016ce_0,1921,828,250,411,207,618,3050,4173,4416,4284,"{""type"":""MultiPoint"",""coordinates"":[]}"
000000000000000016d0_0,3132,2251,450,720,1046,1437,1766,1960,2216,2299,"{""type"":""MultiPoint"",""coordinates"":[]}"
000000000000000016d3_0,3453,2906,935,1336,1580,2036,2394,2535,2752,2725,"{""type"":""MultiPoint"",""coordinates"":[]}"
000000000000000016d4_0,742,345,145,260,145,531,1171,1389,1483,1527,"{""type"":""MultiPoint"",""coordinates"":[]}"
000000000000000016d6_0,1597,654,293,460,279,612,2971,4450,4396,4591,"{""type"":""MultiPoint"",""coordinates"":[]}"
000000000000000016d8_0,3290,2902,992,1604,2140,2515,2937,3040,3120,3106,"{""type"":""MultiPoint"",""coordinates"":[]}"
000000000000000016dc_0,2365,1061,243,443,206,685,4141,5602,5768,5812,"{""type"":""MultiPoint"",""coordinates"":[]}"
000000000000000016dd_0,1562,685,247,458,302,643,2476,3419,3607,3637,"{""type"":""MultiPoint"",""coordinates"":[]}"
000000000000000016e0_0,2421,1825,731,1009,1176,1442,1852,1964,2002,2095,"{""type"":""MultiPoint"",""coordinates"":[]}"
000000000000000016e3_0,2798,2226,665,810,929,1246,2287,2679,2258,2994,"{""type"":""MultiPoint"",""coordinates"":[]}"
000000000000000016e5_0,319,261,2267,2192,2180,1804,2730,3058,3443,2785,"{""type"":""MultiPoint"",""coordinates"":[]}"
000000000000000016e8_0,4682,4095,2032,2780,3278,3764,3839,4006,3786,3913,"{""type"":""MultiPoint"",""coordinates"":[]}"
000000000000000016e9_0,1809,853,293,539,323,948,2917,3767,3354,3900,"{""type"":""MultiPoint"",""coordinates"":[]}"
000000000000000016eb_0,2577,1383,393,697,760,1281,2255,2631,2966,3026,"{""type"":""MultiPoint"",""coordinates"":[]}"
000000000000000016ed_0,2368,1770,118,526,495,1157,2094,2373,2822,2673,"{""type"":""MultiPoint"",""coordinates"":[]}"
000000000000000016f0_0,2959,2080,553,796,684,1426,2498,2881,3232,3128,"{""type"":""MultiPoint"",""coordinates"":[]}"
000000000000000016f2_0,3265,1878,473,912,544,1507,3629,4139,4228,4386,"{""type"":""MultiPoint"",""coordinates"":[]}"
000000000000000016f5_0,2502,1785,753,1062,1110,1608,2170,2320,2282,2400,"{""type"":""MultiPoint"",""coordinates"":[]}"
000000000000000016f8_0,615,265,28,96,62,254,1083,1417,1328,1578,"{""type"":""MultiPoint"",""coordinates"":[]}"
000000000000000016f9_0,1855,1015,249,414,312,847,1895,2359,2283,2560,"{""type"":""MultiPoint"",""coordinates"":[]}"
000000000000000016fd_0,104,104,228,276,251,326,157,168,183,131,"{""type"":""MultiPoint"",""coordinates"":[]}"
000000000000000016ff_0,2378,1128,401,789,400,1229,3619,4161,3992,4510,"{""type"":""MultiPoint"",""coordinates"":[]}"
00000000000000001702_0,2675,2112,618,913,1024,1379,1924,2066,2126,2218,"{""type"":""MultiPoint"",""coordinates"":[]}"
00000000000000001703_0,2263,1262,430,655,534,1328,2353,2628,2786,2938,"{""type"":""MultiPoint"",""coordinates"":[]}"
00000000000000001705_0,1883,986,328,610,311,946,3171,3775,4219,3935,"{""type"":""MultiPoint"",""coordinates"":[]}"
00000000000000001707_0,2549,1912,415,740,755,1177,1889,2075,2244,2303,"{""type"":""MultiPoint"",""coordinates"":[]}"
0000000000000000170a_0,816,719,3392,4400,4928,4983,3504,3462,3462,2837,"{""type"":""MultiPoint"",""coordinates"":[]}"
0000000000000000170d_0,2440,1396,357,642,448,1117,2463,2650,2974,2905,"{""type"":""MultiPoint"",""coordinates"":[]}"
0000000000000000170f_0,3060,2797,1196,1516,1688,1829,2177,2339,2522,2480,"{""type"":""MultiPoint"",""coordinates"":[]}"
00000000000000001717_0,3031,2636,930,1204,1442,1748,1988,2151,2194,2248,"{""type"":""MultiPoint"",""coordinates"":[]}"
0000000000000000171a_0,1344,631,285,429,246,606,2323,3112,3500,3188,"{""type"":""MultiPoint"",""coordinates"":[]}"
0000000000000000171c_0,2493,1737,344,655,647,1295,2427,2678,2786,2916,"{""type"":""MultiPoint"",""coordinates"":[]}"
0000000000000000171f_0,3620,3316,1240,1598,1948,2092,2206,2317,2556,2490,"{""type"":""MultiPoint"",""coordinates"":[]}"
00000000000000001722_0,1674,842,314,634,267,890,2729,3230,4276,3405,"{""type"":""MultiPoint"",""coordinates"":[]}"
00000000000000001724_0,2747,2151,822,1044,1256,1469,1806,1923,1986,2086,"{""type"":""MultiPoint"",""coordinates"":[]}"
00000000000000001725_0,847,463,128,288,277,482,1191,1499,2134,1600,"{""type"":""MultiPoint"",""coordinates"":[]}"
00000000000000001727_0,1985,1494,431,587,526,927,1807,2133,2564,2345,"{""type"":""MultiPoint"",""coordinates"":[]}"
00000000000000001729_0,2761,2189,643,879,1060,1384,1840,1989,2104,2211,"{""type"":""MultiPoint"",""coordinates"":[]}"
0000000000000000172c_0,4728,4596,1530,2102,2634,3033,3308,3444,3384,3557,"{""type"":""MultiPoint"",""coordinates"":[]}"
0000000000000000172f_0,1568,717,187,396,220,665,2205,2843,3304,3068,"{""type"":""MultiPoint"",""coordinates"":[]}"
00000000000000001731_0,4251,3773,1122,1566,2032,2436,2729,2917,3042,3127,"{""type"":""MultiPoint"",""coordinates"":[]}"
00000000000000001734_0,3013,2263,375,685,932,1374,2075,2300,2608,2590,"{""type"":""MultiPoint"",""coordinates"":[]}"
00000000000000001739_0,2672,2442,927,1216,1416,1558,1679,1771,1798,1816,"{""type"":""MultiPoint"",""coordinates"":[]}"
0000000000000000173e_0,2713,1765,591,838,781,1341,2469,2774,2790,3056,"{""type"":""MultiPoint"",""coordinates"":[]}"
00000000000000001741_0,3848,3248,2002,2518,2714,2849,3098,3197,3508,3358,"{""type"":""MultiPoint"",""coordinates"":[]}"
00000000000000001742_0,821,379,161,256,178,420,1169,1438,1438,1523,"{""type"":""MultiPoint"",""coordinates"":[]}"
00000000000000001744_0,1186,585,188,437,218,503,1523,2027,2381,2033,"{""type"":""MultiPoint"",""coordinates"":[]}"
00000000000000001746_0,3749,3271,1120,1604,1980,2527,2994,3137,3308,3261,"{""type"":""MultiPoint"",""coordinates"":[]}"
00000000000000001749_0,2260,1540,227,567,433,985,2281,2615,2814,2620,"{""type"":""MultiPoint"",""coordinates"":[]}"
0000000000000000174a_0,2307,1478,485,792,758,1271,2437,2874,2878,3155,"{""type"":""MultiPoint"",""coordinates"":[]}"
0000000000000000174e_0,3730,3128,1332,1818,2312,2675,2767,2911,2896,2975,"{""type"":""MultiPoint"",""coordinates"":[]}"
0000000000000000174f_0,1629,641,184,452,182,967,3333,4123,4584,4424,"{""type"":""MultiPoint"",""coordinates"":[]}"
00000000000000001751_0,963,510,229,316,190,534,1561,2056,2204,2261,"{""type"":""MultiPoint"",""coordinates"":[]}"
00000000000000001753_0,1121,633,94,472,277,832,1699,1851,1976,1911,"{""type"":""MultiPoint"",""coordinates"":[]}"
00000000000000001756_0,2950,2422,307,644,952,1107,1258,1387,1674,1575,"{""type"":""MultiPoint"",""coordinates"":[]}"
00000000000000001758_0,1597,936,138,511,267,1104,2302,2686,2920,2923,"{""type"":""MultiPoint"",""coordinates"":[]}"
0000000000000000175b_0,2610,1614,358,615,551,1226,2558,2953,3342,3162,"{""type"":""MultiPoint"",""coordinates"":[]}"
0000000000000000175e_0,1864,835,272,467,278,713,2478,2956,2998,3203,"{""type"":""MultiPoint"",""coordinates"":[]}"
0000000000000000175f_0,2325,1345,317,646,360,1176,2867,3857,4292,3946,"{""type"":""MultiPoint"",""coordinates"":[]}"
00000000000000001763_0,3755,3499,1110,1500,1882,2087,2262,2397,2490,2559,"{""type"":""MultiPoint"",""coordinates"":[]}"
00000000000000001766_0,2241,1207,468,855,611,1591,2984,3458,4059,3923,"{""type"":""MultiPoint"",""coordinates"":[]}"
00000000000000001768_0,1964,1934,875,1094,1222,1335,1560,1617,1624,1593,"{""type"":""MultiPoint"",""coordinates"":[]}"
0000000000000000176c_0,1581,720,360,736,346,1075,4004,4801,4856,4931,"{""type"":""MultiPoint"",""coordinates"":[]}"
00000000000000001770_0,2304,1944,808,1052,1270,1413,1851,1978,2142,2069,"{""type"":""MultiPoint"",""coordinates"":[]}"
00000000000000001774_0,887,449,249,422,236,571,1640,1881,2152,2038,"{""type"":""MultiPoint"",""coordinates"":[]}"
00000000000000001778_0,2789,2382,622,899,1196,1327,1359,1459,1748,1630,"{""type"":""MultiPoint"",""coordinates"":[]}"
00000000000000001779_0,1315,591,224,401,204,563,1731,2330,2710,2225,"{""type"":""MultiPoint"",""coordinates"":[]}"
0000000000000000177a_0,2025,1106,278,425,427,870,1496,1659,1880,2074,"{""type"":""MultiPoint"",""coordinates"":[]}"
0000000000000000177d_0,2532,1764,453,719,905,1293,1911,2045,2178,2239,"{""type"":""MultiPoint"",""coordinates"":[]}"
00000000000000001780_0,2099,1476,474,673,596,1046,2216,2547,2706,2716,"{""type"":""MultiPoint"",""coordinates"":[]}"
00000000000000001781_0,2937,1844,512,763,846,1363,1979,2219,2234,2469,"{""type"":""MultiPoint"",""coordinates"":[]}"
00000000000000001788_0,2588,1199,327,734,304,1342,4709,5904,6059,6287,"{""type"":""MultiPoint"",""coordinates"":[]}"
0000000000000000178a_0,2707,2274,885,1082,1334,1522,1688,1814,1870,1945,"{""type"":""MultiPoint"",""coordinates"":[]}"
0000000000000000178d_0,3164,2409,415,624,921,1272,1718,1902,2066,2169,"{""type"":""MultiPoint"",""coordinates"":[]}"
0000000000000000178e_0,2133,882,281,626,241,1089,4319,5379,5612,5580,"{""type"":""MultiPoint"",""coordinates"":[]}"
00000000000000001792_0,2235,1846,777,1044,1178,1363,1650,1735,1750,1778,"{""type"":""MultiPoint"",""coordinates"":[]}"
00000000000000001795_0,567,265,168,216,114,311,943,1175,1394,1314,"{""type"":""MultiPoint"",""coordinates"":[]}"
00000000000000001796_0,1777,1144,638,938,785,1108,2067,2332,2610,2539,"{""type"":""MultiPoint"",""coordinates"":[]}"
0000000000000000179b_0,1299,614,213,342,178,597,2232,2644,2862,2870,"{""type"":""MultiPoint"",""coordinates"":[]}"
0000000000000000179d_0,2527,2081,680,886,910,1392,2052,2304,2303,2449,"{""type"":""MultiPoint"",""coordinates"":[]}"
0000000000000000179f_0,3510,2965,1070,1294,1390,1761,2191,2453,2224,2588,"{""type"":""MultiPoint"",""coordinates"":[]}"
000000000000000017a3_0,2258,1027,199,598,304,1084,3531,4293,4396,4572,"{""type"":""MultiPoint"",""coordinates"":[]}"
000000000000000017a4_0,1874,945,505,774,572,1034,3142,4243,4352,4533,"{""type"":""MultiPoint"",""coordinates"":[]}"
000000000000000017a8_0,1466,614,195,382,162,817,2993,3736,3855,4114,"{""type"":""MultiPoint"",""coordinates"":[]}"
000000000000000017aa_0,2569,1821,597,852,1500,1726,2720,2897,2754,2858,"{""type"":""MultiPoint"",""coordinates"":[]}"
000000000000000017ab_0,2207,1764,594,771,882,1220,1503,1598,1714,1714,"{""type"":""MultiPoint"",""coordinates"":[]}"
000000000000000017ac_0,3671,3357,913,1386,1820,2041,2487,2673,2898,2840,"{""type"":""MultiPoint"",""coordinates"":[]}"
000000000000000017b1_0,1622,772,385,639,345,966,2593,2893,2972,3138,"{""type"":""MultiPoint"",""coordinates"":[]}"
000000000000000017b4_0,2317,1342,440,709,659,1113,2444,2729,2688,2900,"{""type"":""MultiPoint"",""coordinates"":[]}"
000000000000000017b8_0,2595,1811,720,1008,967,1329,1954,2189,2200,2328,"{""type"":""MultiPoint"",""coordinates"":[]}"
000000000000000017c1_0,2848,2149,722,1226,1566,2035,2776,2927,3040,2985,"{""type"":""MultiPoint"",""coordinates"":[]}"
000000000000000017c5_0,1358,607,199,353,222,486,2384,3520,3522,3705,"{""type"":""MultiPoint"",""coordinates"":[]}"
000000000000000017c6_0,1287,628,174,393,215,651,2563,3602,3511,3811,"{""type"":""MultiPoint"",""coordinates"":[]}"
000000000000000017cc_0,1964,917,323,446,252,829,2672,3575,3688,3753,"{""type"":""MultiPoint"",""coordinates"":[]}"
000000000000000017cd_0,2188,1379,335,662,502,1255,2726,3136,3408,3362,"{""type"":""MultiPoint"",""coordinates"":[]}"
000000000000000017ce_0,424,556,7972,7901,8032,8339,8020,7845,7964,7674,"{""type"":""MultiPoint"",""coordinates"":[]}"
000000000000000017d1_0,3820,3437,1068,1468,1768,2275,2662,2840,2910,2987,"{""type"":""MultiPoint"",""coordinates"":[]}"
000000000000000017d2_0,764,375,210,330,197,499,1282,1516,1696,1664,"{""type"":""MultiPoint"",""coordinates"":[]}"
000000000000000017d6_0,1030,1137,8746,8512,8641,9752,9307,9139,8705,8947,"{""type"":""MultiPoint"",""coordinates"":[]}"
000000000000000017d9_0,1928,1263,462,711,606,1123,2263,2693,2846,2905,"{""type"":""MultiPoint"",""coordinates"":[]}"
000000000000000017da_0,3087,2147,590,896,982,1532,2171,2332,2392,2655,"{""type"":""MultiPoint"",""coordinates"":[]}"
000000000000000017db_0,1481,711,342,499,304,761,2214,2796,2806,3075,"{""type"":""MultiPoint"",""coordinates"":[]}"
000000000000000017de_0,2504,2230,559,742,939,1142,1374,1478,1568,1601,"{""type"":""MultiPoint"",""coordinates"":[]}"
000000000000000017df_0,1834,803,204,449,209,948,3107,3855,4276,4105,"{""type"":""MultiPoint"",""coordinates"":[]}"
000000000000000017e2_0,1535,741,205,433,233,887,2841,3480,3945,3818,"{""type"":""MultiPoint"",""coordinates"":[]}"
000000000000000017e3_0,3892,3484,886,1294,1788,2116,2199,2316,2344,2530,"{""type"":""MultiPoint"",""coordinates"":[]}"
000000000000000017e6_0,3306,2485,235,520,764,1383,2044,2201,2742,2635,"{""type"":""MultiPoint"",""coordinates"":[]}"
000000000000000017e8_0,1279,710,437,570,392,920,2093,2422,1506,2631,"{""type"":""MultiPoint"",""coordinates"":[]}"
000000000000000017f0_0,2224,1511,442,757,763,1340,2564,2929,2896,3090,"{""type"":""MultiPoint"",""coordinates"":[]}"
000000000000000017f3_0,2586,2094,932,1308,1588,1713,1804,1867,2104,1998,"{""type"":""MultiPoint"",""coordinates"":[]}"
000000000000000017f4_0,1599,686,297,459,218,727,2760,3644,3942,3871,"{""type"":""MultiPoint"",""coordinates"":[]}"
000000000000000017fc_0,1645,755,317,517,290,644,2820,4117,4288,4348,"{""type"":""MultiPoint"",""coordinates"":[]}"
000000000000000017fd_0,1623,733,312,511,301,660,2820,3908,3706,4094,"{""type"":""MultiPoint"",""coordinates"":[]}"
00000000000000001800_0,2396,2025,871,1138,1372,1603,2015,2175,2334,2238,"{""type"":""MultiPoint"",""coordinates"":[]}"
00000000000000001801_0,1772,797,168,398,213,825,2569,2994,3106,3459,"{""type"":""MultiPoint"",""coordinates"":[]}"
00000000000000001803_0,1948,988,327,598,357,863,2699,3575,3687,3822,"{""type"":""MultiPoint"",""coordinates"":[]}"
00000000000000001804_0,1914,1042,248,494,368,878,3027,4056,4272,4246,"{""type"":""MultiPoint"",""coordinates"":[]}"
00000000000000001805_0,3738,3442,1054,1584,2194,2488,2786,2935,2922,3039,"{""type"":""MultiPoint"",""coordinates"":[]}"
00000000000000001809_0,2366,968,241,587,214,1109,4152,5268,5084,5594,"{""type"":""MultiPoint"",""coordinates"":[]}"
0000000000000000180b_0,2432,1512,360,619,556,1580,2829,3443,3104,3951,"{""type"":""MultiPoint"",""coordinates"":[]}"
00000000000000001811_0,2943,2170,802,1102,1228,1446,1931,2131,2272,2347,"{""type"":""MultiPoint"",""coordinates"":[]}"
00000000000000001812_0,1799,1332,430,600,630,951,1412,1550,1560,1641,"{""type"":""MultiPoint"",""coordinates"":[]}"
00000000000000001815_0,4142,3880,1704,2426,2976,3035,3259,3371,3918,3457,"{""type"":""MultiPoint"",""coordinates"":[]}"
00000000000000001818_0,6438,4784,2292,2832,3172,3932,4066,4131,4094,4563,"{""type"":""MultiPoint"",""coordinates"":[]}"
0000000000000000181a_0,4109,3610,1508,2006,2392,2713,3016,3177,3330,3296,"{""type"":""MultiPoint"",""coordinates"":[]}"
0000000000000000181e_0,1828,805,298,713,466,1400,3374,4069,4540,4356,"{""type"":""MultiPoint"",""coordinates"":[]}"
0000000000000000181f_0,1704,704,292,466,240,720,2940,3786,3825,4008,"{""type"":""MultiPoint"",""coordinates"":[]}"
00000000000000001823_0,1883,841,224,559,269,1145,3165,3856,4080,4214,"{""type"":""MultiPoint"",""coordinates"":[]}"
00000000000000001826_0,1985,1201,370,621,606,1001,2101,2414,2520,2605,"{""type"":""MultiPoint"",""coordinates"":[]}"
00000000000000001827_0,2883,2290,651,966,1236,1620,2109,2247,2470,2461,"{""type"":""MultiPoint"",""coordinates"":[]}"
0000000000000000182a_0,3318,2978,1007,1374,1630,1759,1995,2104,2432,2309,"{""type"":""MultiPoint"",""coordinates"":[]}"
0000000000000000182c_0,1669,708,163,360,190,704,2535,3123,3230,3541,"{""type"":""MultiPoint"",""coordinates"":[]}"
0000000000000000182d_0,877,383,218,295,211,487,1572,1992,2276,2245,"{""type"":""MultiPoint"",""coordinates"":[]}"
0000000000000000182f_0,2786,2251,600,1046,1508,1744,1885,2019,2152,2146,"{""type"":""MultiPoint"",""coordinates"":[]}"
00000000000000001833_0,3401,2183,566,821,946,1453,2211,2559,2896,2856,"{""type"":""MultiPoint"",""coordinates"":[]}"
00000000000000001834_0,1962,1100,292,487,302,709,2463,3187,3240,3340,"{""type"":""MultiPoint"",""coordinates"":[]}"
00000000000000001837_0,2778,2518,873,1150,1490,1768,2080,2202,2324,2300,"{""type"":""MultiPoint"",""coordinates"":[]}"
0000000000000000183b_0,2998,2316,704,943,1144,1597,1977,2133,2272,2351,"{""type"":""MultiPoint"",""coordinates"":[]}"
0000000000000000183f_0,1739,857,415,760,461,1080,2336,2611,2570,2718,"{""type"":""MultiPoint"",""coordinates"":[]}"
00000000000000001840_0,1361,579,140,375,194,697,2433,3054,3307,3165,"{""type"":""MultiPoint"",""coordinates"":[]}"
00000000000000001844_0,3074,2670,760,913,1174,1361,1543,1683,1840,1883,"{""type"":""MultiPoint"",""coordinates"":[]}"
00000000000000001849_0,2768,1881,444,763,866,1215,1936,2125,2264,2332,"{""type"":""MultiPoint"",""coordinates"":[]}"
0000000000000000184c_0,3582,3213,1072,1446,1770,2132,2334,2473,2592,2597,"{""type"":""MultiPoint"",""coordinates"":[]}"
00000000000000001851_0,3501,3172,1290,1792,2134,2384,2736,2814,2946,2886,"{""type"":""MultiPoint"",""coordinates"":[]}"
00000000000000001854_0,2097,1742,531,620,646,919,1526,1710,1900,1872,"{""type"":""MultiPoint"",""coordinates"":[]}"
0000000000000000185c_0,2026,830,373,715,417,1098,4168,4930,4960,5035,"{""type"":""MultiPoint"",""coordinates"":[]}"
0000000000000000185d_0,1936,1016,393,728,477,1148,2418,2761,2935,2982,"{""type"":""MultiPoint"",""coordinates"":[]}"
0000000000000000185e_0,4335,3610,974,1582,2254,2605,3008,3208,3196,3363,"{""type"":""MultiPoint"",""coordinates"":[]}"
00000000000000001861_0,1009,902,4920,5044,5355,5363,5216,5277,5981,5356,"{""type"":""MultiPoint"",""coordinates"":[]}"
00000000000000001866_0,2872,2314,1074,1522,1912,2052,2164,2264,2278,2390,"{""type"":""MultiPoint"",""coordinates"":[]}"
00000000000000001869_0,2404,1876,529,988,1108,1540,2149,2410,2968,2694,"{""type"":""MultiPoint"",""coordinates"":[]}"
0000000000000000186b_0,2161,1405,494,688,559,1028,2118,2446,2502,2618,"{""type"":""MultiPoint"",""coordinates"":[]}"
0000000000000000186e_0,3250,2998,948,1342,1660,1955,2457,2563,2712,2699,"{""type"":""MultiPoint"",""coordinates"":[]}"
0000000000000000186f_0,1376,584,138,334,181,607,2594,3090,3537,3286,"{""type"":""MultiPoint"",""coordinates"":[]}"
00000000000000001871_0,2668,1505,499,791,498,1463,3657,4423,4623,4593,"{""type"":""MultiPoint"",""coordinates"":[]}"
00000000000000001872_0,1157,524,268,555,322,724,2144,2609,2843,3059,"{""type"":""MultiPoint"",""coordinates"":[]}"
00000000000000001873_0,3510,3240,987,1440,2002,2222,2453,2588,2712,2752,"{""type"":""MultiPoint"",""coordinates"":[]}"
00000000000000001876_0,3431,2956,595,869,1236,1656,2016,2293,2432,2486,"{""type"":""MultiPoint"",""coordinates"":[]}"
00000000000000001878_0,2044,911,430,832,381,1097,3185,3962,4152,4209,"{""type"":""MultiPoint"",""coordinates"":[]}"
0000000000000000187b_0,675,781,8768,8472,8560,8809,8651,8336,8640,8075,"{""type"":""MultiPoint"",""coordinates"":[]}"
0000000000000000187e_0,2207,1165,394,689,639,1198,2748,3316,3526,3738,"{""type"":""MultiPoint"",""coordinates"":[]}"
0000000000000000187f_0,1794,937,242,476,300,954,2537,2846,2962,3170,"{""type"":""MultiPoint"",""coordinates"":[]}"
00000000000000001880_0,3821,3179,1182,1694,2100,2498,3142,3398,3514,3539,"{""type"":""MultiPoint"",""coordinates"":[]}"
00000000000000001883_0,4442,4206,1314,1866,2358,2580,2797,3000,3196,3214,"{""type"":""MultiPoint"",""coordinates"":[]}"
00000000000000001886_0,2027,979,299,754,373,1295,3807,4202,4128,4431,"{""type"":""MultiPoint"",""coordinates"":[]}"
00000000000000001888_0,4038,3737,1550,2220,2758,2929,2943,3014,3162,3065,"{""type"":""MultiPoint"",""coordinates"":[]}"
0000000000000000188b_0,2818,2668,682,860,1156,1330,1386,1497,1534,1672,"{""type"":""MultiPoint"",""coordinates"":[]}"
0000000000000000188d_0,1242,589,238,693,344,1066,3182,3966,4344,4184,"{""type"":""MultiPoint"",""coordinates"":[]}"
00000000000000001890_0,3099,2795,954,1256,1544,1943,2151,2278,2214,2404,"{""type"":""MultiPoint"",""coordinates"":[]}"
00000000000000001891_0,2386,1190,261,572,347,1104,3025,3427,3728,3782,"{""type"":""MultiPoint"",""coordinates"":[]}"
00000000000000001893_0,1296,532,128,288,156,480,1839,2333,2924,2627,"{""type"":""MultiPoint"",""coordinates"":[]}"
00000000000000001895_0,4243,3650,1340,1908,2486,2754,2885,3015,3002,3071,"{""type"":""MultiPoint"",""coordinates"":[]}"
0000000000000000189d_0,2960,2442,976,1378,1576,1673,2270,2460,2562,2585,"{""type"":""MultiPoint"",""coordinates"":[]}"
000000000000000018a2_0,2502,1773,322,568,636,1101,1918,2178,2316,2365,"{""type"":""MultiPoint"",""coordinates"":[]}"
000000000000000018a5_0,3902,3553,1242,1920,2392,2616,2887,3010,3208,3118,"{""type"":""MultiPoint"",""coordinates"":[]}"
000000000000000018a8_0,968,497,152,276,207,560,1595,1858,1834,2081,"{""type"":""MultiPoint"",""coordinates"":[]}"
000000000000000018aa_0,3313,3083,985,1390,1748,2109,2201,2301,2278,2343,"{""type"":""MultiPoint"",""coordinates"":[]}"
000000000000000018ad_0,125,94,1028,1408,1494,1648,1450,1492,1510,1306,"{""type"":""MultiPoint"",""coordinates"":[]}"
000000000000000018af_0,1631,714,330,634,286,962,3197,3788,4051,3952,"{""type"":""MultiPoint"",""coordinates"":[]}"
000000000000000018b2_0,1091,1150,6344,6213,6437,6845,6885,6754,6789,6660,"{""type"":""MultiPoint"",""coordinates"":[]}"
000000000000000018b5_0,2135,1175,394,689,529,1194,2514,3021,3064,3290,"{""type"":""MultiPoint"",""coordinates"":[]}"
000000000000000018b6_0,2639,1433,494,926,624,1561,3133,3484,3349,3732,"{""type"":""MultiPoint"",""coordinates"":[]}"
000000000000000018b7_0,2561,2149,747,1172,1594,1891,2267,2385,2416,2475,"{""type"":""MultiPoint"",""coordinates"":[]}"
000000000000000018ba_0,3339,3059,976,1290,1542,1805,1971,2117,2316,2247,"{""type"":""MultiPoint"",""coordinates"":[]}"
000000000000000018bd_0,2280,1170,401,785,507,1399,3387,4025,4499,4455,"{""type"":""MultiPoint"",""coordinates"":[]}"
000000000000000018bf_0,3563,3139,1030,1600,2100,2096,2185,2280,2712,2488,"{""type"":""MultiPoint"",""coordinates"":[]}"
000000000000000018c4_0,2288,1177,320,668,426,1084,2650,3016,3216,3308,"{""type"":""MultiPoint"",""coordinates"":[]}"
000000000000000018c7_0,3039,2694,821,1150,1396,1581,1964,2074,2298,2291,"{""type"":""MultiPoint"",""coordinates"":[]}"
000000000000000018c8_0,877,347,258,433,219,676,2116,2472,2730,2705,"{""type"":""MultiPoint"",""coordinates"":[]}"
000000000000000018ca_0,2541,1625,519,880,774,1443,2678,3120,3296,3370,"{""type"":""MultiPoint"",""coordinates"":[]}"
000000000000000018cb_0,574,423,3916,4264,4188,3819,4014,3899,4579,4010,"{""type"":""MultiPoint"",""coordinates"":[]}"
000000000000000018cc_0,4190,3669,1132,1736,2360,2607,2819,3014,3068,3056,"{""type"":""MultiPoint"",""coordinates"":[]}"
000000000000000018d0_0,1500,742,160,361,210,684,1871,2071,2200,2386,"{""type"":""MultiPoint"",""coordinates"":[]}"
000000000000000018d4_0,3283,2862,780,1042,1366,1574,1827,1989,2198,2248,"{""type"":""MultiPoint"",""coordinates"":[]}"
000000000000000018d7_0,2054,1057,472,821,521,1141,3348,3968,3992,3952,"{""type"":""MultiPoint"",""coordinates"":[]}"
000000000000000018dd_0,1661,699,205,384,155,710,3031,3750,3820,3841,"{""type"":""MultiPoint"",""coordinates"":[]}"
000000000000000018df_0,2743,1448,325,684,485,1186,3190,3813,4062,4238,"{""type"":""MultiPoint"",""coordinates"":[]}"
000000000000000018e1_0,3090,2933,1050,1442,1758,1950,2174,2290,2368,2315,"{""type"":""MultiPoint"",""coordinates"":[]}"
000000000000000018e4_0,2061,1005,382,662,386,939,3646,4406,4680,4439,"{""type"":""MultiPoint"",""coordinates"":[]}"
000000000000000018e5_0,2549,1351,460,754,704,1275,2312,2661,2754,2950,"{""type"":""MultiPoint"",""coordinates"":[]}"
000000000000000018e9_0,2265,2172,1009,1194,1448,1532,1612,1623,1782,1705,"{""type"":""MultiPoint"",""coordinates"":[]}"
000000000000000018ec_0,3295,2099,742,1012,1460,1788,1956,2145,2592,2439,"{""type"":""MultiPoint"",""coordinates"":[]}"
000000000000000018ee_0,443,576,7617,7657,7736,8248,8088,7984,7856,7713,"{""type"":""MultiPoint"",""coordinates"":[]}"
000000000000000018f4_0,1951,792,222,466,248,869,3366,4144,4128,4505,"{""type"":""MultiPoint"",""coordinates"":[]}"
000000000000000018fa_0,2760,1701,533,763,784,1184,1915,2200,2254,2418,"{""type"":""MultiPoint"",""coordinates"":[]}"
000000000000000018fb_0,2810,2097,731,1090,1200,1838,2456,2743,2622,2884,"{""type"":""MultiPoint"",""coordinates"":[]}"
000000000000000018fe_0,4613,4372,1802,2592,2998,3525,3670,3800,3818,3865,"{""type"":""MultiPoint"",""coordinates"":[]}"
000000000000000018ff_0,2802,1543,428,733,585,1254,2602,3063,3284,3413,"{""type"":""MultiPoint"",""coordinates"":[]}"
00000000000000001901_0,1485,652,185,364,216,498,2387,3588,3688,3686,"{""type"":""MultiPoint"",""coordinates"":[]}"
00000000000000001906_0,2584,1879,403,591,738,1187,1626,1778,1914,2058,"{""type"":""MultiPoint"",""coordinates"":[]}"
00000000000000001907_0,1734,757,278,516,231,809,3125,3983,3828,4151,"{""type"":""MultiPoint"",""coordinates"":[]}"
00000000000000001908_0,2524,1087,477,691,348,1057,4634,5996,5915,6509,"{""type"":""MultiPoint"",""coordinates"":[]}"
0000000000000000190e_0,2205,1107,415,726,485,1112,2895,3329,3506,3692,"{""type"":""MultiPoint"",""coordinates"":[]}"
0000000000000000190f_0,2618,1974,622,810,932,1162,1605,1812,1892,2027,"{""type"":""MultiPoint"",""coordinates"":[]}"
00000000000000001910_0,2259,1504,498,846,880,1455,2074,2250,2254,2392,"{""type"":""MultiPoint"",""coordinates"":[]}"
00000000000000001914_0,1471,569,187,376,183,628,2445,3070,3692,3400,"{""type"":""MultiPoint"",""coordinates"":[]}"
00000000000000001916_0,3454,2577,842,1174,1614,1942,2118,2324,2347,2530,"{""type"":""MultiPoint"",""coordinates"":[]}"
0000000000000000191c_0,3073,1895,407,667,756,1244,1883,2171,2342,2484,"{""type"":""MultiPoint"",""coordinates"":[]}"
00000000000000001921_0,2210,1107,695,926,571,1335,4011,4838,4864,5193,"{""type"":""MultiPoint"",""coordinates"":[]}"
00000000000000001923_0,2366,1040,336,743,335,1453,4165,4787,4720,5082,"{""type"":""MultiPoint"",""coordinates"":[]}"
00000000000000001924_0,3499,2953,954,1184,1544,1726,1786,1939,2060,2116,"{""type"":""MultiPoint"",""coordinates"":[]}"
00000000000000001925_0,3654,3296,1030,1526,2080,2294,2466,2584,2624,2672,"{""type"":""MultiPoint"",""coordinates"":[]}"
00000000000000001929_0,1506,772,238,509,280,876,2338,2650,2810,2917,"{""type"":""MultiPoint"",""coordinates"":[]}"
0000000000000000192d_0,1637,1487,539,755,892,1042,1177,1251,1208,1302,"{""type"":""MultiPoint"",""coordinates"":[]}"
00000000000000001931_0,4415,3359,935,1204,1642,1955,2123,2266,2426,2576,"{""type"":""MultiPoint"",""coordinates"":[]}"
00000000000000001935_0,3851,3691,1406,1822,2094,2443,2739,2891,2932,3025,"{""type"":""MultiPoint"",""coordinates"":[]}"
00000000000000001936_0,3081,2299,1378,1526,1324,1608,2271,2528,2752,2799,"{""type"":""MultiPoint"",""coordinates"":[]}"
00000000000000001938_0,2916,2441,942,1250,1328,2116,2762,2944,3084,2989,"{""type"":""MultiPoint"",""coordinates"":[]}"
0000000000000000193a_0,2731,2958,1118,1442,1614,1706,1812,1855,1914,1899,"{""type"":""MultiPoint"",""coordinates"":[]}"
0000000000000000193d_0,2476,1980,410,631,797,1075,1440,1623,1802,1867,"{""type"":""MultiPoint"",""coordinates"":[]}"
0000000000000000193e_0,1517,647,222,354,205,449,2630,4108,4372,4341,"{""type"":""MultiPoint"",""coordinates"":[]}"
00000000000000001943_0,1610,922,172,303,335,965,1565,1589,1516,2165,"{""type"":""MultiPoint"",""coordinates"":[]}"
00000000000000001946_0,2863,1994,628,888,961,1406,2297,2538,2990,2908,"{""type"":""MultiPoint"",""coordinates"":[]}"
00000000000000001947_0,3645,3026,1186,1628,2222,2483,2598,2729,2910,2868,"{""type"":""MultiPoint"",""coordinates"":[]}"
0000000000000000194a_0,5134,4938,2320,3232,3786,4044,4142,4268,4372,4256,"{""type"":""MultiPoint"",""coordinates"":[]}"
0000000000000000194f_0,4836,4562,1578,2198,2792,3287,3374,3582,3428,3718,"{""type"":""MultiPoint"",""coordinates"":[]}"
00000000000000001953_0,2594,1461,420,760,642,1239,2235,2560,2576,2924,"{""type"":""MultiPoint"",""coordinates"":[]}"
00000000000000001954_0,1575,1173,596,698,574,1167,1592,1648,940,1740,"{""type"":""MultiPoint"",""coordinates"":[]}"
00000000000000001957_0,3377,3145,1234,1658,1990,2261,2566,2708,2912,2831,"{""type"":""MultiPoint"",""coordinates"":[]}"
0000000000000000195b_0,918,534,105,336,342,483,879,906,980,1199,"{""type"":""MultiPoint"",""coordinates"":[]}"
0000000000000000195c_0,3560,3442,1280,1880,2514,2684,2708,2754,2824,2765,"{""type"":""MultiPoint"",""coordinates"":[]}"
00000000000000001960_0,1473,615,224,353,201,687,2544,3161,2910,3385,"{""type"":""MultiPoint"",""coordinates"":[]}"
00000000000000001964_0,3341,2819,1166,1632,1852,2287,2779,3030,3210,3072,"{""type"":""MultiPoint"",""coordinates"":[]}"
00000000000000001967_0,2948,2090,732,1186,1178,1700,2695,2940,2995,3167,"{""type"":""MultiPoint"",""coordinates"":[]}"
00000000000000001968_0,2360,2002,2008,1924,2128,1768,1822,1850,2366,1941,"{""type"":""MultiPoint"",""coordinates"":[]}"
0000000000000000196d_0,2234,963,356,613,258,1021,3437,4400,4452,4637,"{""type"":""MultiPoint"",""coordinates"":[]}"
0000000000000000196f_0,2786,1825,370,706,751,1273,2047,2272,2602,2707,"{""type"":""MultiPoint"",""coordinates"":[]}"
00000000000000001975_0,4653,4079,1023,1250,1656,1944,2019,2231,2330,2588,"{""type"":""MultiPoint"",""coordinates"":[]}"
00000000000000001976_0,2587,2101,821,1142,1220,1469,2551,2987,2908,3169,"{""type"":""MultiPoint"",""coordinates"":[]}"
0000000000000000197a_0,1740,931,208,374,331,781,1523,1767,2296,2128,"{""type"":""MultiPoint"",""coordinates"":[]}"
0000000000000000197c_0,2148,1166,300,548,383,807,3121,4252,4275,4399,"{""type"":""MultiPoint"",""coordinates"":[]}"
0000000000000000197d_0,2559,1921,625,851,1086,1430,1754,1968,2064,2227,"{""type"":""MultiPoint"",""coordinates"":[]}"
00000000000000001983_0,1849,776,216,614,211,1042,3498,4151,4336,4313,"{""type"":""MultiPoint"",""coordinates"":[]}"
00000000000000001986_0,2223,2023,805,1024,1268,1453,1572,1593,1610,1642,"{""type"":""MultiPoint"",""coordinates"":[]}"
0000000000000000198a_0,3217,2243,644,885,955,1739,2551,2698,2620,2954,"{""type"":""MultiPoint"",""coordinates"":[]}"
0000000000000000198b_0,3098,2412,611,955,1190,1563,1778,1892,1990,2087,"{""type"":""MultiPoint"",""coordinates"":[]}"
0000000000000000198f_0,1866,1138,366,564,448,808,2321,2916,2964,3046,"{""type"":""MultiPoint"",""coordinates"":[]}"
00000000000000001993_0,3968,3564,952,1468,1958,2253,2664,2862,2942,3061,"{""type"":""MultiPoint"",""coordinates"":[]}"
00000000000000001997_0,2577,1770,963,1330,1378,1473,2493,2887,3094,3154,"{""type"":""MultiPoint"",""coordinates"":[]}"
0000000000000000199f_0,1444,907,278,478,444,827,1391,1569,1628,1784,"{""type"":""MultiPoint"",""coordinates"":[]}"
000000000000000019a0_0,3565,3079,1044,1494,2014,2408,2725,2891,2872,2977,"{""type"":""MultiPoint"",""coordinates"":[]}"
000000000000000019a6_0,860,454,153,248,214,533,1441,1665,583,1739,"{""type"":""MultiPoint"",""coordinates"":[]}"
000000000000000019a8_0,2751,2718,978,1256,1554,1587,1595,1686,1782,1638,"{""type"":""MultiPoint"",""coordinates"":[]}"
000000000000000019ac_0,2105,996,448,708,430,1046,2900,3656,3682,3857,"{""type"":""MultiPoint"",""coordinates"":[]}"
000000000000000019ad_0,2875,2203,538,819,849,1424,2127,2354,2250,2634,"{""type"":""MultiPoint"",""coordinates"":[]}"
000000000000000019b0_0,3336,2991,1019,1418,1792,1975,2143,2251,2512,2410,"{""type"":""MultiPoint"",""coordinates"":[]}"
000000000000000019b1_0,2435,1112,300,628,311,1081,3244,3882,3857,4194,"{""type"":""MultiPoint"",""coordinates"":[]}"
000000000000000019b4_0,2891,2063,446,714,940,1365,2016,2177,2520,2573,"{""type"":""MultiPoint"",""coordinates"":[]}"
000000000000000019b5_0,4331,3823,1396,1980,2320,2681,3073,3298,3442,3460,"{""type"":""MultiPoint"",""coordinates"":[]}"
000000000000000019b9_0,1389,580,193,344,202,609,2466,3168,2796,3301,"{""type"":""MultiPoint"",""coordinates"":[]}"
000000000000000019ba_0,1511,690,346,647,271,911,2851,3393,3580,3563,"{""type"":""MultiPoint"",""coordinates"":[]}"
000000000000000019bd_0,2598,2165,872,1308,1538,1912,1966,2065,2026,2206,"{""type"":""MultiPoint"",""coordinates"":[]}"
000000000000000019c2_0,3657,3117,704,1070,1540,1913,2141,2322,2480,2581,"{""type"":""MultiPoint"",""coordinates"":[]}"
000000000000000019c5_0,3426,2967,1638,2070,2590,2685,2743,2751,3032,2821,"{""type"":""MultiPoint"",""coordinates"":[]}"
000000000000000019c6_0,1972,871,180,391,179,812,2954,3649,3560,3943,"{""type"":""MultiPoint"",""coordinates"":[]}"
000000000000000019ca_0,2745,2408,773,1136,1580,1781,1809,1922,2026,2014,"{""type"":""MultiPoint"",""coordinates"":[]}"
000000000000000019cf_0,2248,1513,386,607,732,1049,1533,1732,1926,2104,"{""type"":""MultiPoint"",""coordinates"":[]}"
000000000000000019d2_0,2834,2588,992,1284,1572,1740,1858,1950,2030,2005,"{""type"":""MultiPoint"",""coordinates"":[]}"
000000000000000019d3_0,1720,886,236,433,391,951,1899,2258,2370,2728,"{""type"":""MultiPoint"",""coordinates"":[]}"
000000000000000019d7_0,3715,3353,1368,1884,2486,2757,2739,2836,2874,2877,"{""type"":""MultiPoint"",""coordinates"":[]}"
000000000000000019dd_0,1824,883,284,624,434,1285,3126,3668,3937,4027,"{""type"":""MultiPoint"",""coordinates"":[]}"
000000000000000019df_0,1891,740,412,668,397,1079,4414,5623,5636,5881,"{""type"":""MultiPoint"",""coordinates"":[]}"
000000000000000019e4_0,3779,3055,1188,1572,1774,2127,2619,2816,2784,3028,"{""type"":""MultiPoint"",""coordinates"":[]}"
000000000000000019e7_0,3398,2944,1009,1400,1712,2146,2475,2584,2520,2764,"{""type"":""MultiPoint"",""coordinates"":[]}"
000000000000000019e8_0,1451,644,289,623,268,916,2945,3364,3740,3563,"{""type"":""MultiPoint"",""coordinates"":[]}"
000000000000000019ec_0,3367,3382,1110,1550,1782,2001,2061,2165,2112,2198,"{""type"":""MultiPoint"",""coordinates"":[]}"
000000000000000019ef_0,3147,2263,206,488,724,1186,1786,2039,2342,2375,"{""type"":""MultiPoint"",""coordinates"":[]}"
000000000000000019f4_0,2481,2023,590,919,1076,1518,2229,2463,2604,2642,"{""type"":""MultiPoint"",""coordinates"":[]}"
000000000000000019f9_0,3334,2968,959,1384,1952,2260,2448,2562,2636,2670,"{""type"":""MultiPoint"",""coordinates"":[]}"
000000000000000019ff_0,1503,714,308,560,415,962,2772,3599,3819,3976,"{""type"":""MultiPoint"",""coordinates"":[]}"
00000000000000001a01_0,1916,1932,874,1184,1610,1814,1868,1948,1914,1863,"{""type"":""MultiPoint"",""coordinates"":[]}"
00000000000000001a04_0,2113,1418,429,724,550,993,2490,2853,3288,3009,"{""type"":""MultiPoint"",""coordinates"":[]}"
00000000000000001a06_0,3418,2559,633,1058,989,2502,3279,3490,3396,3642,"{""type"":""MultiPoint"",""coordinates"":[]}"
00000000000000001a09_0,1013,496,79,418,254,766,1684,1918,1590,1733,"{""type"":""MultiPoint"",""coordinates"":[]}"
00000000000000001a0c_0,1691,678,218,362,179,704,2802,3622,3526,3863,"{""type"":""MultiPoint"",""coordinates"":[]}"
00000000000000001a0e_0,4857,4751,1738,2508,3372,3507,3578,3713,3920,3780,"{""type"":""MultiPoint"",""coordinates"":[]}"
00000000000000001a16_0,986,635,1802,1974,1960,2064,1990,2091,2046,2098,"{""type"":""MultiPoint"",""coordinates"":[]}"
00000000000000001a1b_0,3253,2457,614,977,1174,1744,2459,2686,2858,2937,"{""type"":""MultiPoint"",""coordinates"":[]}"
00000000000000001a1e_0,4285,3895,2018,2366,2753,3006,3137,3171,3410,3382,"{""type"":""MultiPoint"",""coordinates"":[]}"
00000000000000001a21_0,2335,1115,360,612,394,983,3450,4388,4551,4940,"{""type"":""MultiPoint"",""coordinates"":[]}"
00000000000000001a23_0,3283,3196,1494,2018,2494,2650,2805,2882,2956,2872,"{""type"":""MultiPoint"",""coordinates"":[]}"
00000000000000001a26_0,2818,2068,569,839,803,1260,2681,3103,2998,3288,"{""type"":""MultiPoint"",""coordinates"":[]}"
00000000000000001a27_0,1728,824,215,366,201,773,3085,3392,3386,3863,"{""type"":""MultiPoint"",""coordinates"":[]}"
00000000000000001a28_0,2549,1309,368,920,334,1554,4253,4801,5181,5051,"{""type"":""MultiPoint"",""coordinates"":[]}"
00000000000000001a2b_0,2961,2699,816,1144,1494,1628,1669,1791,1900,1951,"{""type"":""MultiPoint"",""coordinates"":[]}"
00000000000000001a2e_0,2194,1124,367,686,448,1137,3021,3295,3410,3659,"{""type"":""MultiPoint"",""coordinates"":[]}"
00000000000000001a30_0,3848,3469,1278,1902,2414,2807,3085,3198,3200,3253,"{""type"":""MultiPoint"",""coordinates"":[]}"
00000000000000001a33_0,3304,2813,912,1446,1850,2057,2149,2233,2476,2488,"{""type"":""MultiPoint"",""coordinates"":[]}"
00000000000000001a36_0,1780,814,208,491,209,976,3106,3692,3865,4101,"{""type"":""MultiPoint"",""coordinates"":[]}"
00000000000000001a38_0,4483,4391,1190,1664,2160,2621,2665,2854,2770,2953,"{""type"":""MultiPoint"",""coordinates"":[]}"
00000000000000001a3c_0,2631,1474,563,827,789,1341,2485,2860,3018,3062,"{""type"":""MultiPoint"",""coordinates"":[]}"
00000000000000001a3d_0,3423,2563,952,1266,1360,1810,2757,2978,3086,3203,"{""type"":""MultiPoint"",""coordinates"":[]}"
00000000000000001a40_0,3145,2861,1020,1426,1794,2008,2061,2173,2300,2304,"{""type"":""MultiPoint"",""coordinates"":[]}"
00000000000000001a43_0,2196,1106,397,709,509,1193,2792,3330,3322,3547,"{""type"":""MultiPoint"",""coordinates"":[]}"
00000000000000001a45_0,3845,3503,1232,1662,2264,2609,2661,2769,2718,2832,"{""type"":""MultiPoint"",""coordinates"":[]}"
00000000000000001a4a_0,1992,1048,390,723,423,1132,2662,3054,3028,3229,"{""type"":""MultiPoint"",""coordinates"":[]}"
00000000000000001a4d_0,2322,1839,1516,1824,1826,2083,2662,2890,3106,2970,"{""type"":""MultiPoint"",""coordinates"":[]}"
00000000000000001a50_0,3474,2470,719,984,1128,1524,2147,2458,2662,2720,"{""type"":""MultiPoint"",""coordinates"":[]}"
00000000000000001a51_0,1964,1743,740,966,1250,1431,1601,1732,1670,1815,"{""type"":""MultiPoint"",""coordinates"":[]}"
00000000000000001a56_0,1723,653,154,388,151,696,3199,4046,4264,4372,"{""type"":""MultiPoint"",""coordinates"":[]}"
00000000000000001a58_0,3243,2314,796,1196,1418,2023,2522,2775,2910,3120,"{""type"":""MultiPoint"",""coordinates"":[]}"
00000000000000001a5a_0,1857,1876,631,832,1024,1083,1105,1169,1186,1178,"{""type"":""MultiPoint"",""coordinates"":[]}"
00000000000000001a5d_0,2121,1027,344,623,347,1077,3258,3756,4220,4009,"{""type"":""MultiPoint"",""coordinates"":[]}"
00000000000000001a5e_0,2559,1257,449,778,582,1441,3325,3836,3794,4243,"{""type"":""MultiPoint"",""coordinates"":[]}"
00000000000000001a62_0,2270,1726,513,780,982,1454,1962,2145,2248,2360,"{""type"":""MultiPoint"",""coordinates"":[]}"
00000000000000001a63_0,1223,479,214,495,312,928,2381,2862,3310,3070,"{""type"":""MultiPoint"",""coordinates"":[]}"
00000000000000001a65_0,1816,866,325,470,371,832,2122,2619,2564,2959,"{""type"":""MultiPoint"",""coordinates"":[]}"
00000000000000001a67_0,3443,3215,1144,1626,2236,2435,2466,2571,2632,2563,"{""type"":""MultiPoint"",""coordinates"":[]}"
00000000000000001a6b_0,1207,532,222,319,177,571,1907,2426,2295,2589,"{""type"":""MultiPoint"",""coordinates"":[]}"
00000000000000001a6d_0,2871,2070,506,753,735,2014,3521,4130,4092,4445,"{""type"":""MultiPoint"",""coordinates"":[]}"
00000000000000001a73_0,2881,2061,741,1026,1116,1373,1836,1959,2040,2163,"{""type"":""MultiPoint"",""coordinates"":[]}"
00000000000000001a74_0,2246,1594,437,677,617,1025,1804,2021,2160,2206,"{""type"":""MultiPoint"",""coordinates"":[]}"
00000000000000001a77_0,2587,2411,614,1122,1526,1691,1798,1898,1952,1924,"{""type"":""MultiPoint"",""coordinates"":[]}"
00000000000000001a78_0,1896,811,233,530,247,1056,3445,3945,4156,4414,"{""type"":""MultiPoint"",""coordinates"":[]}"
00000000000000001a7f_0,2636,2617,703,976,1266,1433,1535,1651,1762,1770,"{""type"":""MultiPoint"",""coordinates"":[]}"
00000000000000001a80_0,3591,2519,964,1394,1278,2209,2945,3272,3375,3571,"{""type"":""MultiPoint"",""coordinates"":[]}"
00000000000000001a81_0,1767,699,207,420,201,712,3263,4276,4328,4565,"{""type"":""MultiPoint"",""coordinates"":[]}"
00000000000000001a87_0,2844,1645,480,772,654,1420,2913,3608,3936,3910,"{""type"":""MultiPoint"",""coordinates"":[]}"
00000000000000001a88_0,1655,1127,425,562,506,801,1522,1689,1630,1796,"{""type"":""MultiPoint"",""coordinates"":[]}"
00000000000000001a89_0,4022,3721,1272,1826,2358,2738,3013,3155,3182,3232,"{""type"":""MultiPoint"",""coordinates"":[]}"
00000000000000001a8d_0,2272,1095,440,752,437,1240,3602,4262,4420,4567,"{""type"":""MultiPoint"",""coordinates"":[]}"
00000000000000001a8f_0,2234,1665,693,1242,1236,1429,2203,2316,2754,2587,"{""type"":""MultiPoint"",""coordinates"":[]}"
00000000000000001a91_0,2554,2519,782,1048,1354,1599,1629,1688,1682,1768,"{""type"":""MultiPoint"",""coordinates"":[]}"
00000000000000001a96_0,3165,2541,722,980,1290,1603,1833,2032,2190,2274,"{""type"":""MultiPoint"",""coordinates"":[]}"
00000000000000001a9c_0,1296,615,254,448,247,685,2138,2605,2854,2814,"{""type"":""MultiPoint"",""coordinates"":[]}"
00000000000000001a9d_0,237,195,436,486,362,501,1318,1534,1766,1612,"{""type"":""MultiPoint"",""coordinates"":[]}"
00000000000000001aa2_0,1520,662,174,376,210,725,2180,2631,2642,2878,"{""type"":""MultiPoint"",""coordinates"":[]}"
00000000000000001aa3_0,1622,680,332,456,284,812,2790,3620,2966,3734,"{""type"":""MultiPoint"",""coordinates"":[]}"
00000000000000001aa6_0,1693,1548,727,1120,1464,1545,1701,1654,1706,1643,"{""type"":""MultiPoint"",""coordinates"":[]}"
00000000000000001aaa_0,3487,2562,688,1068,1270,1727,2223,2486,2710,2826,"{""type"":""MultiPoint"",""coordinates"":[]}"
00000000000000001aab_0,2704,2203,634,898,1254,1532,1539,1750,1686,1860,"{""type"":""MultiPoint"",""coordinates"":[]}"
00000000000000001aaf_0,3273,2031,464,675,786,1197,1774,2093,2350,2529,"{""type"":""MultiPoint"",""coordinates"":[]}"
00000000000000001ab1_0,1924,1206,418,595,518,1023,1899,2291,2216,2482,"{""type"":""MultiPoint"",""coordinates"":[]}"
00000000000000001ab6_0,2307,1684,527,739,783,1076,1930,2302,2210,2368,"{""type"":""MultiPoint"",""coordinates"":[]}"
00000000000000001ab7_0,2119,923,207,361,175,556,3619,5018,4932,5292,"{""type"":""MultiPoint"",""coordinates"":[]}"
00000000000000001ab8_0,1674,771,255,457,227,646,2521,3397,3771,3450,"{""type"":""MultiPoint"",""coordinates"":[]}"
00000000000000001abf_0,2280,1604,435,662,652,1083,1924,2092,2276,2269,"{""type"":""MultiPoint"",""coordinates"":[]}"
00000000000000001ac3_0,3202,2921,957,1280,1716,1909,2017,2144,2310,2306,"{""type"":""MultiPoint"",""coordinates"":[]}"
00000000000000001ac6_0,1708,694,210,423,193,709,3027,3766,3865,4061,"{""type"":""MultiPoint"",""coordinates"":[]}"
00000000000000001ac8_0,3692,3693,1588,2040,2658,2875,2794,2877,2880,2920,"{""type"":""MultiPoint"",""coordinates"":[]}"
00000000000000001acc_0,1251,657,160,335,286,535,1225,1741,1714,1901,"{""type"":""MultiPoint"",""coordinates"":[]}"
00000000000000001acd_0,1973,1264,444,631,473,972,2131,2300,2692,2533,"{""type"":""MultiPoint"",""coordinates"":[]}"
00000000000000001ad0_0,3418,3061,1678,1960,2382,2612,2852,2976,3182,3062,"{""type"":""MultiPoint"",""coordinates"":[]}"
00000000000000001ad1_0,2080,1012,164,302,487,1172,2068,2358,2832,2976,"{""type"":""MultiPoint"",""coordinates"":[]}"
00000000000000001ad4_0,2950,1586,454,682,831,1701,3164,3707,4128,4282,"{""type"":""MultiPoint"",""coordinates"":[]}"
00000000000000001ad5_0,3620,3632,958,1364,1880,2282,2342,2408,2120,2403,"{""type"":""MultiPoint"",""coordinates"":[]}"
00000000000000001ad9_0,1764,836,297,543,321,817,2980,3688,3540,3816,"{""type"":""MultiPoint"",""coordinates"":[]}"
00000000000000001ada_0,4329,3640,1344,1742,2060,2517,3159,3431,3539,3711,"{""type"":""MultiPoint"",""coordinates"":[]}"
00000000000000001ae1_0,1389,736,245,514,267,735,1945,2267,2692,2405,"{""type"":""MultiPoint"",""coordinates"":[]}"
00000000000000001ae2_0,4230,3824,1274,1918,2404,2848,3314,3498,3592,3535,"{""type"":""MultiPoint"",""coordinates"":[]}"
00000000000000001ae6_0,1669,798,316,529,271,849,2761,3422,3754,3653,"{""type"":""MultiPoint"",""coordinates"":[]}"
00000000000000001ae7_0,1794,864,447,814,532,1224,4185,5010,4884,5136,"{""type"":""MultiPoint"",""coordinates"":[]}"
00000000000000001ae8_0,1348,777,278,428,331,705,1652,1912,1969,2072,"{""type"":""MultiPoint"",""coordinates"":[]}"
00000000000000001aee_0,2048,1070,244,559,379,957,2284,2782,3030,3075,"{""type"":""MultiPoint"",""coordinates"":[]}"
00000000000000001af2_0,4031,4013,1260,1772,2342,2658,2755,2859,2862,2930,"{""type"":""MultiPoint"",""coordinates"":[]}"
00000000000000001af3_0,890,441,144,322,252,704,1655,1918,2190,2199,"{""type"":""MultiPoint"",""coordinates"":[]}"
00000000000000001af6_0,1817,1246,404,648,562,997,1917,2163,2590,2357,"{""type"":""MultiPoint"",""coordinates"":[]}"
00000000000000001af7_0,3653,3634,1094,1638,2248,2389,2448,2538,2570,2511,"{""type"":""MultiPoint"",""coordinates"":[]}"
00000000000000001afb_0,3561,2195,733,949,1276,1548,2586,3087,3152,3511,"{""type"":""MultiPoint"",""coordinates"":[]}"
00000000000000001b03_0,3099,2432,1004,1186,1476,1559,1691,1785,2018,1884,"{""type"":""MultiPoint"",""coordinates"":[]}"
00000000000000001b08_0,1522,626,285,544,240,968,3038,3606,3563,3901,"{""type"":""MultiPoint"",""coordinates"":[]}"
00000000000000001b0c_0,4301,4396,1430,2024,2666,3061,3151,3242,3184,3341,"{""type"":""MultiPoint"",""coordinates"":[]}"
00000000000000001b10_0,1697,732,183,347,148,560,3112,4257,4324,4463,"{""type"":""MultiPoint"",""coordinates"":[]}"
00000000000000001b11_0,1823,898,475,712,434,1018,2650,3204,3184,3500,"{""type"":""MultiPoint"",""coordinates"":[]}"
00000000000000001b14_0,2925,2450,719,1004,1234,1463,1817,1966,2090,2137,"{""type"":""MultiPoint"",""coordinates"":[]}"
00000000000000001b17_0,3067,2892,692,853,1036,1296,1613,1784,1936,1999,"{""type"":""MultiPoint"",""coordinates"":[]}"
00000000000000001b18_0,2823,2212,760,1048,1260,1585,2150,2229,2330,2407,"{""type"":""MultiPoint"",""coordinates"":[]}"
00000000000000001b19_0,3649,3329,1200,1796,2406,2660,2812,2910,2976,2932,"{""type"":""MultiPoint"",""coordinates"":[]}"
00000000000000001b1c_0,3559,3206,1416,1876,2382,2478,2549,2683,2978,2806,"{""type"":""MultiPoint"",""coordinates"":[]}"
00000000000000001b1d_0,1773,833,189,482,191,854,3158,3734,3664,4004,"{""type"":""MultiPoint"",""coordinates"":[]}"
00000000000000001b21_0,2394,2455,1232,1544,1526,1455,1451,1467,1584,1477,"{""type"":""MultiPoint"",""coordinates"":[]}"
00000000000000001b25_0,2868,1799,564,846,886,1389,2038,2314,2380,2569,"{""type"":""MultiPoint"",""coordinates"":[]}"
00000000000000001b26_0,2645,1775,292,531,338,1145,2762,3483,3912,3726,"{""type"":""MultiPoint"",""coordinates"":[]}"
00000000000000001b29_0,2933,2255,1094,1346,1512,1732,2376,2593,2496,2687,"{""type"":""MultiPoint"",""coordinates"":[]}"
00000000000000001b2d_0,1518,1124,247,351,490,789,1064,1335,1092,1413,"{""type"":""MultiPoint"",""coordinates"":[]}"
00000000000000001b2e_0,2241,2375,1016,1290,1504,1628,1678,1756,1658,1664,"{""type"":""MultiPoint"",""coordinates"":[]}"
00000000000000001b33_0,1414,705,328,591,326,936,2344,2635,2570,2754,"{""type"":""MultiPoint"",""coordinates"":[]}"
00000000000000001b36_0,3421,2897,1446,2062,2482,2546,2855,2947,3240,3085,"{""type"":""MultiPoint"",""coordinates"":[]}"
00000000000000001b39_0,3172,3063,680,857,1176,1326,1436,1568,1766,1771,"{""type"":""MultiPoint"",""coordinates"":[]}"
00000000000000001b3a_0,2116,1553,729,1023,1104,1578,2385,2636,2710,2661,"{""type"":""MultiPoint"",""coordinates"":[]}"
00000000000000001b3b_0,4229,3733,1062,1666,2160,2534,2971,3143,3168,3312,"{""type"":""MultiPoint"",""coordinates"":[]}"
00000000000000001b43_0,3487,3287,1188,1670,2240,2366,2486,2608,2750,2697,"{""type"":""MultiPoint"",""coordinates"":[]}"
00000000000000001b47_0,2452,1390,630,821,680,1159,3278,4625,4392,4954,"{""type"":""MultiPoint"",""coordinates"":[]}"
00000000000000001b4b_0,3216,2922,767,968,1322,1512,1646,1727,1852,1889,"{""type"":""MultiPoint"",""coordinates"":[]}"
00000000000000001b4f_0,3028,2296,886,1108,1534,1776,2637,2696,2830,3155,"{""type"":""MultiPoint"",""coordinates"":[]}"
00000000000000001b50_0,3056,2945,998,1360,1854,1959,2048,2154,2234,2188,"{""type"":""MultiPoint"",""coordinates"":[]}"
00000000000000001b53_0,3815,3502,745,1168,1542,2016,2077,2229,2056,2308,"{""type"":""MultiPoint"",""coordinates"":[]}"
00000000000000001b56_0,1983,1062,448,848,817,1466,2977,3633,3874,4052,"{""type"":""MultiPoint"",""coordinates"":[]}"
00000000000000001b5c_0,3614,2356,685,961,1296,1565,1781,1883,1970,2218,"{""type"":""MultiPoint"",""coordinates"":[]}"
00000000000000001b5d_0,2926,2201,703,1024,998,1521,2572,2855,2920,3024,"{""type"":""MultiPoint"",""coordinates"":[]}"
00000000000000001b60_0,3287,3307,1090,1644,2128,2232,2317,2423,2544,2414,"{""type"":""MultiPoint"",""coordinates"":[]}"
00000000000000001b65_0,2494,2254,763,1156,1346,1389,1374,1425,1416,1317,"{""type"":""MultiPoint"",""coordinates"":[]}"
00000000000000001b68_0,3476,3031,1052,1416,1660,1993,2283,2403,2534,2601,"{""type"":""MultiPoint"",""coordinates"":[]}"
00000000000000001b6a_0,1632,684,195,387,167,637,2874,3661,3904,3998,"{""type"":""MultiPoint"",""coordinates"":[]}"
00000000000000001b6d_0,2644,2102,988,1360,1556,1748,2802,3027,3078,3162,"{""type"":""MultiPoint"",""coordinates"":[]}"
00000000000000001b70_0,3104,2591,719,1028,1410,1573,2038,2237,2332,2595,"{""type"":""MultiPoint"",""coordinates"":[]}"
00000000000000001b72_0,4490,4191,1274,1922,2588,2961,3253,3440,3510,3498,"{""type"":""MultiPoint"",""coordinates"":[]}"
00000000000000001b75_0,4503,4142,2074,2800,3572,3636,3654,3682,3926,3748,"{""type"":""MultiPoint"",""coordinates"":[]}"
00000000000000001b76_0,1806,1199,799,1072,1038,1196,2393,2802,2272,2866,"{""type"":""MultiPoint"",""coordinates"":[]}"
00000000000000001b77_0,959,427,141,286,182,547,1627,1957,2068,2146,"{""type"":""MultiPoint"",""coordinates"":[]}"
00000000000000001b7a_0,3044,2109,724,1026,1156,1552,2420,2662,2812,2898,"{""type"":""MultiPoint"",""coordinates"":[]}"
00000000000000001b7e_0,1958,931,314,618,346,1025,3469,4311,4208,4612,"{""type"":""MultiPoint"",""coordinates"":[]}"
00000000000000001b7f_0,2503,1766,529,875,1158,1585,1848,1890,2438,2231,"{""type"":""MultiPoint"",""coordinates"":[]}"
00000000000000001b82_0,3474,3371,1158,1422,1780,2023,2095,2216,2314,2370,"{""type"":""MultiPoint"",""coordinates"":[]}"
00000000000000001b85_0,1698,693,163,400,178,748,2932,3786,3858,4067,"{""type"":""MultiPoint"",""coordinates"":[]}"
00000000000000001b87_0,2840,2718,991,1410,1772,2080,2078,2101,2098,2187,"{""type"":""MultiPoint"",""coordinates"":[]}"
00000000000000001b8f_0,536,434,545,802,1042,1435,1500,1613,1634,1596,"{""type"":""MultiPoint"",""coordinates"":[]}"
00000000000000001b94_0,3871,3483,996,1538,2140,2416,2555,2709,2958,2942,"{""type"":""MultiPoint"",""coordinates"":[]}"
00000000000000001b9c_0,2197,2159,700,1074,1208,1274,1315,1307,1422,1345,"{""type"":""MultiPoint"",""coordinates"":[]}"
00000000000000001b9f_0,2425,1304,272,664,427,1249,3054,3473,3848,3861,"{""type"":""MultiPoint"",""coordinates"":[]}"
00000000000000001ba1_0,1565,866,480,583,596,852,1901,2470,1452,2455,"{""type"":""MultiPoint"",""coordinates"":[]}"
00000000000000001ba4_0,3076,2455,908,1316,1598,1858,2265,2398,2470,2567,"{""type"":""MultiPoint"",""coordinates"":[]}"
00000000000000001ba7_0,2094,948,269,419,247,791,2923,3736,3710,4067,"{""type"":""MultiPoint"",""coordinates"":[]}"
00000000000000001ba9_0,3609,3465,1194,1764,2342,2591,2835,2956,3000,2904,"{""type"":""MultiPoint"",""coordinates"":[]}"
00000000000000001bac_0,3022,2618,807,1168,1556,1798,1855,1989,2136,2138,"{""type"":""MultiPoint"",""coordinates"":[]}"
00000000000000001baf_0,2177,1123,468,736,678,1265,2746,3147,3116,3552,"{""type"":""MultiPoint"",""coordinates"":[]}"
00000000000000001bb1_0,1669,1065,375,678,614,1071,1942,2391,2962,2518,"{""type"":""MultiPoint"",""coordinates"":[]}"
00000000000000001bb6_0,2590,1726,379,650,549,1151,2575,3019,2978,3223,"{""type"":""MultiPoint"",""coordinates"":[]}"
00000000000000001bb9_0,3616,3469,1528,1966,2258,2462,2692,2838,3062,2897,"{""type"":""MultiPoint"",""coordinates"":[]}"
00000000000000001bbe_0,2908,3011,1048,1454,1928,2030,2104,2156,2192,2132,"{""type"":""MultiPoint"",""coordinates"":[]}"
00000000000000001bc1_0,1254,683,366,700,460,1042,2404,2620,3334,2765,"{""type"":""MultiPoint"",""coordinates"":[]}"
00000000000000001bc2_0,2047,836,200,506,202,932,2661,3277,3340,3766,"{""type"":""MultiPoint"",""coordinates"":[]}"
00000000000000001bc4_0,2492,1132,308,855,375,1524,4470,5245,5404,5560,"{""type"":""MultiPoint"",""coordinates"":[]}"
00000000000000001bc6_0,2077,1193,437,721,770,1296,2547,2865,2912,3102,"{""type"":""MultiPoint"",""coordinates"":[]}"
00000000000000001bc9_0,2638,1726,711,860,974,1209,2241,2582,1816,2442,"{""type"":""MultiPoint"",""coordinates"":[]}"
00000000000000001bcb_0,4036,3448,1224,1802,2276,2630,3260,3459,3466,3620,"{""type"":""MultiPoint"",""coordinates"":[]}"
00000000000000001bce_0,3207,2847,1376,1882,2464,2528,2603,2675,3130,2765,"{""type"":""MultiPoint"",""coordinates"":[]}"
00000000000000001bcf_0,4095,3665,1094,1506,1882,2321,2939,3166,3138,3447,"{""type"":""MultiPoint"",""coordinates"":[]}"
00000000000000001bd0_0,1840,1065,242,393,422,715,1170,1344,1600,1738,"{""type"":""MultiPoint"",""coordinates"":[]}"
00000000000000001bd3_0,1732,1728,1064,1280,1470,1425,1442,1410,1600,1369,"{""type"":""MultiPoint"",""coordinates"":[]}"
00000000000000001bdb_0,4151,3825,858,1194,1722,2135,2303,2444,2410,2688,"{""type"":""MultiPoint"",""coordinates"":[]}"
00000000000000001bde_0,1712,740,254,584,310,1096,3207,3827,3970,4177,"{""type"":""MultiPoint"",""coordinates"":[]}"
00000000000000001be0_0,2640,2610,857,1242,1594,1738,1893,1963,2004,2002,"{""type"":""MultiPoint"",""coordinates"":[]}"
00000000000000001be3_0,5307,5036,2370,3024,3694,3876,3959,4026,4424,4225,"{""type"":""MultiPoint"",""coordinates"":[]}"
00000000000000001be4_0,1421,708,156,308,404,868,1431,1525,1952,1923,"{""type"":""MultiPoint"",""coordinates"":[]}"
00000000000000001be6_0,2267,1192,318,648,546,1139,2164,2428,2496,2724,"{""type"":""MultiPoint"",""coordinates"":[]}"
00000000000000001bed_0,4214,3673,1176,1662,2312,2558,2722,2935,2942,3184,"{""type"":""MultiPoint"",""coordinates"":[]}"
00000000000000001bf0_0,3424,3277,1052,1556,1942,2250,2460,2521,2646,2596,"{""type"":""MultiPoint"",""coordinates"":[]}"
00000000000000001bf1_0,2098,957,453,870,474,1532,3453,3781,3536,4021,"{""type"":""MultiPoint"",""coordinates"":[]}"
00000000000000001bf3_0,2441,1438,473,709,567,1225,2518,2991,3108,3333,"{""type"":""MultiPoint"",""coordinates"":[]}"
00000000000000001bf8_0,3353,3111,826,1058,1278,1500,1769,1945,2036,2190,"{""type"":""MultiPoint"",""coordinates"":[]}"
00000000000000001bfa_0,1687,686,244,450,201,656,2929,3842,3830,4073,"{""type"":""MultiPoint"",""coordinates"":[]}"
00000000000000001bfb_0,2245,1039,370,700,333,1081,3578,4423,4528,4677,"{""type"":""MultiPoint"",""coordinates"":[]}"
00000000000000001c00_0,3284,2149,655,1002,1658,2087,2298,2619,2784,3121,"{""type"":""MultiPoint"",""coordinates"":[]}"
00000000000000001c01_0,2771,2095,624,831,926,1250,1711,1829,1992,1971,"{""type"":""MultiPoint"",""coordinates"":[]}"
00000000000000001c02_0,3026,2378,731,1134,1324,1746,2343,2573,2784,2780,"{""type"":""MultiPoint"",""coordinates"":[]}"
00000000000000001c06_0,2683,1709,524,889,688,1466,2984,3289,3445,3495,"{""type"":""MultiPoint"",""coordinates"":[]}"
00000000000000001c07_0,1278,575,225,410,174,653,2669,3419,3094,3582,"{""type"":""MultiPoint"",""coordinates"":[]}"
00000000000000001c0e_0,3484,2069,677,929,1104,1603,2202,2517,2608,2841,"{""type"":""MultiPoint"",""coordinates"":[]}"
00000000000000001c0f_0,4837,4475,1302,1798,2227,2913,3363,3658,3750,3991,"{""type"":""MultiPoint"",""coordinates"":[]}"
00000000000000001c16_0,1848,1237,332,472,586,1002,1804,1987,1940,2213,"{""type"":""MultiPoint"",""coordinates"":[]}"
00000000000000001c17_0,2327,2120,962,1192,1616,1698,1792,1835,1970,1915,"{""type"":""MultiPoint"",""coordinates"":[]}"
00000000000000001c1b_0,2132,1085,240,474,325,986,2507,3033,2798,3295,"{""type"":""MultiPoint"",""coordinates"":[]}"
00000000000000001c1d_0,1701,840,281,421,344,727,2111,2666,2763,2919,"{""type"":""MultiPoint"",""coordinates"":[]}"
00000000000000001c23_0,3466,2910,1002,1320,1708,1939,2007,2096,2260,2351,"{""type"":""MultiPoint"",""coordinates"":[]}"
00000000000000001c24_0,3189,2243,597,1120,1206,1996,3398,3778,3670,4002,"{""type"":""MultiPoint"",""coordinates"":[]}"
00000000000000001c27_0,4573,4358,2346,3189,3980,4088,4060,4143,4603,4183,"{""type"":""MultiPoint"",""coordinates"":[]}"
00000000000000001c28_0,2687,1629,480,761,708,1442,2566,2943,3240,3412,"{""type"":""MultiPoint"",""coordinates"":[]}"
00000000000000001c2c_0,2897,2722,1208,1628,2098,2387,2463,2477,2394,2512,"{""type"":""MultiPoint"",""coordinates"":[]}"
00000000000000001c2f_0,1527,645,92,128,101,641,2031,2616,1488,2781,"{""type"":""MultiPoint"",""coordinates"":[]}"
00000000000000001c30_0,2724,1422,427,652,357,973,3984,5336,5420,5453,"{""type"":""MultiPoint"",""coordinates"":[]}"
00000000000000001c34_0,2887,2406,810,1098,1260,1769,2275,2436,2432,2658,"{""type"":""MultiPoint"",""coordinates"":[]}"
00000000000000001c38_0,2848,2604,855,1130,1336,1621,1666,1792,1790,1937,"{""type"":""MultiPoint"",""coordinates"":[]}"
00000000000000001c3d_0,2192,975,241,494,185,918,3853,5110,4832,5388,"{""type"":""MultiPoint"",""coordinates"":[]}"
00000000000000001c41_0,2813,2704,1194,1558,1738,1773,1861,1958,2036,2012,"{""type"":""MultiPoint"",""coordinates"":[]}"
00000000000000001c45_0,2952,1918,813,1076,1236,1467,2365,2701,2630,3009,"{""type"":""MultiPoint"",""coordinates"":[]}"
00000000000000001c49_0,2072,2002,401,810,1200,1269,1299,1369,1500,1489,"{""type"":""MultiPoint"",""coordinates"":[]}"
00000000000000001c4a_0,1495,606,237,411,202,737,2868,3830,4176,4031,"{""type"":""MultiPoint"",""coordinates"":[]}"
00000000000000001c4d_0,693,243,123,269,128,500,2162,2753,2916,2917,"{""type"":""MultiPoint"",""coordinates"":[]}"
00000000000000001c51_0,2257,1051,286,744,365,1387,4049,4785,4900,5075,"{""type"":""MultiPoint"",""coordinates"":[]}"
00000000000000001c52_0,2671,1679,433,782,472,1326,3086,3672,4408,4010,"{""type"":""MultiPoint"",""coordinates"":[]}"
00000000000000001c56_0,2092,1045,233,609,460,1280,2690,3022,3190,3405,"{""type"":""MultiPoint"",""coordinates"":[]}"
00000000000000001c5a_0,2594,1655,526,745,702,1201,2031,2308,2452,2526,"{""type"":""MultiPoint"",""coordinates"":[]}"
00000000000000001c5b_0,2405,1732,1104,1520,1894,1994,1990,2079,2138,2121,"{""type"":""MultiPoint"",""coordinates"":[]}"
00000000000000001c5e_0,5086,4861,2830,3566,4038,4122,4181,4301,4400,4248,"{""type"":""MultiPoint"",""coordinates"":[]}"
00000000000000001c60_0,3077,1929,526,775,755,1224,2565,3048,2952,3331,"{""type"":""MultiPoint"",""coordinates"":[]}"
00000000000000001c67_0,2340,1193,514,797,628,1243,2855,3465,3430,3816,"{""type"":""MultiPoint"",""coordinates"":[]}"
00000000000000001c6b_0,2847,1984,348,752,751,1275,2021,2218,2366,2427,"{""type"":""MultiPoint"",""coordinates"":[]}"
00000000000000001c6e_0,1968,833,182,416,180,798,2847,3598,3606,3902,"{""type"":""MultiPoint"",""coordinates"":[]}"
00000000000000001c6f_0,3311,3035,1144,1380,1772,1901,2035,2195,2338,2363,"{""type"":""MultiPoint"",""coordinates"":[]}"
00000000000000001c7c_0,4077,3410,1220,1490,1772,2021,2266,2372,2486,2614,"{""type"":""MultiPoint"",""coordinates"":[]}"
00000000000000001c7d_0,3330,2719,789,1036,1266,1626,1869,2058,2170,2349,"{""type"":""MultiPoint"",""coordinates"":[]}"
00000000000000001c81_0,1503,604,123,314,159,704,2367,3166,3515,3455,"{""type"":""MultiPoint"",""coordinates"":[]}"
00000000000000001c89_0,3122,2191,924,1074,1132,1557,2021,2244,2254,2461,"{""type"":""MultiPoint"",""coordinates"":[]}"
00000000000000001c8a_0,3428,3088,997,1276,1570,1999,2158,2351,2324,2533,"{""type"":""MultiPoint"",""coordinates"":[]}"
00000000000000001c8d_0,2183,1664,569,830,963,1263,1942,2147,2146,2270,"{""type"":""MultiPoint"",""coordinates"":[]}"
00000000000000001c90_0,818,617,116,145,108,295,928,1108,1076,997,"{""type"":""MultiPoint"",""coordinates"":[]}"
00000000000000001c91_0,3464,3158,1460,1868,2284,2377,2937,3222,3252,3320,"{""type"":""MultiPoint"",""coordinates"":[]}"
00000000000000001c95_0,5032,4740,2890,3676,4484,4518,4542,4493,5148,4441,"{""type"":""MultiPoint"",""coordinates"":[]}"
00000000000000001c9e_0,3651,2539,725,1018,1106,1700,2392,2673,2666,2975,"{""type"":""MultiPoint"",""coordinates"":[]}"
00000000000000001c9f_0,1951,1346,365,548,579,1032,1831,2018,2180,2282,"{""type"":""MultiPoint"",""coordinates"":[]}"
00000000000000001ca6_0,2597,1613,485,738,1048,1531,2103,2235,2570,2985,"{""type"":""MultiPoint"",""coordinates"":[]}"
00000000000000001ca7_0,2700,2705,1120,1406,1754,1785,1833,1859,2030,1835,"{""type"":""MultiPoint"",""coordinates"":[]}"
00000000000000001cad_0,1996,1273,256,487,386,986,2261,2653,2424,2995,"{""type"":""MultiPoint"",""coordinates"":[]}"
00000000000000001cb4_0,4095,3654,1306,1778,2374,2681,2876,2973,2990,3132,"{""type"":""MultiPoint"",""coordinates"":[]}"
00000000000000001cb8_0,2208,962,278,692,358,1378,3095,3482,3821,3878,"{""type"":""MultiPoint"",""coordinates"":[]}"
00000000000000001cbc_0,2252,2247,1108,1330,1644,1720,1739,1776,1876,1755,"{""type"":""MultiPoint"",""coordinates"":[]}"
00000000000000001cc0_0,2270,1096,352,559,315,800,3410,4575,4440,4724,"{""type"":""MultiPoint"",""coordinates"":[]}"
00000000000000001cc1_0,2391,1701,505,686,937,1250,1550,1722,1856,1995,"{""type"":""MultiPoint"",""coordinates"":[]}"
00000000000000001cc4_0,3537,2949,1056,1508,1936,2395,2663,2866,2876,3028,"{""type"":""MultiPoint"",""coordinates"":[]}"
00000000000000001cc9_0,4635,4168,1742,2678,3696,3983,4057,4121,4300,4118,"{""type"":""MultiPoint"",""coordinates"":[]}"
00000000000000001ccc_0,4578,4208,2072,2706,3344,3473,3545,3639,4024,3751,"{""type"":""MultiPoint"",""coordinates"":[]}"
00000000000000001cd1_0,2599,2134,1070,1364,1600,1786,2100,2210,2518,2316,"{""type"":""MultiPoint"",""coordinates"":[]}"
00000000000000001cd6_0,1951,932,360,669,388,1080,3223,3755,3848,3990,"{""type"":""MultiPoint"",""coordinates"":[]}"
00000000000000001cd9_0,3327,3247,914,1396,1912,1996,2169,2276,2482,2387,"{""type"":""MultiPoint"",""coordinates"":[]}"
00000000000000001cdc_0,2145,1318,512,809,1066,1364,1769,1911,1829,1991,"{""type"":""MultiPoint"",""coordinates"":[]}"
00000000000000001cde_0,3744,4015,1416,1870,2434,2499,2487,2614,2766,2648,"{""type"":""MultiPoint"",""coordinates"":[]}"
00000000000000001ce1_0,2160,1005,232,412,225,886,3339,3993,3786,4231,"{""type"":""MultiPoint"",""coordinates"":[]}"
00000000000000001ce2_0,1922,1076,436,938,875,2114,2907,3177,3399,3521,"{""type"":""MultiPoint"",""coordinates"":[]}"
00000000000000001ce4_0,1414,781,171,265,406,739,1199,1480,1630,1829,"{""type"":""MultiPoint"",""coordinates"":[]}"
00000000000000001ce9_0,3028,2102,508,710,1017,1239,1398,1597,1774,1983,"{""type"":""MultiPoint"",""coordinates"":[]}"
00000000000000001ceb_0,3671,3284,1140,1544,1854,2215,2648,2821,2834,2908,"{""type"":""MultiPoint"",""coordinates"":[]}"
00000000000000001cf3_0,2189,2361,1260,1384,1654,1699,1728,1724,1720,1737,"{""type"":""MultiPoint"",""coordinates"":[]}"
00000000000000001cf7_0,4036,3118,932,1180,1594,2051,2405,2745,2858,3123,"{""type"":""MultiPoint"",""coordinates"":[]}"
00000000000000001cf8_0,1937,1165,360,484,500,1026,2329,2764,2776,3042,"{""type"":""MultiPoint"",""coordinates"":[]}"
00000000000000001cfb_0,2991,2274,1052,1578,1752,2248,3355,3770,3894,3839,"{""type"":""MultiPoint"",""coordinates"":[]}"
00000000000000001d00_0,2572,2648,971,1294,1632,1803,1793,1893,1844,1858,"{""type"":""MultiPoint"",""coordinates"":[]}"
00000000000000001d06_0,1781,858,308,573,363,936,2729,3240,3441,3542,"{""type"":""MultiPoint"",""coordinates"":[]}"
00000000000000001d08_0,2979,2645,1169,1557,1946,2049,2182,2241,2395,2373,"{""type"":""MultiPoint"",""coordinates"":[]}"
00000000000000001d0c_0,3660,3200,995,1322,1604,1929,2186,2346,2352,2587,"{""type"":""MultiPoint"",""coordinates"":[]}"
00000000000000001d0d_0,3785,3414,855,1222,1722,2024,2292,2467,2710,2689,"{""type"":""MultiPoint"",""coordinates"":[]}"
00000000000000001d10_0,3716,3468,1086,1518,2050,2372,2353,2510,2641,2663,"{""type"":""MultiPoint"",""coordinates"":[]}"
00000000000000001d11_0,2081,810,225,576,195,1044,3857,4819,4768,5106,"{""type"":""MultiPoint"",""coordinates"":[]}"
00000000000000001d15_0,1531,1698,561,670,727,773,842,883,800,885,"{""type"":""MultiPoint"",""coordinates"":[]}"
00000000000000001d18_0,2121,948,322,524,278,830,3293,4257,4312,4454,"{""type"":""MultiPoint"",""coordinates"":[]}"
00000000000000001d19_0,2284,1118,334,548,385,830,3358,4615,4320,4766,"{""type"":""MultiPoint"",""coordinates"":[]}"
00000000000000001d1a_0,2077,871,269,520,213,910,3844,4834,4868,5024,"{""type"":""MultiPoint"",""coordinates"":[]}"
00000000000000001d1d_0,2497,1561,404,678,604,1223,2371,2673,2750,2964,"{""type"":""MultiPoint"",""coordinates"":[]}"
00000000000000001d20_0,2383,1562,392,620,689,1141,1741,1886,1990,2145,"{""type"":""MultiPoint"",""coordinates"":[]}"
00000000000000001d22_0,5285,5151,1498,2314,3464,3753,3902,4082,4172,4127,"{""type"":""MultiPoint"",""coordinates"":[]}"
00000000000000001d25_0,4326,4079,1664,2352,2912,3133,3121,3335,3530,3336,"{""type"":""MultiPoint"",""coordinates"":[]}"
00000000000000001d26_0,2486,1370,503,755,766,1261,2610,2932,2508,3238,"{""type"":""MultiPoint"",""coordinates"":[]}"
00000000000000001d28_0,1153,568,156,289,255,536,1423,1736,1966,1985,"{""type"":""MultiPoint"",""coordinates"":[]}"
00000000000000001d2e_0,3480,2374,755,1020,1212,1720,2300,2555,2626,2839,"{""type"":""MultiPoint"",""coordinates"":[]}"
00000000000000001d2f_0,1513,823,298,539,373,861,2605,2962,3050,3170,"{""type"":""MultiPoint"",""coordinates"":[]}"
00000000000000001d32_0,3291,3080,1118,1604,2056,2317,2378,2435,2508,2491,"{""type"":""MultiPoint"",""coordinates"":[]}"
00000000000000001d35_0,2376,1491,618,894,921,1351,2077,2367,2586,2587,"{""type"":""MultiPoint"",""coordinates"":[]}"
00000000000000001d37_0,3309,3269,1320,1826,2330,2821,2846,2926,2630,2890,"{""type"":""MultiPoint"",""coordinates"":[]}"
00000000000000001d3a_0,3187,2196,772,1132,1410,1885,2615,2892,2972,3143,"{""type"":""MultiPoint"",""coordinates"":[]}"
00000000000000001d3b_0,2050,1063,356,588,408,934,2769,3716,3821,4132,"{""type"":""MultiPoint"",""coordinates"":[]}"
00000000000000001d3d_0,1926,1504,231,419,634,873,887,944,1118,1184,"{""type"":""MultiPoint"",""coordinates"":[]}"
00000000000000001d3f_0,644,648,3348,3367,3226,3517,3530,3311,3050,3061,"{""type"":""MultiPoint"",""coordinates"":[]}"
00000000000000001d47_0,4346,4186,2850,3572,4384,4193,4278,4154,5004,4111,"{""type"":""MultiPoint"",""coordinates"":[]}"
00000000000000001d4c_0,2379,2436,1258,1384,1670,1709,1730,1747,1814,1726,"{""type"":""MultiPoint"",""coordinates"":[]}"
00000000000000001d50_0,2386,1327,402,656,565,1042,2367,2840,3108,3079,"{""type"":""MultiPoint"",""coordinates"":[]}"
00000000000000001d54_0,4897,4336,1886,2388,2868,3018,3291,3418,3560,3636,"{""type"":""MultiPoint"",""coordinates"":[]}"
00000000000000001d5d_0,2294,1204,412,799,622,1285,3075,3813,3840,4006,"{""type"":""MultiPoint"",""coordinates"":[]}"
00000000000000001d5f_0,2041,1320,513,793,862,1248,2052,2255,2580,2436,"{""type"":""MultiPoint"",""coordinates"":[]}"
00000000000000001d61_0,2333,1522,600,868,997,1591,3133,3646,3904,3940,"{""type"":""MultiPoint"",""coordinates"":[]}"
00000000000000001d65_0,4733,3888,1654,2160,2584,2943,3195,3378,3464,3604,"{""type"":""MultiPoint"",""coordinates"":[]}"
00000000000000001d69_0,3757,3629,1168,1766,2160,2512,2714,2872,2920,2946,"{""type"":""MultiPoint"",""coordinates"":[]}"
00000000000000001d6a_0,1929,732,277,493,249,953,3453,4390,4588,4796,"{""type"":""MultiPoint"",""coordinates"":[]}"
00000000000000001d71_0,2287,1316,368,633,493,1118,2415,2800,2910,2949,"{""type"":""MultiPoint"",""coordinates"":[]}"
00000000000000001d72_0,1694,744,225,425,260,581,2980,4808,4532,4975,"{""type"":""MultiPoint"",""coordinates"":[]}"
00000000000000001d74_0,1538,728,271,500,300,931,2882,3473,3416,3632,"{""type"":""MultiPoint"",""coordinates"":[]}"
00000000000000001d79_0,546,296,197,284,187,377,1003,1214,1316,1339,"{""type"":""MultiPoint"",""coordinates"":[]}"
00000000000000001d7b_0,3875,3399,904,1404,1868,2135,2588,2763,2956,2930,"{""type"":""MultiPoint"",""coordinates"":[]}"
00000000000000001d7f_0,2105,999,268,598,433,1159,2651,3108,3176,3567,"{""type"":""MultiPoint"",""coordinates"":[]}"
00000000000000001d83_0,4272,4081,1470,2040,2850,3113,3204,3252,3318,3278,"{""type"":""MultiPoint"",""coordinates"":[]}"
00000000000000001d87_0,3223,2273,782,1076,1224,1442,2063,2262,2336,2484,"{""type"":""MultiPoint"",""coordinates"":[]}"
00000000000000001d88_0,1758,829,278,496,334,797,2905,3739,3886,3952,"{""type"":""MultiPoint"",""coordinates"":[]}"
00000000000000001d8b_0,3209,2466,762,1176,1234,1818,2791,3019,3180,3252,"{""type"":""MultiPoint"",""coordinates"":[]}"
00000000000000001d8f_0,2096,1659,413,598,811,1048,1418,1603,1640,1689,"{""type"":""MultiPoint"",""coordinates"":[]}"
00000000000000001d90_0,3834,3817,1590,2128,2692,2887,2874,2921,3018,2901,"{""type"":""MultiPoint"",""coordinates"":[]}"
00000000000000001d93_0,1816,1074,193,494,292,1103,2350,2882,3050,3179,"{""type"":""MultiPoint"",""coordinates"":[]}"
00000000000000001d94_0,2618,1226,229,566,217,937,4574,5785,5747,5967,"{""type"":""MultiPoint"",""coordinates"":[]}"
00000000000000001d96_0,3418,2494,989,1694,2520,2283,2719,3234,3542,3292,"{""type"":""MultiPoint"",""coordinates"":[]}"
00000000000000001d98_0,2835,1843,786,1081,1459,1877,2220,2453,2714,2838,"{""type"":""MultiPoint"",""coordinates"":[]}"
00000000000000001da9_0,1950,855,320,470,281,695,2951,4719,4872,4864,"{""type"":""MultiPoint"",""coordinates"":[]}"
00000000000000001daa_0,2005,807,356,530,308,910,3428,4220,4268,4528,"{""type"":""MultiPoint"",""coordinates"":[]}"
00000000000000001db1_0,3234,2916,940,1180,1486,1676,1864,1951,2062,2137,"{""type"":""MultiPoint"",""coordinates"":[]}"
00000000000000001db2_0,3133,3023,972,1476,1996,2196,2276,2300,2360,2258,"{""type"":""MultiPoint"",""coordinates"":[]}"
00000000000000001db6_0,2197,1470,474,786,695,1157,2456,2960,3172,3221,"{""type"":""MultiPoint"",""coordinates"":[]}"
00000000000000001dba_0,1873,919,453,735,504,1157,4074,4954,5040,5046,"{""type"":""MultiPoint"",""coordinates"":[]}"
00000000000000001dbe_0,4144,2967,1002,1326,1682,2092,2423,2674,2778,2965,"{""type"":""MultiPoint"",""coordinates"":[]}"
00000000000000001dc3_0,2360,1123,297,646,331,1071,3588,4542,4628,4846,"{""type"":""MultiPoint"",""coordinates"":[]}"
00000000000000001dc5_0,3086,1908,554,879,934,1699,2469,2810,2925,3162,"{""type"":""MultiPoint"",""coordinates"":[]}"
00000000000000001dca_0,3623,3025,1312,1700,2096,2326,2426,2579,2592,2778,"{""type"":""MultiPoint"",""coordinates"":[]}"
00000000000000001dcb_0,2054,1222,385,624,515,1127,2183,2526,2526,2757,"{""type"":""MultiPoint"",""coordinates"":[]}"
00000000000000001dcd_0,1966,1217,212,442,402,690,1309,1446,1819,1537,"{""type"":""MultiPoint"",""coordinates"":[]}"
00000000000000001dcf_0,2605,2245,762,1132,1368,1766,1940,2076,2058,2172,"{""type"":""MultiPoint"",""coordinates"":[]}"
00000000000000001dd2_0,2516,1390,328,680,758,1320,2522,3115,3420,3508,"{""type"":""MultiPoint"",""coordinates"":[]}"
00000000000000001dd3_0,1764,786,213,483,207,904,3095,3814,4200,4139,"{""type"":""MultiPoint"",""coordinates"":[]}"
00000000000000001dd4_0,1807,890,390,601,422,781,2756,3844,3906,3980,"{""type"":""MultiPoint"",""coordinates"":[]}"
00000000000000001dd7_0,4195,4112,2182,2974,3480,3484,3460,3555,3858,3533,"{""type"":""MultiPoint"",""coordinates"":[]}"
00000000000000001dd8_0,2045,872,451,588,364,890,2693,3371,3732,3851,"{""type"":""MultiPoint"",""coordinates"":[]}"
00000000000000001ddc_0,3445,3341,1552,2024,2454,2607,2592,2595,2678,2670,"{""type"":""MultiPoint"",""coordinates"":[]}"
00000000000000001de8_0,2268,2008,896,1090,1328,1522,1657,1731,1738,1794,"{""type"":""MultiPoint"",""coordinates"":[]}"
00000000000000001ded_0,2375,1920,369,547,838,997,1132,1257,1428,1500,"{""type"":""MultiPoint"",""coordinates"":[]}"
00000000000000001def_0,4510,3932,1376,1914,2442,2801,3353,3672,3738,3888,"{""type"":""MultiPoint"",""coordinates"":[]}"
00000000000000001df1_0,3027,2808,1550,1886,2226,2493,2538,2631,2692,2697,"{""type"":""MultiPoint"",""coordinates"":[]}"
00000000000000001df5_0,3783,3161,1030,1390,1722,1990,2200,2321,2376,2495,"{""type"":""MultiPoint"",""coordinates"":[]}"
00000000000000001df6_0,2664,1971,582,808,894,1245,1797,1991,2062,2204,"{""type"":""MultiPoint"",""coordinates"":[]}"
00000000000000001dfa_0,1541,663,186,496,178,918,3019,3530,3754,3716,"{""type"":""MultiPoint"",""coordinates"":[]}"
00000000000000001e02_0,3407,2179,612,908,1036,1612,2474,2800,2883,3246,"{""type"":""MultiPoint"",""coordinates"":[]}"
00000000000000001e03_0,1593,711,278,672,250,1099,3199,3612,3884,3819,"{""type"":""MultiPoint"",""coordinates"":[]}"
00000000000000001e06_0,3713,3505,1312,1686,2071,2243,2325,2445,2637,2643,"{""type"":""MultiPoint"",""coordinates"":[]}"
00000000000000001e09_0,1741,753,173,354,197,698,2595,3206,3515,3526,"{""type"":""MultiPoint"",""coordinates"":[]}"
00000000000000001e0a_0,3046,2220,830,1076,1320,1676,2141,2283,2402,2493,"{""type"":""MultiPoint"",""coordinates"":[]}"
00000000000000001e0e_0,3733,3371,1302,1744,2266,2420,2476,2576,2886,2727,"{""type"":""MultiPoint"",""coordinates"":[]}"
00000000000000001e0f_0,3084,2323,792,1334,1428,1839,3144,3496,3692,3584,"{""type"":""MultiPoint"",""coordinates"":[]}"
00000000000000001e13_0,1841,1562,1262,1582,1708,1413,1451,1478,1762,1493,"{""type"":""MultiPoint"",""coordinates"":[]}"
00000000000000001e17_0,3226,2446,776,1054,1278,1469,1957,2123,2276,2331,"{""type"":""MultiPoint"",""coordinates"":[]}"
00000000000000001e18_0,1919,1010,352,583,447,990,2308,2645,2956,2877,"{""type"":""MultiPoint"",""coordinates"":[]}"
00000000000000001e1b_0,2963,2543,844,1280,1670,1818,2027,2185,2428,2340,"{""type"":""MultiPoint"",""coordinates"":[]}"
00000000000000001e1e_0,1366,671,195,498,308,974,3138,4030,4472,4321,"{""type"":""MultiPoint"",""coordinates"":[]}"
00000000000000001e1f_0,919,494,139,260,225,499,1440,1725,2157,1837,"{""type"":""MultiPoint"",""coordinates"":[]}"
00000000000000001e20_0,4052,3903,1426,2008,2692,2884,2946,2988,3098,2995,"{""type"":""MultiPoint"",""coordinates"":[]}"
00000000000000001e23_0,2797,1944,659,993,1021,1689,2591,2774,2866,3144,"{""type"":""MultiPoint"",""coordinates"":[]}"
00000000000000001e24_0,2038,862,265,423,218,636,3909,5554,5664,5808,"{""type"":""MultiPoint"",""coordinates"":[]}"
00000000000000001e26_0,3848,3089,864,1048,1325,2261,2861,3078,3452,3166,"{""type"":""MultiPoint"",""coordinates"":[]}"
00000000000000001e28_0,1605,856,561,1021,886,1626,2868,3347,3574,3712,"{""type"":""MultiPoint"",""coordinates"":[]}"
00000000000000001e2b_0,2652,2220,1522,1654,1936,1890,2025,2232,2414,2316,"{""type"":""MultiPoint"",""coordinates"":[]}"
00000000000000001e2d_0,2644,1926,710,974,944,1279,2289,2500,2526,2672,"{""type"":""MultiPoint"",""coordinates"":[]}"
00000000000000001e30_0,4941,4679,1292,2208,3176,3329,3390,3505,3982,3690,"{""type"":""MultiPoint"",""coordinates"":[]}"
00000000000000001e31_0,1937,765,223,446,222,777,3601,4591,4638,4974,"{""type"":""MultiPoint"",""coordinates"":[]}"
00000000000000001e35_0,3110,3372,1322,1688,2114,1972,1991,2040,2246,2020,"{""type"":""MultiPoint"",""coordinates"":[]}"
00000000000000001e3a_0,2360,1071,305,725,306,1133,3880,4755,5060,5056,"{""type"":""MultiPoint"",""coordinates"":[]}"
00000000000000001e3d_0,2655,1901,745,1138,1202,1710,2532,2758,2980,2978,"{""type"":""MultiPoint"",""coordinates"":[]}"
00000000000000001e40_0,2425,1552,880,1234,1194,1469,2584,2904,3108,3159,"{""type"":""MultiPoint"",""coordinates"":[]}"
00000000000000001e41_0,2871,2546,908,1104,1278,1524,1628,1785,1732,1889,"{""type"":""MultiPoint"",""coordinates"":[]}"
00000000000000001e42_0,3003,2972,1094,1660,2214,2494,2616,2773,2734,2694,"{""type"":""MultiPoint"",""coordinates"":[]}"
00000000000000001e48_0,2764,2142,952,1560,2300,1786,2398,2480,3063,2645,"{""type"":""MultiPoint"",""coordinates"":[]}"
00000000000000001e4a_0,4081,3995,1986,2750,3218,3382,3406,3445,3608,3468,"{""type"":""MultiPoint"",""coordinates"":[]}"
00000000000000001e4e_0,2989,2324,791,1023,1186,1455,1767,1891,1970,2021,"{""type"":""MultiPoint"",""coordinates"":[]}"
00000000000000001e4f_0,1992,1025,443,604,404,916,2542,3087,3028,3199,"{""type"":""MultiPoint"",""coordinates"":[]}"
00000000000000001e52_0,3553,3393,1336,1848,2352,2463,2550,2671,2850,2736,"{""type"":""MultiPoint"",""coordinates"":[]}"
00000000000000001e57_0,3020,3150,1288,1694,2054,2206,2220,2271,2280,2303,"{""type"":""MultiPoint"",""coordinates"":[]}"
00000000000000001e5b_0,1421,646,240,404,214,599,2125,2706,2831,2864,"{""type"":""MultiPoint"",""coordinates"":[]}"
00000000000000001e62_0,2144,1235,465,774,565,1210,2640,3023,3400,3279,"{""type"":""MultiPoint"",""coordinates"":[]}"
00000000000000001e64_0,2727,1986,568,826,927,1438,2227,2457,2346,2607,"{""type"":""MultiPoint"",""coordinates"":[]}"
00000000000000001e67_0,4510,4203,1782,2470,3208,3342,3437,3532,3790,3704,"{""type"":""MultiPoint"",""coordinates"":[]}"
00000000000000001e6c_0,2145,2339,1008,1226,1370,1438,1409,1474,1482,1411,"{""type"":""MultiPoint"",""coordinates"":[]}"
00000000000000001e6f_0,2567,1256,356,711,380,1199,4111,5112,5312,5211,"{""type"":""MultiPoint"",""coordinates"":[]}"
00000000000000001e71_0,1026,543,422,593,480,708,1406,1564,2048,1584,"{""type"":""MultiPoint"",""coordinates"":[]}"
00000000000000001e74_0,3009,2572,1014,1548,1444,2343,3105,3534,3864,3542,"{""type"":""MultiPoint"",""coordinates"":[]}"
00000000000000001e77_0,2625,1743,500,887,849,1422,3179,3724,4104,3984,"{""type"":""MultiPoint"",""coordinates"":[]}"
00000000000000001e79_0,3499,3559,1024,1562,2142,2359,2427,2499,2514,2461,"{""type"":""MultiPoint"",""coordinates"":[]}"
00000000000000001e7f_0,2403,1555,469,769,766,1207,1976,2235,2322,2447,"{""type"":""MultiPoint"",""coordinates"":[]}"
00000000000000001e81_0,2948,2898,1606,1952,2282,2321,2361,2401,2410,2410,"{""type"":""MultiPoint"",""coordinates"":[]}"
00000000000000001e84_0,3219,2646,1270,1708,2140,2293,2808,2958,2746,2987,"{""type"":""MultiPoint"",""coordinates"":[]}"
00000000000000001e85_0,4567,4007,1338,2002,2472,2847,3050,3143,3140,3295,"{""type"":""MultiPoint"",""coordinates"":[]}"
00000000000000001e86_0,2033,1352,337,565,422,965,2459,3098,3386,3275,"{""type"":""MultiPoint"",""coordinates"":[]}"
00000000000000001e89_0,4559,4459,1504,2314,3090,3214,3286,3363,3744,3402,"{""type"":""MultiPoint"",""coordinates"":[]}"
00000000000000001e8c_0,1245,710,315,375,409,604,1198,1280,1394,1457,"{""type"":""MultiPoint"",""coordinates"":[]}"
00000000000000001e8e_0,2967,3224,1272,1656,1838,1782,1724,1740,2020,1718,"{""type"":""MultiPoint"",""coordinates"":[]}"
00000000000000001e91_0,842,518,127,261,207,453,1189,1309,1350,1386,"{""type"":""MultiPoint"",""coordinates"":[]}"
00000000000000001e92_0,1521,694,285,449,294,869,2397,3027,2780,3252,"{""type"":""MultiPoint"",""coordinates"":[]}"
00000000000000001e93_0,1735,774,362,626,308,944,3519,4472,4760,4653,"{""type"":""MultiPoint"",""coordinates"":[]}"
00000000000000001e96_0,1574,1067,428,776,743,1191,2033,2079,2198,2307,"{""type"":""MultiPoint"",""coordinates"":[]}"
00000000000000001e99_0,2967,2171,747,1021,1114,1507,2044,2250,2346,2452,"{""type"":""MultiPoint"",""coordinates"":[]}"
00000000000000001e9a_0,2971,2704,870,1088,1374,1642,1735,1833,1820,1981,"{""type"":""MultiPoint"",""coordinates"":[]}"
00000000000000001e9b_0,3597,3436,1312,1886,2480,2633,2709,2776,2764,2772,"{""type"":""MultiPoint"",""coordinates"":[]}"
00000000000000001e9f_0,2387,1209,379,668,507,1265,2752,3207,3768,3510,"{""type"":""MultiPoint"",""coordinates"":[]}"
00000000000000001ea3_0,3830,3882,1406,2122,2554,2870,2807,2828,2714,2856,"{""type"":""MultiPoint"",""coordinates"":[]}"
00000000000000001ea6_0,2885,2218,1002,1304,1710,1910,2116,2246,2290,2377,"{""type"":""MultiPoint"",""coordinates"":[]}"
00000000000000001ea8_0,1976,1084,374,697,466,1125,2930,3407,3719,3525,"{""type"":""MultiPoint"",""coordinates"":[]}"
00000000000000001eab_0,3030,2450,771,1216,1368,1918,2671,2843,3002,2998,"{""type"":""MultiPoint"",""coordinates"":[]}"
00000000000000001eb0_0,3987,4156,1622,2066,2580,2783,2782,2952,2902,2860,"{""type"":""MultiPoint"",""coordinates"":[]}"
00000000000000001eb6_0,2375,1188,349,671,536,1257,3227,3846,3938,4082,"{""type"":""MultiPoint"",""coordinates"":[]}"
00000000000000001eb8_0,4310,3783,1368,1996,2396,2795,3000,2993,2976,3242,"{""type"":""MultiPoint"",""coordinates"":[]}"
00000000000000001ebb_0,1926,1056,291,612,445,977,3152,4016,4094,4248,"{""type"":""MultiPoint"",""coordinates"":[]}"
00000000000000001ebd_0,3079,2585,930,1338,1478,2289,3516,3881,4036,3947,"{""type"":""MultiPoint"",""coordinates"":[]}"
00000000000000001ec0_0,5100,5015,1432,2486,3548,3588,3719,3871,4419,3913,"{""type"":""MultiPoint"",""coordinates"":[]}"
00000000000000001ec1_0,2962,1831,398,622,528,1119,2276,2765,2802,2894,"{""type"":""MultiPoint"",""coordinates"":[]}"
00000000000000001ec5_0,4806,4228,2966,3550,4156,4278,4287,4319,4556,4329,"{""type"":""MultiPoint"",""coordinates"":[]}"
00000000000000001ec8_0,907,484,250,357,240,534,1332,1638,1762,1860,"{""type"":""MultiPoint"",""coordinates"":[]}"
00000000000000001ec9_0,1645,693,265,436,282,615,2670,4152,4058,4463,"{""type"":""MultiPoint"",""coordinates"":[]}"
00000000000000001ed6_0,2129,1287,299,491,644,893,1314,1547,1798,1901,"{""type"":""MultiPoint"",""coordinates"":[]}"
00000000000000001ed8_0,2735,2318,580,871,1330,1597,1686,1779,1802,1865,"{""type"":""MultiPoint"",""coordinates"":[]}"
00000000000000001eda_0,3876,3939,1918,2552,3016,3075,3002,3105,3162,3038,"{""type"":""MultiPoint"",""coordinates"":[]}"
00000000000000001edd_0,725,367,110,197,143,393,1182,1429,1482,1562,"{""type"":""MultiPoint"",""coordinates"":[]}"
00000000000000001ede_0,3529,2885,960,1308,1592,1627,1855,1950,2230,2101,"{""type"":""MultiPoint"",""coordinates"":[]}"
00000000000000001edf_0,1951,1000,305,480,357,912,2324,2700,2762,3018,"{""type"":""MultiPoint"",""coordinates"":[]}"
00000000000000001ee2_0,4828,4438,2548,3364,4196,4499,4508,4557,4712,4540,"{""type"":""MultiPoint"",""coordinates"":[]}"
00000000000000001ee3_0,2917,2344,723,874,1018,1440,1731,1966,1956,2175,"{""type"":""MultiPoint"",""coordinates"":[]}"
00000000000000001ee7_0,2321,2439,1204,1466,1726,1833,1829,1867,1894,1854,"{""type"":""MultiPoint"",""coordinates"":[]}"
00000000000000001eea_0,2814,2028,965,1262,1598,1915,2805,3179,3098,3304,"{""type"":""MultiPoint"",""coordinates"":[]}"
00000000000000001eeb_0,1611,686,326,464,231,791,2584,3096,2766,3355,"{""type"":""MultiPoint"",""coordinates"":[]}"
00000000000000001ef2_0,3571,2596,624,774,1090,1332,1482,1660,1736,1944,"{""type"":""MultiPoint"",""coordinates"":[]}"
00000000000000001ef3_0,3877,2697,3204,3476,3796,3942,3942,3989,4136,4034,"{""type"":""MultiPoint"",""coordinates"":[]}"
00000000000000001ef8_0,3578,2254,468,612,794,1200,1630,2018,2223,2625,"{""type"":""MultiPoint"",""coordinates"":[]}"
00000000000000001eff_0,2798,2226,694,1020,1188,1863,2335,2557,2424,2660,"{""type"":""MultiPoint"",""coordinates"":[]}"
00000000000000001f00_0,2888,1936,555,772,814,1125,1862,2198,2206,2394,"{""type"":""MultiPoint"",""coordinates"":[]}"
00000000000000001f04_0,3325,3023,1500,2062,2566,2818,2876,2909,2988,2924,"{""type"":""MultiPoint"",""coordinates"":[]}"
00000000000000001f07_0,3562,2456,706,920,1044,1591,2420,2842,2901,3172,"{""type"":""MultiPoint"",""coordinates"":[]}"
00000000000000001f09_0,3898,3839,1382,1908,2502,2633,2695,2773,2790,2759,"{""type"":""MultiPoint"",""coordinates"":[]}"
00000000000000001f0c_0,2291,1704,724,1060,1166,1568,1923,2024,1942,2198,"{""type"":""MultiPoint"",""coordinates"":[]}"
00000000000000001f0d_0,1658,783,276,461,344,735,2260,3101,3086,3372,"{""type"":""MultiPoint"",""coordinates"":[]}"
00000000000000001f0f_0,1944,1172,319,531,482,924,1946,2127,2254,2445,"{""type"":""MultiPoint"",""coordinates"":[]}"
00000000000000001f11_0,1956,1010,682,974,791,1361,3660,4372,4300,4527,"{""type"":""MultiPoint"",""coordinates"":[]}"
00000000000000001f15_0,3200,2358,673,933,1416,1620,1720,1866,2026,2132,"{""type"":""MultiPoint"",""coordinates"":[]}"
00000000000000001f1e_0,4523,4077,946,2090,2924,3320,3366,3503,3520,3475,"{""type"":""MultiPoint"",""coordinates"":[]}"
00000000000000001f22_0,1515,623,277,446,294,560,2586,3876,3896,4147,"{""type"":""MultiPoint"",""coordinates"":[]}"
00000000000000001f26_0,2598,1492,362,736,548,1263,2792,3163,3286,3426,"{""type"":""MultiPoint"",""coordinates"":[]}"
00000000000000001f2a_0,3451,2609,982,1210,1734,1996,2101,2258,2402,2554,"{""type"":""MultiPoint"",""coordinates"":[]}"
00000000000000001f2b_0,3139,2720,1318,1818,2226,2096,2363,2370,2800,2439,"{""type"":""MultiPoint"",""coordinates"":[]}"
00000000000000001f2e_0,3668,3345,903,1482,2042,1885,1939,2141,2554,2244,"{""type"":""MultiPoint"",""coordinates"":[]}"
00000000000000001f2f_0,2260,1484,557,769,882,1264,1881,2110,2307,2423,"{""type"":""MultiPoint"",""coordinates"":[]}"
00000000000000001f33_0,4133,4353,1416,2067,2420,3071,3029,2961,2714,3100,"{""type"":""MultiPoint"",""coordinates"":[]}"
00000000000000001f36_0,2398,1847,657,928,1234,1390,1802,1994,1984,2120,"{""type"":""MultiPoint"",""coordinates"":[]}"
00000000000000001f37_0,3868,3318,881,1230,1684,1874,2029,2183,2358,2472,"{""type"":""MultiPoint"",""coordinates"":[]}"
00000000000000001f38_0,1655,848,393,519,421,717,2030,2629,2535,2798,"{""type"":""MultiPoint"",""coordinates"":[]}"
00000000000000001f3b_0,3529,3222,1204,1602,1968,2340,2618,2749,2790,2906,"{""type"":""MultiPoint"",""coordinates"":[]}"
00000000000000001f44_0,2449,1304,372,676,416,1167,2925,3608,3492,3921,"{""type"":""MultiPoint"",""coordinates"":[]}"
00000000000000001f48_0,4313,3765,1488,2048,2634,2895,3103,3181,3286,3354,"{""type"":""MultiPoint"",""coordinates"":[]}"
00000000000000001f4c_0,3222,2746,1200,1462,1902,2049,2233,2313,2486,2516,"{""type"":""MultiPoint"",""coordinates"":[]}"
00000000000000001f51_0,2291,1139,323,556,369,980,2708,3389,3352,3724,"{""type"":""MultiPoint"",""coordinates"":[]}"
00000000000000001f58_0,1788,1099,448,700,664,1175,2171,2497,2481,2628,"{""type"":""MultiPoint"",""coordinates"":[]}"
00000000000000001f59_0,3038,1706,661,932,891,1414,2543,2969,3006,3267,"{""type"":""MultiPoint"",""coordinates"":[]}"
00000000000000001f5a_0,2025,885,244,487,275,857,2843,3451,3808,3811,"{""type"":""MultiPoint"",""coordinates"":[]}"
00000000000000001f5d_0,3144,2807,1160,1532,1858,2153,2192,2286,2244,2351,"{""type"":""MultiPoint"",""coordinates"":[]}"
00000000000000001f61_0,3563,3329,1964,2406,2824,3040,3058,3169,3270,3212,"{""type"":""MultiPoint"",""coordinates"":[]}"
00000000000000001f62_0,3885,3949,1023,1668,2396,2586,2651,2751,2774,2690,"{""type"":""MultiPoint"",""coordinates"":[]}"
00000000000000001f66_0,2207,1248,538,783,463,1258,3124,3990,3936,4136,"{""type"":""MultiPoint"",""coordinates"":[]}"
00000000000000001f68_0,2293,1744,494,894,1348,1620,1769,1917,1934,1951,"{""type"":""MultiPoint"",""coordinates"":[]}"
00000000000000001f6a_0,4097,4251,1498,2014,2365,3045,3028,3038,2641,2937,"{""type"":""MultiPoint"",""coordinates"":[]}"
00000000000000001f6d_0,2504,1571,534,1096,819,1558,2910,3197,3680,3413,"{""type"":""MultiPoint"",""coordinates"":[]}"
00000000000000001f6e_0,2430,1532,403,656,718,1168,2172,2471,2600,2853,"{""type"":""MultiPoint"",""coordinates"":[]}"
00000000000000001f73_0,1499,967,287,414,380,890,1779,2015,1236,2078,"{""type"":""MultiPoint"",""coordinates"":[]}"
00000000000000001f7b_0,2257,1076,515,905,454,1414,3460,4079,4300,4370,"{""type"":""MultiPoint"",""coordinates"":[]}"
00000000000000001f7c_0,3228,2307,1011,1592,2030,2257,3486,3855,3589,3946,"{""type"":""MultiPoint"",""coordinates"":[]}"
00000000000000001f83_0,3130,2713,1080,1304,1602,1817,2056,2170,2308,2328,"{""type"":""MultiPoint"",""coordinates"":[]}"
00000000000000001f90_0,3691,2742,965,1118,1184,1497,2150,2407,2470,2665,"{""type"":""MultiPoint"",""coordinates"":[]}"
00000000000000001f91_0,2822,2519,1676,1960,2154,2476,2729,2839,2708,2869,"{""type"":""MultiPoint"",""coordinates"":[]}"
00000000000000001f98_0,572,287,63,154,85,282,1061,1199,1020,1331,"{""type"":""MultiPoint"",""coordinates"":[]}"
00000000000000001f9d_0,2589,1401,456,764,511,1176,2842,3131,3348,3424,"{""type"":""MultiPoint"",""coordinates"":[]}"
00000000000000001f9f_0,2508,1647,459,774,806,1330,2211,2426,2623,2665,"{""type"":""MultiPoint"",""coordinates"":[]}"
00000000000000001fae_0,4548,4345,1522,2382,3122,3204,3307,3363,3486,3308,"{""type"":""MultiPoint"",""coordinates"":[]}"
00000000000000001fb3_0,1027,544,239,417,172,672,2090,2674,2684,2586,"{""type"":""MultiPoint"",""coordinates"":[]}"
00000000000000001fb6_0,1669,1376,787,979,1106,1299,1485,1548,1600,1609,"{""type"":""MultiPoint"",""coordinates"":[]}"
00000000000000001fba_0,2082,1575,810,968,1056,1198,1700,1831,2070,1892,"{""type"":""MultiPoint"",""coordinates"":[]}"
00000000000000001fbb_0,4083,4067,1616,2240,2920,3142,3188,3321,3270,3319,"{""type"":""MultiPoint"",""coordinates"":[]}"
00000000000000001fc1_0,961,489,62,112,51,261,740,1052,829,1124,"{""type"":""MultiPoint"",""coordinates"":[]}"
00000000000000001fc3_0,4738,5151,1828,2790,3604,3557,3871,3854,4316,3446,"{""type"":""MultiPoint"",""coordinates"":[]}"
00000000000000001fc6_0,3785,3181,981,1444,1866,2178,2259,2398,2470,2519,"{""type"":""MultiPoint"",""coordinates"":[]}"
00000000000000001fc8_0,2910,2649,1092,966,1346,1642,2240,2467,2620,2883,"{""type"":""MultiPoint"",""coordinates"":[]}"
00000000000000001fcb_0,2176,1474,444,601,888,1319,1747,1990,1820,2256,"{""type"":""MultiPoint"",""coordinates"":[]}"
00000000000000001fd0_0,2663,2547,1288,1700,2042,2134,2192,2255,2370,2273,"{""type"":""MultiPoint"",""coordinates"":[]}"
00000000000000001fd3_0,2378,1675,845,1144,1162,1555,2292,2395,2380,2557,"{""type"":""MultiPoint"",""coordinates"":[]}"
00000000000000001fd8_0,2079,1214,714,1112,980,1756,3526,4032,4168,4245,"{""type"":""MultiPoint"",""coordinates"":[]}"
00000000000000001fdc_0,4796,4162,2512,3164,3768,4037,4157,4257,4356,4320,"{""type"":""MultiPoint"",""coordinates"":[]}"
00000000000000001fdd_0,2206,1666,268,577,578,1089,1546,1632,1606,1819,"{""type"":""MultiPoint"",""coordinates"":[]}"
00000000000000001fe0_0,3445,3282,1086,1636,2164,2166,2437,2550,2846,2590,"{""type"":""MultiPoint"",""coordinates"":[]}"
00000000000000001fe2_0,1939,1010,323,647,373,1210,2755,3009,2920,3212,"{""type"":""MultiPoint"",""coordinates"":[]}"
00000000000000001fe5_0,4014,4064,2020,2700,3160,3238,3164,3214,3476,3241,"{""type"":""MultiPoint"",""coordinates"":[]}"
00000000000000001fe8_0,2290,1491,445,778,732,1322,2700,3138,3370,3400,"{""type"":""MultiPoint"",""coordinates"":[]}"
00000000000000001fe9_0,1791,904,460,647,498,867,2487,3540,3464,3953,"{""type"":""MultiPoint"",""coordinates"":[]}"
00000000000000001fea_0,1788,965,308,469,408,847,1872,2288,2042,2657,"{""type"":""MultiPoint"",""coordinates"":[]}"
00000000000000001fed_0,2933,2189,956,1520,1686,2405,3401,3749,4100,4006,"{""type"":""MultiPoint"",""coordinates"":[]}"
00000000000000001ff0_0,398,271,81,262,304,462,451,466,507,507,"{""type"":""MultiPoint"",""coordinates"":[]}"
00000000000000001ff2_0,4380,4485,1208,1852,2648,2899,2907,3053,3044,3105,"{""type"":""MultiPoint"",""coordinates"":[]}"
00000000000000001ff5_0,2502,1859,459,569,748,1022,1278,1418,1518,1640,"{""type"":""MultiPoint"",""coordinates"":[]}"
00000000000000001ff8_0,4040,3581,966,1424,2090,2218,2321,2480,2820,2694,"{""type"":""MultiPoint"",""coordinates"":[]}"
00000000000000001ffa_0,4181,4383,1734,2408,2958,2997,3047,3064,3212,3034,"{""type"":""MultiPoint"",""coordinates"":[]}"
00000000000000001ffd_0,1342,748,260,369,330,626,1317,1533,1606,1576,"{""type"":""MultiPoint"",""coordinates"":[]}"
00000000000000001ffe_0,3194,2469,624,812,1094,1356,1587,1788,1886,2022,"{""type"":""MultiPoint"",""coordinates"":[]}"
00000000000000001fff_0,1980,1929,854,979,1084,1172,1209,1278,1328,1374,"{""type"":""MultiPoint"",""coordinates"":[]}"
00000000000000002002_0,4477,4383,1456,2104,2862,3088,3201,3295,3520,3347,"{""type"":""MultiPoint"",""coordinates"":[]}"
00000000000000002003_0,2410,1365,354,621,484,894,2709,3600,3584,3769,"{""type"":""MultiPoint"",""coordinates"":[]}"
00000000000000002005_0,2707,2066,948,1382,1628,1620,2076,2215,2302,2330,"{""type"":""MultiPoint"",""coordinates"":[]}"
00000000000000002007_0,3272,3067,1540,2036,2410,2570,2562,2614,2612,2596,"{""type"":""MultiPoint"",""coordinates"":[]}"
0000000000000000200a_0,2022,1573,491,771,935,1299,1922,2107,2192,2210,"{""type"":""MultiPoint"",""coordinates"":[]}"
0000000000000000200b_0,2863,1596,376,611,442,992,3413,4250,4228,4532,"{""type"":""MultiPoint"",""coordinates"":[]}"
0000000000000000200c_0,1506,947,484,670,487,905,1991,2215,2120,2273,"{""type"":""MultiPoint"",""coordinates"":[]}"
0000000000000000200f_0,2376,1732,750,1026,1060,1532,2319,2484,2490,2650,"{""type"":""MultiPoint"",""coordinates"":[]}"
00000000000000002012_0,1481,638,165,343,154,763,2745,3368,3160,3665,"{""type"":""MultiPoint"",""coordinates"":[]}"
00000000000000002014_0,3743,3559,824,1446,2100,2346,2333,2500,2460,2508,"{""type"":""MultiPoint"",""coordinates"":[]}"
00000000000000002017_0,3794,3824,1638,2384,2812,3004,2979,3035,3212,2950,"{""type"":""MultiPoint"",""coordinates"":[]}"
0000000000000000201c_0,4655,4809,1820,2750,3466,3568,3573,3642,4124,3708,"{""type"":""MultiPoint"",""coordinates"":[]}"
0000000000000000201f_0,2866,2597,724,1092,1674,1887,2055,2160,2276,2250,"{""type"":""MultiPoint"",""coordinates"":[]}"
00000000000000002021_0,1627,1292,902,1066,1224,1305,1831,1978,1876,2019,"{""type"":""MultiPoint"",""coordinates"":[]}"
00000000000000002024_0,2286,1580,513,818,863,1371,2148,2272,2532,2475,"{""type"":""MultiPoint"",""coordinates"":[]}"
00000000000000002029_0,3985,3661,1494,2116,2634,2940,3055,3161,3162,3251,"{""type"":""MultiPoint"",""coordinates"":[]}"
0000000000000000202c_0,2583,2320,998,1404,1828,1926,1979,2066,2164,2142,"{""type"":""MultiPoint"",""coordinates"":[]}"
0000000000000000202d_0,1762,731,267,458,234,778,2773,3538,3420,3869,"{""type"":""MultiPoint"",""coordinates"":[]}"
0000000000000000202f_0,2311,1510,332,528,502,977,1905,2083,2080,2178,"{""type"":""MultiPoint"",""coordinates"":[]}"
00000000000000002031_0,2317,1848,1150,1432,1656,1916,2294,2535,2712,2676,"{""type"":""MultiPoint"",""coordinates"":[]}"
00000000000000002035_0,3180,2116,747,1054,1088,1613,2570,3003,3132,3232,"{""type"":""MultiPoint"",""coordinates"":[]}"
00000000000000002036_0,2460,2197,816,1078,1266,2275,2432,2504,1718,2477,"{""type"":""MultiPoint"",""coordinates"":[]}"
00000000000000002039_0,3798,3776,1420,2022,2590,2815,2878,2996,3128,3050,"{""type"":""MultiPoint"",""coordinates"":[]}"
0000000000000000203e_0,4256,4244,1324,2038,2790,2959,3029,3112,3106,3096,"{""type"":""MultiPoint"",""coordinates"":[]}"
00000000000000002041_0,3471,2689,812,1142,1298,1806,2550,2790,2938,3044,"{""type"":""MultiPoint"",""coordinates"":[]}"
00000000000000002042_0,2539,1301,444,785,750,1363,2743,3146,3108,3393,"{""type"":""MultiPoint"",""coordinates"":[]}"
0000000000000000204b_0,4408,4519,1158,1838,2552,2875,2935,3036,2934,2986,"{""type"":""MultiPoint"",""coordinates"":[]}"
0000000000000000204f_0,1625,641,235,384,222,499,2844,4390,4508,4677,"{""type"":""MultiPoint"",""coordinates"":[]}"
00000000000000002051_0,3603,2949,802,1396,1960,2176,2510,2636,2818,2842,"{""type"":""MultiPoint"",""coordinates"":[]}"
00000000000000002056_0,3408,2583,890,1246,1694,2040,2491,2678,2814,2877,"{""type"":""MultiPoint"",""coordinates"":[]}"
00000000000000002058_0,1748,1150,232,436,413,941,2564,2662,2577,2976,"{""type"":""MultiPoint"",""coordinates"":[]}"
00000000000000002060_0,3262,2909,1420,1936,2294,2389,2508,2592,2590,2624,"{""type"":""MultiPoint"",""coordinates"":[]}"
00000000000000002063_0,3375,2726,886,1344,1668,2095,2596,2856,3066,3097,"{""type"":""MultiPoint"",""coordinates"":[]}"
00000000000000002064_0,1908,966,754,936,925,1009,2241,2764,2534,3132,"{""type"":""MultiPoint"",""coordinates"":[]}"
00000000000000002068_0,1783,1015,255,551,450,960,2838,3464,3558,3585,"{""type"":""MultiPoint"",""coordinates"":[]}"
00000000000000002071_0,2057,1090,229,438,318,969,1846,2133,2292,2422,"{""type"":""MultiPoint"",""coordinates"":[]}"
00000000000000002079_0,4478,3880,1028,1270,1778,1956,2293,2596,2618,2923,"{""type"":""MultiPoint"",""coordinates"":[]}"
00000000000000002085_0,1923,1122,326,659,432,1109,2763,3239,3432,3349,"{""type"":""MultiPoint"",""coordinates"":[]}"
00000000000000002086_0,2303,1077,297,511,274,761,3783,5004,4808,5244,"{""type"":""MultiPoint"",""coordinates"":[]}"
00000000000000002088_0,1864,1109,318,556,509,814,1757,1873,2144,2136,"{""type"":""MultiPoint"",""coordinates"":[]}"
0000000000000000208a_0,4168,4246,1444,2246,2913,2934,2956,3093,3363,3087,"{""type"":""MultiPoint"",""coordinates"":[]}"
0000000000000000208e_0,860,471,171,281,243,442,1184,1471,1560,1571,"{""type"":""MultiPoint"",""coordinates"":[]}"
0000000000000000208f_0,2569,2461,1218,1466,1622,1752,1857,1787,1887,1849,"{""type"":""MultiPoint"",""coordinates"":[]}"
00000000000000002092_0,3796,3729,1290,2027,2600,2794,2845,2887,3040,2963,"{""type"":""MultiPoint"",""coordinates"":[]}"
00000000000000002093_0,1833,832,227,469,175,801,2944,4035,4353,4215,"{""type"":""MultiPoint"",""coordinates"":[]}"
00000000000000002097_0,4094,3706,1708,2332,2862,3044,3160,3289,3288,3324,"{""type"":""MultiPoint"",""coordinates"":[]}"
0000000000000000209a_0,2392,1313,442,825,783,1395,2914,3466,3536,3756,"{""type"":""MultiPoint"",""coordinates"":[]}"
0000000000000000209b_0,2623,1521,467,762,755,1338,2871,3382,3456,3615,"{""type"":""MultiPoint"",""coordinates"":[]}"
000000000000000020a3_0,2439,2186,968,1226,1528,1674,1835,1907,1960,1951,"{""type"":""MultiPoint"",""coordinates"":[]}"
000000000000000020af_0,2962,2521,1068,1420,1746,1943,2585,2861,2900,3004,"{""type"":""MultiPoint"",""coordinates"":[]}"
000000000000000020b0_0,1384,914,380,540,551,775,1320,1476,1666,1626,"{""type"":""MultiPoint"",""coordinates"":[]}"
000000000000000020bd_0,4692,4087,1278,1658,2066,2508,2898,3131,3144,3430,"{""type"":""MultiPoint"",""coordinates"":[]}"
000000000000000020c5_0,4456,3814,2270,2724,3212,3562,3599,3570,3776,3791,"{""type"":""MultiPoint"",""coordinates"":[]}"
000000000000000020c6_0,2968,2723,678,1118,1648,1860,2119,2278,2332,2326,"{""type"":""MultiPoint"",""coordinates"":[]}"
000000000000000020ca_0,1378,579,134,313,136,553,2278,2808,3034,3085,"{""type"":""MultiPoint"",""coordinates"":[]}"
000000000000000020ce_0,3648,3437,1622,2098,2500,2808,2942,2996,2922,2952,"{""type"":""MultiPoint"",""coordinates"":[]}"
000000000000000020d1_0,4165,3312,1302,1666,1948,2342,2569,2758,2798,3067,"{""type"":""MultiPoint"",""coordinates"":[]}"
000000000000000020d2_0,2472,1453,607,848,777,1254,2531,2979,2662,3191,"{""type"":""MultiPoint"",""coordinates"":[]}"
000000000000000020d6_0,2738,2387,1584,2212,2108,2026,2547,2496,2922,2556,"{""type"":""MultiPoint"",""coordinates"":[]}"
000000000000000020da_0,1053,577,100,251,176,544,1493,1818,1832,1947,"{""type"":""MultiPoint"",""coordinates"":[]}"
000000000000000020df_0,1754,823,285,412,242,646,2987,4117,4188,4344,"{""type"":""MultiPoint"",""coordinates"":[]}"
000000000000000020e7_0,2975,2424,1019,1366,1780,2017,2101,2172,2310,2408,"{""type"":""MultiPoint"",""coordinates"":[]}"
000000000000000020e8_0,1917,1305,337,583,498,1298,2106,2505,2398,2550,"{""type"":""MultiPoint"",""coordinates"":[]}"
000000000000000020eb_0,4147,4217,1320,1858,2456,2625,2721,2867,3064,2945,"{""type"":""MultiPoint"",""coordinates"":[]}"
000000000000000020f0_0,4249,4523,1580,2148,2604,2710,2748,2801,2840,2801,"{""type"":""MultiPoint"",""coordinates"":[]}"
000000000000000020f3_0,2343,1718,589,1034,1218,1852,2687,2937,3000,3072,"{""type"":""MultiPoint"",""coordinates"":[]}"
000000000000000020f4_0,2634,1432,357,750,448,1147,2885,3261,3297,3527,"{""type"":""MultiPoint"",""coordinates"":[]}"
000000000000000020f5_0,2302,993,354,644,322,1106,3867,4727,4804,4911,"{""type"":""MultiPoint"",""coordinates"":[]}"
000000000000000020fb_0,1215,1234,14288,14368,15712,14493,13589,13113,15353,12203,"{""type"":""MultiPoint"",""coordinates"":[]}"
000000000000000020fc_0,3130,2537,1528,1920,2354,2470,2481,2587,2788,2715,"{""type"":""MultiPoint"",""coordinates"":[]}"
000000000000000020fd_0,2667,2347,877,1268,1616,1897,2122,2179,2114,2171,"{""type"":""MultiPoint"",""coordinates"":[]}"
00000000000000002105_0,3960,4089,1816,2302,2644,2790,2788,2850,2944,2836,"{""type"":""MultiPoint"",""coordinates"":[]}"
00000000000000002108_0,3318,2526,1236,1678,2260,2610,2846,3024,3084,3254,"{""type"":""MultiPoint"",""coordinates"":[]}"
00000000000000002109_0,4117,3383,960,1214,1528,1799,2029,2208,2250,2441,"{""type"":""MultiPoint"",""coordinates"":[]}"
0000000000000000210d_0,4153,2722,929,1410,1771,2486,3240,3604,3940,4068,"{""type"":""MultiPoint"",""coordinates"":[]}"
00000000000000002111_0,1283,690,250,386,314,604,1509,1665,2002,1902,"{""type"":""MultiPoint"",""coordinates"":[]}"
00000000000000002116_0,1784,764,221,524,216,873,3450,4183,4412,4548,"{""type"":""MultiPoint"",""coordinates"":[]}"
00000000000000002118_0,3829,3125,693,1112,1760,2023,2203,2277,2476,2376,"{""type"":""MultiPoint"",""coordinates"":[]}"
0000000000000000211e_0,4556,3890,1380,2106,2850,3086,3279,3364,3470,3465,"{""type"":""MultiPoint"",""coordinates"":[]}"
0000000000000000211f_0,2222,1373,392,574,527,988,1849,2084,2187,2259,"{""type"":""MultiPoint"",""coordinates"":[]}"
00000000000000002123_0,1747,716,456,600,346,767,2683,3514,3486,3604,"{""type"":""MultiPoint"",""coordinates"":[]}"
00000000000000002127_0,4774,4774,2106,2908,3574,3502,3537,3666,3904,3682,"{""type"":""MultiPoint"",""coordinates"":[]}"
0000000000000000212a_0,2456,1689,812,1252,1660,2191,2755,3051,3176,3389,"{""type"":""MultiPoint"",""coordinates"":[]}"
00000000000000002134_0,4235,4052,1190,1870,2620,2765,2980,3098,3124,3144,"{""type"":""MultiPoint"",""coordinates"":[]}"
00000000000000002138_0,2917,2023,462,664,897,1231,1553,1778,2115,2157,"{""type"":""MultiPoint"",""coordinates"":[]}"
0000000000000000213a_0,3619,3005,916,1312,1902,2183,2447,2573,2830,2771,"{""type"":""MultiPoint"",""coordinates"":[]}"
0000000000000000213c_0,3972,4030,1514,2250,2814,2974,2920,2975,3127,2989,"{""type"":""MultiPoint"",""coordinates"":[]}"
00000000000000002140_0,2647,2265,879,1202,1466,1701,2057,2196,2236,2281,"{""type"":""MultiPoint"",""coordinates"":[]}"
00000000000000002141_0,1058,482,252,296,211,426,1798,2593,2802,2724,"{""type"":""MultiPoint"",""coordinates"":[]}"
00000000000000002144_0,2949,2926,1126,1476,1774,2055,2193,2349,2278,2318,"{""type"":""MultiPoint"",""coordinates"":[]}"
00000000000000002149_0,2795,2539,1118,1566,2056,2267,2443,2497,2426,2460,"{""type"":""MultiPoint"",""coordinates"":[]}"
0000000000000000214f_0,1436,878,348,491,426,811,1766,2125,2306,2407,"{""type"":""MultiPoint"",""coordinates"":[]}"
00000000000000002151_0,4046,3746,1738,2408,2974,3231,3256,3371,3374,3370,"{""type"":""MultiPoint"",""coordinates"":[]}"
00000000000000002154_0,1717,1080,364,608,557,1043,1994,2212,2546,2374,"{""type"":""MultiPoint"",""coordinates"":[]}"
00000000000000002155_0,3392,2873,1362,1798,2346,2555,2567,2664,2802,2812,"{""type"":""MultiPoint"",""coordinates"":[]}"
00000000000000002156_0,2773,2479,559,890,1095,1586,2127,2301,2344,2424,"{""type"":""MultiPoint"",""coordinates"":[]}"
00000000000000002159_0,2671,2161,821,1104,1176,1463,2309,2532,2614,2576,"{""type"":""MultiPoint"",""coordinates"":[]}"
0000000000000000215a_0,2000,1112,561,1050,873,1098,2793,3351,3550,3864,"{""type"":""MultiPoint"",""coordinates"":[]}"
0000000000000000215b_0,876,522,493,773,714,1168,1556,1574,1896,1682,"{""type"":""MultiPoint"",""coordinates"":[]}"
0000000000000000215e_0,2215,1798,745,1134,1522,1717,1786,1824,1820,1927,"{""type"":""MultiPoint"",""coordinates"":[]}"
00000000000000002161_0,4120,3139,1296,1788,2250,2393,2811,3017,3306,3312,"{""type"":""MultiPoint"",""coordinates"":[]}"
00000000000000002162_0,2711,1696,461,666,646,1003,1839,2097,2142,2263,"{""type"":""MultiPoint"",""coordinates"":[]}"
00000000000000002166_0,2085,1119,422,799,529,1292,3043,3436,3652,3601,"{""type"":""MultiPoint"",""coordinates"":[]}"
00000000000000002169_0,1618,716,221,584,405,1038,2942,3618,3790,3858,"{""type"":""MultiPoint"",""coordinates"":[]}"
0000000000000000216a_0,1774,1268,486,697,651,1353,1714,2176,2525,2626,"{""type"":""MultiPoint"",""coordinates"":[]}"
0000000000000000216b_0,2742,2111,612,925,1078,1364,1795,1949,2083,2127,"{""type"":""MultiPoint"",""coordinates"":[]}"
0000000000000000216e_0,1816,844,331,676,396,1139,3386,3992,4300,4251,"{""type"":""MultiPoint"",""coordinates"":[]}"
00000000000000002171_0,2236,1572,454,583,582,983,1472,1765,1666,1866,"{""type"":""MultiPoint"",""coordinates"":[]}"
00000000000000002173_0,4103,4039,1746,2418,2952,2993,3071,3135,3172,3200,"{""type"":""MultiPoint"",""coordinates"":[]}"
00000000000000002176_0,3213,2842,1414,1726,1924,2258,2772,2889,2689,2982,"{""type"":""MultiPoint"",""coordinates"":[]}"
00000000000000002178_0,1668,919,212,332,230,777,1941,2202,2032,2383,"{""type"":""MultiPoint"",""coordinates"":[]}"
0000000000000000217b_0,3705,3503,1178,1786,2336,2512,2656,2757,2956,2824,"{""type"":""MultiPoint"",""coordinates"":[]}"
00000000000000002180_0,4528,4218,1904,2706,3144,3231,3292,3347,3430,3416,"{""type"":""MultiPoint"",""coordinates"":[]}"
00000000000000002183_0,2022,1136,379,698,437,1125,3056,3562,3642,3768,"{""type"":""MultiPoint"",""coordinates"":[]}"
00000000000000002184_0,2505,1518,469,760,592,1213,2533,2970,3160,3298,"{""type"":""MultiPoint"",""coordinates"":[]}"
00000000000000002185_0,3204,1572,572,1182,544,1942,5294,5885,6176,6153,"{""type"":""MultiPoint"",""coordinates"":[]}"
00000000000000002188_0,236,270,1168,965,915,648,784,782,830,702,"{""type"":""MultiPoint"",""coordinates"":[]}"
0000000000000000218d_0,2510,2249,1222,1454,1626,1678,1858,1944,2032,2091,"{""type"":""MultiPoint"",""coordinates"":[]}"
00000000000000002191_0,2245,1059,347,618,357,1070,3309,4011,4372,4315,"{""type"":""MultiPoint"",""coordinates"":[]}"
00000000000000002195_0,3464,3081,1296,1788,2358,2510,2592,2731,2895,2838,"{""type"":""MultiPoint"",""coordinates"":[]}"
00000000000000002198_0,2642,2007,689,1102,1598,1791,1863,1980,2066,2118,"{""type"":""MultiPoint"",""coordinates"":[]}"
00000000000000002199_0,3607,3309,1032,1312,1560,1760,1919,2021,2182,2179,"{""type"":""MultiPoint"",""coordinates"":[]}"
0000000000000000219d_0,2679,2026,454,766,822,1348,1947,2152,2318,2334,"{""type"":""MultiPoint"",""coordinates"":[]}"
000000000000000021a5_0,1556,1252,722,1094,1122,1373,1904,2068,2334,2121,"{""type"":""MultiPoint"",""coordinates"":[]}"
000000000000000021a6_0,1977,805,280,549,253,938,3323,4183,4155,4442,"{""type"":""MultiPoint"",""coordinates"":[]}"
000000000000000021a8_0,1290,692,228,497,353,740,1762,1990,2274,2161,"{""type"":""MultiPoint"",""coordinates"":[]}"
000000000000000021aa_0,3625,3654,1432,1968,2432,2494,2564,2600,2584,2573,"{""type"":""MultiPoint"",""coordinates"":[]}"
000000000000000021ae_0,2717,2245,995,1224,1506,1670,1873,1942,2028,2078,"{""type"":""MultiPoint"",""coordinates"":[]}"
000000000000000021af_0,2311,1757,500,821,738,1363,2190,2610,2984,2783,"{""type"":""MultiPoint"",""coordinates"":[]}"
000000000000000021b2_0,4510,3535,1720,2342,2630,3181,3983,4363,4456,4554,"{""type"":""MultiPoint"",""coordinates"":[]}"
000000000000000021b3_0,1545,717,262,412,253,687,2275,2772,2796,2971,"{""type"":""MultiPoint"",""coordinates"":[]}"
000000000000000021b7_0,2605,2099,1854,2344,2752,2825,2886,2970,3188,3029,"{""type"":""MultiPoint"",""coordinates"":[]}"
000000000000000021ba_0,2700,2127,1042,1418,1708,1896,2683,2914,2962,3048,"{""type"":""MultiPoint"",""coordinates"":[]}"
000000000000000021c3_0,576,613,10439,10264,9946,10833,10516,10081,9146,9719,"{""type"":""MultiPoint"",""coordinates"":[]}"
000000000000000021ca_0,1458,979,163,300,282,716,1166,1256,1070,1512,"{""type"":""MultiPoint"",""coordinates"":[]}"
000000000000000021cc_0,3744,3768,1252,1988,2618,2656,2598,2626,2856,2687,"{""type"":""MultiPoint"",""coordinates"":[]}"
000000000000000021cf_0,3600,2651,953,1276,1528,2191,2607,2985,2844,3224,"{""type"":""MultiPoint"",""coordinates"":[]}"
000000000000000021d0_0,2815,1801,567,817,938,1461,2536,2865,3196,3168,"{""type"":""MultiPoint"",""coordinates"":[]}"
000000000000000021dc_0,3496,2976,1434,2072,2556,2701,2984,3080,3046,3115,"{""type"":""MultiPoint"",""coordinates"":[]}"
000000000000000021de_0,2270,1257,677,841,755,1394,3238,4015,4192,4229,"{""type"":""MultiPoint"",""coordinates"":[]}"
000000000000000021e4_0,3346,2820,928,1094,1256,2616,2447,2324,1674,2634,"{""type"":""MultiPoint"",""coordinates"":[]}"
000000000000000021e5_0,3575,2675,1072,1510,2104,2369,2464,2597,2742,2801,"{""type"":""MultiPoint"",""coordinates"":[]}"
000000000000000021e6_0,3939,3871,937,1576,2269,2623,2987,3139,3226,3152,"{""type"":""MultiPoint"",""coordinates"":[]}"
000000000000000021eb_0,2176,1199,464,688,591,953,2352,2772,2618,3023,"{""type"":""MultiPoint"",""coordinates"":[]}"
000000000000000021ee_0,2931,2447,835,1274,1488,1802,2048,2139,2214,2389,"{""type"":""MultiPoint"",""coordinates"":[]}"
000000000000000021f1_0,3247,2487,677,1013,1192,1633,2217,2389,2562,2500,"{""type"":""MultiPoint"",""coordinates"":[]}"
000000000000000021f2_0,3756,2889,931,1368,1574,2031,2640,2831,2918,3073,"{""type"":""MultiPoint"",""coordinates"":[]}"
000000000000000021f6_0,4051,3532,1378,1814,2272,2586,2678,2854,2866,2984,"{""type"":""MultiPoint"",""coordinates"":[]}"
000000000000000021fa_0,2225,1750,1070,1248,1228,1555,1795,1842,1890,1980,"{""type"":""MultiPoint"",""coordinates"":[]}"
000000000000000021ff_0,2184,1114,474,765,612,1179,2755,3438,3565,3742,"{""type"":""MultiPoint"",""coordinates"":[]}"
00000000000000002201_0,939,488,63,182,149,407,1147,1259,1132,1441,"{""type"":""MultiPoint"",""coordinates"":[]}"
00000000000000002203_0,4226,4404,1668,2226,2708,3057,2993,3134,2998,3014,"{""type"":""MultiPoint"",""coordinates"":[]}"
00000000000000002206_0,1605,1052,384,681,651,1299,2400,2609,2602,2787,"{""type"":""MultiPoint"",""coordinates"":[]}"
00000000000000002207_0,4717,3922,856,1354,1736,2453,2671,3043,2744,3276,"{""type"":""MultiPoint"",""coordinates"":[]}"
00000000000000002208_0,2361,1457,476,732,637,1238,2337,2617,2706,2822,"{""type"":""MultiPoint"",""coordinates"":[]}"
0000000000000000220c_0,839,319,218,330,164,472,1685,2143,2371,2294,"{""type"":""MultiPoint"",""coordinates"":[]}"
00000000000000002210_0,4524,3984,2718,3326,3776,3971,3884,3949,4020,3944,"{""type"":""MultiPoint"",""coordinates"":[]}"
00000000000000002214_0,4061,2864,840,1172,1434,1987,2351,2595,2568,2922,"{""type"":""MultiPoint"",""coordinates"":[]}"
0000000000000000221c_0,3463,2971,1442,1892,2336,2503,2566,2620,2634,2632,"{""type"":""MultiPoint"",""coordinates"":[]}"
0000000000000000221d_0,3544,3313,974,1474,1990,2413,2868,3070,3050,3075,"{""type"":""MultiPoint"",""coordinates"":[]}"
00000000000000002221_0,2503,1171,412,734,444,1220,3116,3780,3796,4198,"{""type"":""MultiPoint"",""coordinates"":[]}"
00000000000000002225_0,3679,3534,1368,1952,2424,2515,2622,2710,3130,2854,"{""type"":""MultiPoint"",""coordinates"":[]}"
00000000000000002228_0,3117,2339,636,897,1222,1565,2144,2297,2444,2575,"{""type"":""MultiPoint"",""coordinates"":[]}"
00000000000000002229_0,1351,902,282,420,450,734,1375,1534,1564,1671,"{""type"":""MultiPoint"",""coordinates"":[]}"
0000000000000000222a_0,3226,2893,1246,1594,2098,2105,2595,2777,3227,2987,"{""type"":""MultiPoint"",""coordinates"":[]}"
0000000000000000222d_0,2756,2567,678,952,1104,1702,2128,2201,2130,2232,"{""type"":""MultiPoint"",""coordinates"":[]}"
00000000000000002235_0,2136,1751,691,1032,1166,1463,2133,2267,2302,2304,"{""type"":""MultiPoint"",""coordinates"":[]}"
00000000000000002236_0,2343,1068,254,538,264,954,3389,4331,4948,4711,"{""type"":""MultiPoint"",""coordinates"":[]}"
00000000000000002238_0,2972,2157,432,656,783,1133,1553,1709,1844,1853,"{""type"":""MultiPoint"",""coordinates"":[]}"
0000000000000000223a_0,4184,4230,1946,2601,3112,3420,3334,3384,3404,3388,"{""type"":""MultiPoint"",""coordinates"":[]}"
0000000000000000223e_0,4509,3547,1096,1620,2252,2584,2791,2984,3152,3317,"{""type"":""MultiPoint"",""coordinates"":[]}"
00000000000000002243_0,1729,829,413,614,360,1090,2903,3524,3520,4025,"{""type"":""MultiPoint"",""coordinates"":[]}"
00000000000000002247_0,2899,2588,1714,2226,2476,3012,3062,3228,2958,3149,"{""type"":""MultiPoint"",""coordinates"":[]}"
0000000000000000224b_0,5255,4835,1390,1880,2416,2907,3009,3234,3296,3561,"{""type"":""MultiPoint"",""coordinates"":[]}"
0000000000000000224f_0,2118,1226,464,826,565,1332,3252,3717,3889,3948,"{""type"":""MultiPoint"",""coordinates"":[]}"
00000000000000002253_0,2414,1797,536,652,750,1046,1489,1648,1846,1868,"{""type"":""MultiPoint"",""coordinates"":[]}"
00000000000000002254_0,2458,1490,314,542,593,980,1595,1864,2120,2177,"{""type"":""MultiPoint"",""coordinates"":[]}"
00000000000000002258_0,6015,5487,1688,2360,2956,3726,3884,4092,4036,4307,"{""type"":""MultiPoint"",""coordinates"":[]}"
0000000000000000225a_0,2563,2203,733,1130,1656,2045,2637,2930,3177,2961,"{""type"":""MultiPoint"",""coordinates"":[]}"
0000000000000000225f_0,2555,2125,1370,1612,1962,1744,1799,1927,2313,2049,"{""type"":""MultiPoint"",""coordinates"":[]}"
00000000000000002260_0,2324,1407,393,694,606,1223,2232,2539,2556,2813,"{""type"":""MultiPoint"",""coordinates"":[]}"
00000000000000002264_0,3972,3908,1760,2210,2756,2998,3039,3177,3304,3240,"{""type"":""MultiPoint"",""coordinates"":[]}"
00000000000000002269_0,4196,3821,1858,2558,3096,3261,3247,3346,3340,3368,"{""type"":""MultiPoint"",""coordinates"":[]}"
0000000000000000226c_0,2358,1474,476,832,726,1362,2689,3033,3188,3227,"{""type"":""MultiPoint"",""coordinates"":[]}"
0000000000000000226d_0,1686,697,188,419,231,749,3048,3864,3912,4125,"{""type"":""MultiPoint"",""coordinates"":[]}"
0000000000000000226e_0,1437,727,340,485,367,708,1921,2376,2348,2605,"{""type"":""MultiPoint"",""coordinates"":[]}"
00000000000000002271_0,3560,3400,1220,1708,2290,2476,2568,2727,2674,2839,"{""type"":""MultiPoint"",""coordinates"":[]}"
00000000000000002274_0,1430,758,235,502,370,781,2078,2391,3030,2580,"{""type"":""MultiPoint"",""coordinates"":[]}"
00000000000000002275_0,2292,2010,924,1218,1558,1858,2107,2130,2092,2153,"{""type"":""MultiPoint"",""coordinates"":[]}"
00000000000000002276_0,2974,2606,799,1158,1390,1678,1965,2133,2310,2268,"{""type"":""MultiPoint"",""coordinates"":[]}"
00000000000000002279_0,2458,1530,1150,1636,1968,2092,2093,2195,2314,2195,"{""type"":""MultiPoint"",""coordinates"":[]}"
0000000000000000227a_0,1859,729,237,472,182,776,3551,4581,4591,4851,"{""type"":""MultiPoint"",""coordinates"":[]}"
0000000000000000227e_0,3368,3086,1628,2132,2436,2670,2727,2819,2692,2836,"{""type"":""MultiPoint"",""coordinates"":[]}"
00000000000000002286_0,2883,2135,1570,2032,2534,2654,2689,2705,3030,2985,"{""type"":""MultiPoint"",""coordinates"":[]}"
00000000000000002289_0,1717,924,324,742,522,1196,3307,4030,3736,3984,"{""type"":""MultiPoint"",""coordinates"":[]}"
0000000000000000228e_0,2236,1637,758,1160,1160,1602,2925,3278,3284,3355,"{""type"":""MultiPoint"",""coordinates"":[]}"
00000000000000002291_0,2640,1981,744,1032,1252,1515,1741,1885,2080,2002,"{""type"":""MultiPoint"",""coordinates"":[]}"
00000000000000002297_0,3590,2917,934,1380,2079,2621,2756,2955,2955,3097,"{""type"":""MultiPoint"",""coordinates"":[]}"
00000000000000002298_0,1020,625,76,209,291,516,694,1016,824,956,"{""type"":""MultiPoint"",""coordinates"":[]}"
0000000000000000229c_0,1005,437,134,346,190,578,1796,2122,2596,2390,"{""type"":""MultiPoint"",""coordinates"":[]}"
000000000000000022a0_0,1238,1179,3632,3676,3704,3603,3541,3453,3768,3374,"{""type"":""MultiPoint"",""coordinates"":[]}"
000000000000000022a4_0,3707,2420,839,1206,1416,1975,2830,3171,3188,3457,"{""type"":""MultiPoint"",""coordinates"":[]}"
000000000000000022a8_0,2813,1904,477,876,951,1658,2642,2991,3248,3331,"{""type"":""MultiPoint"",""coordinates"":[]}"
000000000000000022ac_0,1257,1067,490,438,439,646,847,755,519,766,"{""type"":""MultiPoint"",""coordinates"":[]}"
000000000000000022ad_0,3401,2820,716,1084,1284,1946,2316,2552,2542,2785,"{""type"":""MultiPoint"",""coordinates"":[]}"
000000000000000022b1_0,2366,968,156,400,188,704,3995,5145,5058,5501,"{""type"":""MultiPoint"",""coordinates"":[]}"
000000000000000022b5_0,4430,4293,1630,2220,2844,3182,3237,3406,3334,3408,"{""type"":""MultiPoint"",""coordinates"":[]}"
000000000000000022b9_0,1595,1034,237,457,444,754,1468,1590,1760,1735,"{""type"":""MultiPoint"",""coordinates"":[]}"
000000000000000022ba_0,1583,1020,350,513,431,922,2692,3931,4459,4061,"{""type"":""MultiPoint"",""coordinates"":[]}"
000000000000000022bd_0,2955,2540,727,1090,1290,1586,1998,2124,2220,2311,"{""type"":""MultiPoint"",""coordinates"":[]}"
000000000000000022c2_0,3794,3822,1542,2158,2522,2613,2628,2719,2756,2710,"{""type"":""MultiPoint"",""coordinates"":[]}"
000000000000000022ca_0,3169,3671,1776,2296,2576,2267,2457,2481,2714,2391,"{""type"":""MultiPoint"",""coordinates"":[]}"
000000000000000022cd_0,1471,928,293,446,435,728,1571,1778,2036,1999,"{""type"":""MultiPoint"",""coordinates"":[]}"
000000000000000022ce_0,2503,1855,816,1208,1368,1781,2389,2589,2736,2696,"{""type"":""MultiPoint"",""coordinates"":[]}"
000000000000000022cf_0,3472,2904,1056,1428,1822,1896,2319,2440,2818,2655,"{""type"":""MultiPoint"",""coordinates"":[]}"
000000000000000022d2_0,2182,1534,540,716,727,969,1758,2045,2216,2215,"{""type"":""MultiPoint"",""coordinates"":[]}"
000000000000000022d7_0,3170,3033,1176,1682,2258,2343,2402,2480,2524,2510,"{""type"":""MultiPoint"",""coordinates"":[]}"
000000000000000022da_0,1256,1072,324,458,544,622,658,727,786,760,"{""type"":""MultiPoint"",""coordinates"":[]}"
000000000000000022db_0,3439,2922,866,1158,1604,1861,1988,2142,2308,2428,"{""type"":""MultiPoint"",""coordinates"":[]}"
000000000000000022df_0,2615,2328,1028,1444,1770,1934,2127,2212,2188,2295,"{""type"":""MultiPoint"",""coordinates"":[]}"
000000000000000022e3_0,3372,2991,1438,1712,1986,2115,2234,2336,2460,2496,"{""type"":""MultiPoint"",""coordinates"":[]}"
000000000000000022e4_0,1738,765,296,591,347,967,3355,4218,4300,4520,"{""type"":""MultiPoint"",""coordinates"":[]}"
000000000000000022e7_0,2568,1884,463,843,1003,1503,2319,2543,2608,2786,"{""type"":""MultiPoint"",""coordinates"":[]}"
000000000000000022ea_0,3102,2384,772,1084,1144,1796,2286,2457,2514,2839,"{""type"":""MultiPoint"",""coordinates"":[]}"
000000000000000022ec_0,4367,4448,1694,2432,3074,3142,3183,3221,3326,3256,"{""type"":""MultiPoint"",""coordinates"":[]}"
000000000000000022ef_0,1791,1052,221,497,484,936,1973,2255,2344,2451,"{""type"":""MultiPoint"",""coordinates"":[]}"
000000000000000022f0_0,4698,4404,1144,1710,2632,3124,3327,3566,3576,3788,"{""type"":""MultiPoint"",""coordinates"":[]}"
000000000000000022f1_0,1859,877,347,505,366,947,2709,3074,3068,3391,"{""type"":""MultiPoint"",""coordinates"":[]}"
000000000000000022f4_0,2494,2192,998,1288,1720,2042,1986,2138,2158,2206,"{""type"":""MultiPoint"",""coordinates"":[]}"
000000000000000022f9_0,2577,1628,633,1007,1726,2060,2269,2615,2874,2980,"{""type"":""MultiPoint"",""coordinates"":[]}"
000000000000000022fc_0,1591,741,449,655,388,880,3434,4754,4816,4852,"{""type"":""MultiPoint"",""coordinates"":[]}"
00000000000000002301_0,3462,3072,1410,1934,2216,2500,2783,2955,2950,3047,"{""type"":""MultiPoint"",""coordinates"":[]}"
00000000000000002305_0,2227,2121,1052,1300,1628,1770,1838,1937,2026,2010,"{""type"":""MultiPoint"",""coordinates"":[]}"
00000000000000002306_0,3043,2824,1078,1354,1654,1752,1875,1936,2076,2084,"{""type"":""MultiPoint"",""coordinates"":[]}"
0000000000000000230a_0,2083,904,295,552,241,983,3883,5131,5241,5346,"{""type"":""MultiPoint"",""coordinates"":[]}"
0000000000000000230e_0,3919,3498,1676,2324,2696,2872,3245,3339,3436,3516,"{""type"":""MultiPoint"",""coordinates"":[]}"
00000000000000002311_0,2690,2270,727,1088,1256,1435,1882,2119,2114,2227,"{""type"":""MultiPoint"",""coordinates"":[]}"
00000000000000002312_0,1902,1323,322,514,587,913,1503,1612,1592,1803,"{""type"":""MultiPoint"",""coordinates"":[]}"
00000000000000002316_0,4295,4210,1808,2484,3120,3211,3383,3474,3740,3542,"{""type"":""MultiPoint"",""coordinates"":[]}"
0000000000000000231e_0,2827,2176,736,1156,1230,1841,2758,2965,3010,3072,"{""type"":""MultiPoint"",""coordinates"":[]}"
0000000000000000231f_0,2063,922,284,483,288,907,3076,3996,3795,4227,"{""type"":""MultiPoint"",""coordinates"":[]}"
00000000000000002323_0,2522,2256,974,1290,1720,1827,1942,2029,2056,2147,"{""type"":""MultiPoint"",""coordinates"":[]}"
00000000000000002327_0,4553,3518,786,1208,1955,2339,2659,2839,3111,3204,"{""type"":""MultiPoint"",""coordinates"":[]}"
0000000000000000232b_0,3147,2834,1066,1644,2464,2554,2826,2946,3128,2986,"{""type"":""MultiPoint"",""coordinates"":[]}"
0000000000000000232c_0,2571,1421,360,708,615,1347,2450,2736,2980,3298,"{""type"":""MultiPoint"",""coordinates"":[]}"
00000000000000002330_0,2937,2307,1040,1542,1892,2093,2323,2465,2442,2555,"{""type"":""MultiPoint"",""coordinates"":[]}"
00000000000000002333_0,3932,3222,848,1386,2262,2641,2951,3094,3256,3173,"{""type"":""MultiPoint"",""coordinates"":[]}"
00000000000000002334_0,3127,2241,760,1052,1072,1509,2374,2679,2728,2895,"{""type"":""MultiPoint"",""coordinates"":[]}"
00000000000000002335_0,3102,2336,684,969,1230,1693,2095,2418,2618,2629,"{""type"":""MultiPoint"",""coordinates"":[]}"
00000000000000002338_0,3564,3369,1414,1918,2464,2737,2838,2967,2886,3041,"{""type"":""MultiPoint"",""coordinates"":[]}"
0000000000000000233c_0,2540,1859,607,900,963,1332,2244,2702,3396,2910,"{""type"":""MultiPoint"",""coordinates"":[]}"
0000000000000000233d_0,590,280,1,183,95,410,1323,1416,1625,1728,"{""type"":""MultiPoint"",""coordinates"":[]}"
00000000000000002340_0,1616,716,251,371,219,522,2146,3093,3210,2978,"{""type"":""MultiPoint"",""coordinates"":[]}"
00000000000000002341_0,1825,683,172,422,162,825,3478,4443,4627,4943,"{""type"":""MultiPoint"",""coordinates"":[]}"
00000000000000002343_0,2379,1718,515,842,912,1376,2119,2312,2336,2470,"{""type"":""MultiPoint"",""coordinates"":[]}"
00000000000000002345_0,3832,3968,1714,2292,2664,2726,2723,2754,2770,2690,"{""type"":""MultiPoint"",""coordinates"":[]}"
00000000000000002348_0,3076,2263,904,1350,1576,1923,2671,2805,3194,3077,"{""type"":""MultiPoint"",""coordinates"":[]}"
00000000000000002349_0,879,587,333,372,391,551,1187,1301,1444,1394,"{""type"":""MultiPoint"",""coordinates"":[]}"
0000000000000000234a_0,2430,2132,1648,1912,2258,1879,2461,2752,2905,2798,"{""type"":""MultiPoint"",""coordinates"":[]}"
00000000000000002350_0,1929,1380,377,598,769,964,1212,1324,1480,1431,"{""type"":""MultiPoint"",""coordinates"":[]}"
00000000000000002352_0,990,577,1008,1590,1734,2099,2097,2171,2200,2065,"{""type"":""MultiPoint"",""coordinates"":[]}"
00000000000000002356_0,2733,1732,489,768,678,1293,2304,2620,2644,2921,"{""type"":""MultiPoint"",""coordinates"":[]}"
00000000000000002357_0,1499,598,191,344,185,595,2173,2741,2731,3010,"{""type"":""MultiPoint"",""coordinates"":[]}"
0000000000000000235a_0,2782,2488,75,346,448,1470,1601,1921,746,1502,"{""type"":""MultiPoint"",""coordinates"":[]}"
00000000000000002363_0,1398,558,287,432,249,633,2514,3080,3758,3474,"{""type"":""MultiPoint"",""coordinates"":[]}"
0000000000000000236b_0,4093,3593,999,1316,1718,1920,2158,2325,2456,2542,"{""type"":""MultiPoint"",""coordinates"":[]}"
0000000000000000236f_0,996,528,767,1084,1444,1541,1507,1552,1708,1521,"{""type"":""MultiPoint"",""coordinates"":[]}"
00000000000000002377_0,3503,3121,908,1340,1598,2227,2622,2797,2800,2889,"{""type"":""MultiPoint"",""coordinates"":[]}"
00000000000000002378_0,1628,629,236,407,204,643,2758,3792,3864,4023,"{""type"":""MultiPoint"",""coordinates"":[]}"
0000000000000000237c_0,4006,4032,2120,2732,3082,3190,3107,3201,3124,3210,"{""type"":""MultiPoint"",""coordinates"":[]}"
0000000000000000237f_0,709,468,1100,1126,922,832,758,756,989,702,"{""type"":""MultiPoint"",""coordinates"":[]}"
00000000000000002380_0,2436,2074,626,866,1346,1157,1765,1952,2240,2002,"{""type"":""MultiPoint"",""coordinates"":[]}"
00000000000000002381_0,1456,654,222,424,239,730,2448,2950,3405,3190,"{""type"":""MultiPoint"",""coordinates"":[]}"
00000000000000002384_0,3602,2853,1192,1548,1846,2234,2482,2619,2714,2868,"{""type"":""MultiPoint"",""coordinates"":[]}"
00000000000000002385_0,2326,1853,911,1188,1276,1595,1924,2093,2258,2271,"{""type"":""MultiPoint"",""coordinates"":[]}"
0000000000000000238d_0,2866,1932,618,932,797,1596,2730,2960,3140,3185,"{""type"":""MultiPoint"",""coordinates"":[]}"
00000000000000002391_0,2799,2892,1163,1571,1908,1943,2033,2106,2277,2207,"{""type"":""MultiPoint"",""coordinates"":[]}"
00000000000000002395_0,2816,2405,1342,1710,2000,2266,2597,2659,2696,2833,"{""type"":""MultiPoint"",""coordinates"":[]}"
00000000000000002396_0,1976,1418,385,573,647,886,1198,1297,1463,1528,"{""type"":""MultiPoint"",""coordinates"":[]}"
0000000000000000239a_0,2136,1034,296,585,407,1057,2652,3105,3679,3442,"{""type"":""MultiPoint"",""coordinates"":[]}"
0000000000000000239b_0,1511,896,517,702,641,815,2064,2538,1544,2806,"{""type"":""MultiPoint"",""coordinates"":[]}"
0000000000000000239e_0,3482,3321,1756,2344,2864,2934,2986,3059,3100,3072,"{""type"":""MultiPoint"",""coordinates"":[]}"
000000000000000023a1_0,2254,1617,597,928,1038,1255,1890,2133,2656,2302,"{""type"":""MultiPoint"",""coordinates"":[]}"
000000000000000023a2_0,680,652,6284,6324,6300,6823,6906,6639,6540,6392,"{""type"":""MultiPoint"",""coordinates"":[]}"
000000000000000023a3_0,2209,1361,395,631,467,1364,2856,3549,3560,3825,"{""type"":""MultiPoint"",""coordinates"":[]}"
000000000000000023ab_0,3424,2914,1384,1970,2556,2667,2694,2767,2872,2807,"{""type"":""MultiPoint"",""coordinates"":[]}"
000000000000000023ae_0,2770,2237,887,1186,1504,1715,1914,2032,2182,2307,"{""type"":""MultiPoint"",""coordinates"":[]}"
000000000000000023b7_0,3009,2354,692,1058,1510,1727,1864,2015,2148,2159,"{""type"":""MultiPoint"",""coordinates"":[]}"
000000000000000023bb_0,2538,2077,1188,1608,1948,2088,2264,2294,2444,2252,"{""type"":""MultiPoint"",""coordinates"":[]}"
000000000000000023bc_0,1334,757,111,182,270,585,1015,1229,1180,1436,"{""type"":""MultiPoint"",""coordinates"":[]}"
000000000000000023be_0,2159,1321,241,648,505,1295,2694,3068,3189,3202,"{""type"":""MultiPoint"",""coordinates"":[]}"
000000000000000023c3_0,2007,1147,341,738,626,1446,3198,3883,4420,4231,"{""type"":""MultiPoint"",""coordinates"":[]}"
000000000000000023c4_0,4405,3917,1394,1876,2348,2628,2713,2843,2924,3123,"{""type"":""MultiPoint"",""coordinates"":[]}"
000000000000000023cc_0,1457,899,187,295,276,442,918,1062,1178,1137,"{""type"":""MultiPoint"",""coordinates"":[]}"
000000000000000023cd_0,2037,1008,288,653,462,1189,2751,3157,3098,3445,"{""type"":""MultiPoint"",""coordinates"":[]}"
000000000000000023d0_0,2996,2448,934,1456,2166,2614,2761,2911,2988,3072,"{""type"":""MultiPoint"",""coordinates"":[]}"
000000000000000023d9_0,4507,4041,1252,1894,2464,2606,2651,2772,2916,2729,"{""type"":""MultiPoint"",""coordinates"":[]}"
000000000000000023da_0,1938,1161,438,671,540,1155,2419,2778,2958,3122,"{""type"":""MultiPoint"",""coordinates"":[]}"
000000000000000023dd_0,2724,2041,1382,1802,2144,2070,3221,3529,3504,3734,"{""type"":""MultiPoint"",""coordinates"":[]}"
000000000000000023e0_0,1836,985,269,664,412,1097,2654,2850,3050,2983,"{""type"":""MultiPoint"",""coordinates"":[]}"
000000000000000023e6_0,2096,1289,381,714,468,1019,2121,2507,2636,2639,"{""type"":""MultiPoint"",""coordinates"":[]}"
000000000000000023f3_0,2561,1299,328,532,454,1054,2520,2975,3228,3390,"{""type"":""MultiPoint"",""coordinates"":[]}"
000000000000000023f7_0,2844,2705,1348,1876,2240,2153,2241,2292,2514,2294,"{""type"":""MultiPoint"",""coordinates"":[]}"
000000000000000023fa_0,1948,1497,659,868,1050,1409,1854,1999,1932,2223,"{""type"":""MultiPoint"",""coordinates"":[]}"
000000000000000023fb_0,3849,3141,794,1154,1424,1795,2278,2502,2578,2736,"{""type"":""MultiPoint"",""coordinates"":[]}"
000000000000000023fc_0,2842,2203,876,1286,1334,1831,2540,2734,2980,2879,"{""type"":""MultiPoint"",""coordinates"":[]}"
000000000000000023ff_0,3283,2546,562,922,1007,1738,2609,2884,2950,3096,"{""type"":""MultiPoint"",""coordinates"":[]}"
00000000000000002404_0,2967,2345,846,1214,1478,1835,2123,2236,2080,2395,"{""type"":""MultiPoint"",""coordinates"":[]}"
00000000000000002407_0,2666,1701,503,991,1018,1734,3050,3258,3438,3630,"{""type"":""MultiPoint"",""coordinates"":[]}"
0000000000000000240c_0,2350,2207,668,974,1286,1574,1615,1649,1642,1726,"{""type"":""MultiPoint"",""coordinates"":[]}"
00000000000000002410_0,3732,3404,894,1406,2348,2692,2954,3090,3212,3234,"{""type"":""MultiPoint"",""coordinates"":[]}"
00000000000000002411_0,2783,2065,638,943,932,1392,2189,2404,2546,2595,"{""type"":""MultiPoint"",""coordinates"":[]}"
00000000000000002415_0,1649,689,138,386,194,872,2819,3319,3414,3684,"{""type"":""MultiPoint"",""coordinates"":[]}"
00000000000000002417_0,2596,1750,594,969,1017,1520,2334,2596,2797,2874,"{""type"":""MultiPoint"",""coordinates"":[]}"
0000000000000000241c_0,1803,951,249,600,357,1042,3267,4165,4464,4177,"{""type"":""MultiPoint"",""coordinates"":[]}"
0000000000000000241d_0,2608,1934,428,630,962,1166,1290,1480,1464,1739,"{""type"":""MultiPoint"",""coordinates"":[]}"
00000000000000002421_0,4298,3554,1779,2442,2911,2895,3208,3278,3483,3474,"{""type"":""MultiPoint"",""coordinates"":[]}"
00000000000000002425_0,3537,2613,634,916,1050,1521,1962,2290,2248,2612,"{""type"":""MultiPoint"",""coordinates"":[]}"
00000000000000002426_0,3162,2753,982,1312,1542,1767,2040,2251,2352,2403,"{""type"":""MultiPoint"",""coordinates"":[]}"
00000000000000002429_0,3315,2526,989,1358,1806,2065,2232,2373,2520,2588,"{""type"":""MultiPoint"",""coordinates"":[]}"
0000000000000000242e_0,3712,3594,1532,2164,2544,2682,2690,2772,2810,2757,"{""type"":""MultiPoint"",""coordinates"":[]}"
00000000000000002433_0,2386,1732,544,902,908,1258,2436,3149,3356,3406,"{""type"":""MultiPoint"",""coordinates"":[]}"
00000000000000002436_0,2686,2139,634,946,940,1489,2088,2252,2374,2396,"{""type"":""MultiPoint"",""coordinates"":[]}"
0000000000000000243b_0,3356,3270,1598,2096,2512,2672,2707,2749,2832,2861,"{""type"":""MultiPoint"",""coordinates"":[]}"
0000000000000000243e_0,1448,735,281,656,377,1136,2885,3273,3400,3517,"{""type"":""MultiPoint"",""coordinates"":[]}"
0000000000000000243f_0,2635,1853,668,896,735,1405,2703,3092,3374,3323,"{""type"":""MultiPoint"",""coordinates"":[]}"
00000000000000002447_0,2084,1786,548,794,1128,1381,1681,1745,1708,1738,"{""type"":""MultiPoint"",""coordinates"":[]}"
00000000000000002448_0,1542,920,586,665,574,844,1583,1578,2145,1844,"{""type"":""MultiPoint"",""coordinates"":[]}"
0000000000000000244b_0,2890,2673,1218,1576,1956,2101,2150,2197,2160,2264,"{""type"":""MultiPoint"",""coordinates"":[]}"
0000000000000000244e_0,1301,713,105,319,255,652,1797,2079,2221,2267,"{""type"":""MultiPoint"",""coordinates"":[]}"
00000000000000002450_0,4125,3860,1378,2032,2544,2658,2726,2856,2996,2979,"{""type"":""MultiPoint"",""coordinates"":[]}"
00000000000000002454_0,4254,3787,1216,1550,2084,2397,2668,2870,2974,3131,"{""type"":""MultiPoint"",""coordinates"":[]}"
00000000000000002458_0,3534,2894,1001,1500,1610,2399,3575,3926,3980,4006,"{""type"":""MultiPoint"",""coordinates"":[]}"
0000000000000000245d_0,3436,2764,1090,1556,1854,1996,2463,2703,2854,2947,"{""type"":""MultiPoint"",""coordinates"":[]}"
00000000000000002460_0,4383,3852,1486,2230,2946,3142,3293,3384,3496,3447,"{""type"":""MultiPoint"",""coordinates"":[]}"
00000000000000002461_0,2991,2240,675,1028,1066,1235,2865,3451,3486,3727,"{""type"":""MultiPoint"",""coordinates"":[]}"
00000000000000002469_0,3805,3389,1436,1956,2366,2337,2657,2860,3144,2923,"{""type"":""MultiPoint"",""coordinates"":[]}"
0000000000000000246d_0,3845,3208,1614,2232,2824,3211,3573,3811,3950,3865,"{""type"":""MultiPoint"",""coordinates"":[]}"
00000000000000002470_0,3509,2857,789,1158,1578,2069,2670,2765,2972,2890,"{""type"":""MultiPoint"",""coordinates"":[]}"
00000000000000002472_0,3295,2769,1152,1750,2192,2190,2483,2609,2862,2771,"{""type"":""MultiPoint"",""coordinates"":[]}"
00000000000000002475_0,2158,1272,359,941,933,1652,3189,3526,3216,3612,"{""type"":""MultiPoint"",""coordinates"":[]}"
00000000000000002476_0,2520,1302,359,550,378,898,3152,4198,4592,4344,"{""type"":""MultiPoint"",""coordinates"":[]}"
0000000000000000247a_0,437,449,6752,6784,6772,7082,6755,6466,5968,6017,"{""type"":""MultiPoint"",""coordinates"":[]}"
0000000000000000247e_0,3051,2369,914,1326,1540,1951,2438,2613,2636,2737,"{""type"":""MultiPoint"",""coordinates"":[]}"
0000000000000000248f_0,4629,4382,1860,2588,3356,3583,3746,3798,3858,3833,"{""type"":""MultiPoint"",""coordinates"":[]}"
00000000000000002497_0,2001,1323,445,879,788,1316,2718,3091,3240,3330,"{""type"":""MultiPoint"",""coordinates"":[]}"
000000000000000024a4_0,2866,2551,1056,1524,1952,2211,2347,2444,2454,2476,"{""type"":""MultiPoint"",""coordinates"":[]}"
000000000000000024a5_0,1908,759,240,565,225,998,3583,4575,4471,4759,"{""type"":""MultiPoint"",""coordinates"":[]}"
000000000000000024a7_0,3185,2523,938,1558,1924,2145,2493,2784,3108,2910,"{""type"":""MultiPoint"",""coordinates"":[]}"
000000000000000024b6_0,924,449,180,291,196,479,1394,1723,1884,1961,"{""type"":""MultiPoint"",""coordinates"":[]}"
000000000000000024b9_0,2966,2353,874,1226,1532,1990,2349,2514,2608,2718,"{""type"":""MultiPoint"",""coordinates"":[]}"
000000000000000024ba_0,1960,809,227,535,196,874,3516,4286,4555,4601,"{""type"":""MultiPoint"",""coordinates"":[]}"
000000000000000024be_0,1502,1369,745,1028,1220,1258,1314,1368,1318,1321,"{""type"":""MultiPoint"",""coordinates"":[]}"
000000000000000024c2_0,4767,4173,1496,2060,2442,2844,2895,3164,3062,3228,"{""type"":""MultiPoint"",""coordinates"":[]}"
000000000000000024c3_0,2075,1185,355,597,483,933,2784,3509,3649,3769,"{""type"":""MultiPoint"",""coordinates"":[]}"
000000000000000024c6_0,3087,2541,796,1324,1500,2027,2857,2983,3130,3075,"{""type"":""MultiPoint"",""coordinates"":[]}"
000000000000000024c9_0,2796,2167,662,988,1102,1612,2194,2388,2510,2562,"{""type"":""MultiPoint"",""coordinates"":[]}"
000000000000000024ce_0,3078,2447,816,1176,1504,1917,2222,2331,2544,2552,"{""type"":""MultiPoint"",""coordinates"":[]}"
000000000000000024d0_0,1215,1141,904,1282,1322,1954,1719,1726,1630,1790,"{""type"":""MultiPoint"",""coordinates"":[]}"
000000000000000024d7_0,2219,2028,1274,1542,1770,1720,1828,1908,2118,1987,"{""type"":""MultiPoint"",""coordinates"":[]}"
000000000000000024d8_0,3162,2450,977,1410,1842,2046,2284,2569,2553,2732,"{""type"":""MultiPoint"",""coordinates"":[]}"
000000000000000024db_0,3992,3825,1376,1886,2472,2804,2854,2907,2814,2914,"{""type"":""MultiPoint"",""coordinates"":[]}"
000000000000000024dc_0,1058,485,98,322,164,586,1681,2039,2120,2316,"{""type"":""MultiPoint"",""coordinates"":[]}"
000000000000000024dd_0,1347,554,160,297,152,529,1872,2314,2402,2582,"{""type"":""MultiPoint"",""coordinates"":[]}"
000000000000000024e0_0,3657,3207,1242,1984,2618,2609,2696,2861,2946,2865,"{""type"":""MultiPoint"",""coordinates"":[]}"
000000000000000024e4_0,3909,3283,777,1120,1374,1827,2337,2540,2490,2707,"{""type"":""MultiPoint"",""coordinates"":[]}"
000000000000000024e8_0,3868,3189,1312,1760,2164,2434,2954,3160,3244,3393,"{""type"":""MultiPoint"",""coordinates"":[]}"
000000000000000024f0_0,2293,1700,602,971,985,1516,2259,2445,2512,2469,"{""type"":""MultiPoint"",""coordinates"":[]}"
000000000000000024f1_0,1235,856,856,1018,880,1594,2117,2337,2345,2172,"{""type"":""MultiPoint"",""coordinates"":[]}"
000000000000000024f3_0,1013,572,169,339,267,538,1376,1595,1604,1821,"{""type"":""MultiPoint"",""coordinates"":[]}"
000000000000000024f5_0,2459,2152,1082,1584,1946,2041,2139,2207,2238,2215,"{""type"":""MultiPoint"",""coordinates"":[]}"
000000000000000024f9_0,2853,2334,866,1336,2270,2402,2526,2679,2966,2740,"{""type"":""MultiPoint"",""coordinates"":[]}"
000000000000000024fa_0,2389,1688,592,937,857,1421,2533,3072,3021,3209,"{""type"":""MultiPoint"",""coordinates"":[]}"
000000000000000024fd_0,2310,1936,942,1322,1588,1986,2274,2341,2336,2347,"{""type"":""MultiPoint"",""coordinates"":[]}"
000000000000000024fe_0,2701,1731,588,990,908,1366,2748,3304,3764,3559,"{""type"":""MultiPoint"",""coordinates"":[]}"
00000000000000002506_0,2532,1690,462,686,664,1121,2192,2534,2380,2721,"{""type"":""MultiPoint"",""coordinates"":[]}"
0000000000000000250e_0,1766,1191,437,502,650,909,1555,1773,1810,2047,"{""type"":""MultiPoint"",""coordinates"":[]}"
0000000000000000250f_0,2319,1828,739,999,1032,1291,2318,2911,3019,3050,"{""type"":""MultiPoint"",""coordinates"":[]}"
00000000000000002513_0,1567,753,214,345,263,733,1721,2138,2358,2524,"{""type"":""MultiPoint"",""coordinates"":[]}"
00000000000000002517_0,4180,3593,1832,2810,3476,3631,3656,3709,3752,3713,"{""type"":""MultiPoint"",""coordinates"":[]}"
0000000000000000251b_0,3534,3111,1104,1612,2148,2305,2471,2611,2788,2774,"{""type"":""MultiPoint"",""coordinates"":[]}"
0000000000000000251c_0,2282,1604,1048,1268,1378,1559,2579,3088,2844,3172,"{""type"":""MultiPoint"",""coordinates"":[]}"
00000000000000002528_0,2395,1430,624,951,754,1481,2906,3100,3360,3554,"{""type"":""MultiPoint"",""coordinates"":[]}"
0000000000000000252f_0,1977,1020,318,465,389,1035,3178,3761,4488,4047,"{""type"":""MultiPoint"",""coordinates"":[]}"
00000000000000002530_0,3484,3129,1162,1578,1964,2306,2690,2844,2886,2968,"{""type"":""MultiPoint"",""coordinates"":[]}"
00000000000000002534_0,4173,4025,1990,2642,3472,3482,3494,3804,3846,3741,"{""type"":""MultiPoint"",""coordinates"":[]}"
00000000000000002535_0,1768,826,236,440,244,871,2955,3818,4220,4158,"{""type"":""MultiPoint"",""coordinates"":[]}"
00000000000000002537_0,5054,4455,1210,1870,2884,3277,3619,3783,3860,3896,"{""type"":""MultiPoint"",""coordinates"":[]}"
0000000000000000253c_0,2339,1339,689,1042,963,1407,3109,3454,3272,3698,"{""type"":""MultiPoint"",""coordinates"":[]}"
0000000000000000253d_0,2255,1438,629,753,1032,1328,1734,2039,2220,2395,"{""type"":""MultiPoint"",""coordinates"":[]}"
00000000000000002541_0,3317,2728,1312,1538,1776,2265,2394,2597,2532,2732,"{""type"":""MultiPoint"",""coordinates"":[]}"
00000000000000002553_0,2622,1974,561,855,954,1344,2277,2514,2728,2791,"{""type"":""MultiPoint"",""coordinates"":[]}"
00000000000000002557_0,1656,731,235,434,241,590,2655,3772,3664,4000,"{""type"":""MultiPoint"",""coordinates"":[]}"
00000000000000002559_0,2215,1663,544,784,1014,1139,1517,1673,1914,1793,"{""type"":""MultiPoint"",""coordinates"":[]}"
0000000000000000255b_0,2593,1888,1042,1556,2078,2264,2414,2517,2620,2639,"{""type"":""MultiPoint"",""coordinates"":[]}"
0000000000000000255e_0,4432,3756,1746,2454,3116,3475,3580,3715,3792,3820,"{""type"":""MultiPoint"",""coordinates"":[]}"
0000000000000000255f_0,2467,1521,397,636,590,1236,1927,2242,2238,2483,"{""type"":""MultiPoint"",""coordinates"":[]}"
00000000000000002570_0,4106,3694,1548,2198,2724,2876,3016,3125,3252,3257,"{""type"":""MultiPoint"",""coordinates"":[]}"
00000000000000002573_0,2782,2076,650,1270,1342,1927,2603,2752,2798,2802,"{""type"":""MultiPoint"",""coordinates"":[]}"
00000000000000002574_0,2717,2558,822,1122,1622,1915,2186,2333,2376,2471,"{""type"":""MultiPoint"",""coordinates"":[]}"
00000000000000002575_0,2576,1798,619,849,827,1291,2243,2599,2518,2782,"{""type"":""MultiPoint"",""coordinates"":[]}"
00000000000000002578_0,4839,3990,1772,2380,2686,3251,3964,4136,4408,4328,"{""type"":""MultiPoint"",""coordinates"":[]}"
0000000000000000257d_0,3246,2287,659,1020,1240,1698,2280,2524,2678,2881,"{""type"":""MultiPoint"",""coordinates"":[]}"
00000000000000002580_0,3045,2053,686,1192,1264,1831,3004,3483,3640,3706,"{""type"":""MultiPoint"",""coordinates"":[]}"
00000000000000002581_0,1528,594,244,445,176,778,2932,3689,3838,4026,"{""type"":""MultiPoint"",""coordinates"":[]}"
00000000000000002589_0,1229,765,159,381,250,672,1601,1824,2122,2031,"{""type"":""MultiPoint"",""coordinates"":[]}"
0000000000000000258a_0,2281,1297,622,930,761,1318,2738,2867,3635,3173,"{""type"":""MultiPoint"",""coordinates"":[]}"
00000000000000002590_0,5345,4365,1346,2292,3370,3689,3889,4017,4171,4170,"{""type"":""MultiPoint"",""coordinates"":[]}"
00000000000000002592_0,3840,3465,1292,1908,2612,2821,2921,3064,3164,3180,"{""type"":""MultiPoint"",""coordinates"":[]}"
0000000000000000259a_0,1850,1385,593,802,1028,1121,1503,1685,1782,1779,"{""type"":""MultiPoint"",""coordinates"":[]}"
0000000000000000259e_0,1915,1251,364,612,533,1052,1869,2030,2086,2213,"{""type"":""MultiPoint"",""coordinates"":[]}"
000000000000000025a2_0,2762,2398,1282,1628,2038,2209,2220,2326,2402,2369,"{""type"":""MultiPoint"",""coordinates"":[]}"
000000000000000025a3_0,1879,776,203,519,192,965,3826,4753,5047,5150,"{""type"":""MultiPoint"",""coordinates"":[]}"
000000000000000025a4_0,1029,418,136,430,179,649,2315,2677,3184,2893,"{""type"":""MultiPoint"",""coordinates"":[]}"
000000000000000025a7_0,3781,3397,948,1500,2498,2800,3011,3150,3182,3144,"{""type"":""MultiPoint"",""coordinates"":[]}"
000000000000000025ab_0,3406,3110,924,1426,1870,1911,2132,2260,2520,2438,"{""type"":""MultiPoint"",""coordinates"":[]}"
000000000000000025ac_0,2438,1386,421,711,647,1145,2606,3079,3552,3375,"{""type"":""MultiPoint"",""coordinates"":[]}"
000000000000000025af_0,3605,3147,1114,1660,1886,2436,2917,3023,3342,3161,"{""type"":""MultiPoint"",""coordinates"":[]}"
000000000000000025b4_0,2553,1524,366,896,894,1680,2857,3292,3528,3600,"{""type"":""MultiPoint"",""coordinates"":[]}"
000000000000000025b7_0,2853,2044,965,1360,1780,2099,2203,2319,2468,2513,"{""type"":""MultiPoint"",""coordinates"":[]}"
000000000000000025b9_0,1399,609,216,414,231,691,2138,2568,2720,2839,"{""type"":""MultiPoint"",""coordinates"":[]}"
000000000000000025bc_0,1035,948,2807,3408,3418,2765,2729,2771,3191,2503,"{""type"":""MultiPoint"",""coordinates"":[]}"
000000000000000025c0_0,3845,3136,1522,1994,2402,2835,3123,3240,3344,3350,"{""type"":""MultiPoint"",""coordinates"":[]}"
000000000000000025c1_0,1608,667,229,415,207,639,2725,3461,3520,3749,"{""type"":""MultiPoint"",""coordinates"":[]}"
000000000000000025c4_0,3802,3876,1578,2128,2864,3084,3103,3221,3232,3189,"{""type"":""MultiPoint"",""coordinates"":[]}"
000000000000000025c5_0,1155,532,156,271,227,576,1480,1753,1760,1972,"{""type"":""MultiPoint"",""coordinates"":[]}"
000000000000000025c7_0,6170,5386,1606,2558,4038,4532,4718,4847,5020,4984,"{""type"":""MultiPoint"",""coordinates"":[]}"
000000000000000025d1_0,3718,2895,1300,1788,2190,2292,2852,3164,3068,3426,"{""type"":""MultiPoint"",""coordinates"":[]}"
000000000000000025d6_0,2054,1828,629,928,1110,1209,1298,1386,1360,1405,"{""type"":""MultiPoint"",""coordinates"":[]}"
000000000000000025d9_0,3530,2861,1190,1822,2480,2819,3164,3337,3492,3482,"{""type"":""MultiPoint"",""coordinates"":[]}"
000000000000000025da_0,2173,948,264,421,245,731,3540,5045,5115,5364,"{""type"":""MultiPoint"",""coordinates"":[]}"
000000000000000025db_0,1485,620,218,365,203,568,2297,3011,3404,3345,"{""type"":""MultiPoint"",""coordinates"":[]}"
000000000000000025dc_0,481,347,0,56,0,171,712,683,804,767,"{""type"":""MultiPoint"",""coordinates"":[]}"
000000000000000025de_0,3034,2566,1005,1614,2188,2331,2435,2558,2602,2562,"{""type"":""MultiPoint"",""coordinates"":[]}"
000000000000000025e2_0,4407,3595,1160,1828,2662,3033,3169,3254,3352,3404,"{""type"":""MultiPoint"",""coordinates"":[]}"
000000000000000025e3_0,2231,1584,532,846,902,1414,2315,2467,2547,2585,"{""type"":""MultiPoint"",""coordinates"":[]}"
000000000000000025e6_0,3076,2662,1146,1576,2066,2412,2575,2740,2626,2817,"{""type"":""MultiPoint"",""coordinates"":[]}"
000000000000000025e7_0,1023,460,129,310,212,483,1796,2279,2436,2525,"{""type"":""MultiPoint"",""coordinates"":[]}"
000000000000000025e9_0,4542,3311,1524,2194,3100,2916,3375,3338,4244,3890,"{""type"":""MultiPoint"",""coordinates"":[]}"
000000000000000025ee_0,4446,3841,1158,1898,2814,3168,3232,3373,3528,3485,"{""type"":""MultiPoint"",""coordinates"":[]}"
000000000000000025ef_0,3284,2284,778,1015,1124,1680,2822,3339,3493,3481,"{""type"":""MultiPoint"",""coordinates"":[]}"
000000000000000025f3_0,1870,1032,312,566,477,877,2240,2849,2687,3030,"{""type"":""MultiPoint"",""coordinates"":[]}"
000000000000000025f7_0,4020,3830,1290,1670,1964,2290,2871,2947,3082,3098,"{""type"":""MultiPoint"",""coordinates"":[]}"
000000000000000025fb_0,2237,1951,915,1290,1742,1960,1961,1968,1970,1954,"{""type"":""MultiPoint"",""coordinates"":[]}"
000000000000000025fc_0,1684,781,220,528,244,873,2622,3047,3495,3292,"{""type"":""MultiPoint"",""coordinates"":[]}"
000000000000000025fe_0,2495,2151,352,502,720,1086,1183,1263,1238,1544,"{""type"":""MultiPoint"",""coordinates"":[]}"
00000000000000002604_0,3506,3088,847,1208,1654,1890,2136,2282,2388,2466,"{""type"":""MultiPoint"",""coordinates"":[]}"
00000000000000002605_0,1293,853,403,663,385,749,1658,1450,282,1532,"{""type"":""MultiPoint"",""coordinates"":[]}"
00000000000000002608_0,4214,3644,1450,2090,2798,2932,3143,3248,3630,3516,"{""type"":""MultiPoint"",""coordinates"":[]}"
00000000000000002619_0,2029,1524,525,692,850,1031,1207,1331,1386,1438,"{""type"":""MultiPoint"",""coordinates"":[]}"
00000000000000002620_0,3862,3037,794,1194,1422,2166,2910,3056,3278,3389,"{""type"":""MultiPoint"",""coordinates"":[]}"
00000000000000002622_0,3708,3374,1078,1676,2352,2531,2685,2830,3030,3016,"{""type"":""MultiPoint"",""coordinates"":[]}"
00000000000000002625_0,3147,2724,712,1212,1846,2280,2621,2766,2908,2951,"{""type"":""MultiPoint"",""coordinates"":[]}"
00000000000000002626_0,4391,4150,789,1230,2000,2269,2534,2716,2758,2935,"{""type"":""MultiPoint"",""coordinates"":[]}"
0000000000000000262a_0,2409,1806,620,1086,1012,1594,3086,3543,3594,3643,"{""type"":""MultiPoint"",""coordinates"":[]}"
00000000000000002632_0,3544,3124,1514,1968,2280,2561,2890,3061,3172,3231,"{""type"":""MultiPoint"",""coordinates"":[]}"
00000000000000002633_0,964,371,233,360,171,543,1829,2360,2398,2592,"{""type"":""MultiPoint"",""coordinates"":[]}"
00000000000000002635_0,4406,3954,1268,1826,2592,2709,2919,3000,3328,3160,"{""type"":""MultiPoint"",""coordinates"":[]}"
0000000000000000263b_0,4005,3466,1148,1588,1912,2179,2421,2582,2648,2776,"{""type"":""MultiPoint"",""coordinates"":[]}"
0000000000000000263c_0,2766,2214,611,820,937,1443,2248,2611,2435,2772,"{""type"":""MultiPoint"",""coordinates"":[]}"
00000000000000002648_0,2819,1527,393,713,525,1317,2933,3367,3536,3730,"{""type"":""MultiPoint"",""coordinates"":[]}"
00000000000000002649_0,1942,994,498,656,533,1017,2360,2680,2710,2997,"{""type"":""MultiPoint"",""coordinates"":[]}"
0000000000000000264c_0,1690,783,192,579,281,896,2916,3286,3448,3301,"{""type"":""MultiPoint"",""coordinates"":[]}"
00000000000000002650_0,1910,1714,794,1038,1302,1541,1746,1712,1796,1675,"{""type"":""MultiPoint"",""coordinates"":[]}"
00000000000000002651_0,2295,1370,450,761,582,1196,2853,3252,3293,3442,"{""type"":""MultiPoint"",""coordinates"":[]}"
00000000000000002654_0,3629,3438,885,1440,2150,2386,2425,2493,2500,2574,"{""type"":""MultiPoint"",""coordinates"":[]}"
00000000000000002655_0,1758,757,332,584,261,933,3646,4696,4981,5006,"{""type"":""MultiPoint"",""coordinates"":[]}"
0000000000000000265d_0,3491,2898,988,1238,1514,1855,2291,2469,2634,2603,"{""type"":""MultiPoint"",""coordinates"":[]}"
0000000000000000265e_0,1813,1372,452,684,719,1175,1768,2036,2231,2218,"{""type"":""MultiPoint"",""coordinates"":[]}"
0000000000000000266a_0,1548,703,116,244,154,584,1869,2358,2570,2722,"{""type"":""MultiPoint"",""coordinates"":[]}"
0000000000000000266e_0,1557,1349,745,1056,1246,1376,1395,1434,1346,1432,"{""type"":""MultiPoint"",""coordinates"":[]}"
00000000000000002672_0,1144,741,930,1068,1096,1501,2087,2290,2544,2267,"{""type"":""MultiPoint"",""coordinates"":[]}"
00000000000000002673_0,2137,1258,414,681,614,1246,2887,3349,3516,3511,"{""type"":""MultiPoint"",""coordinates"":[]}"
00000000000000002676_0,2797,2619,987,1372,1682,1907,1982,2066,2040,2152,"{""type"":""MultiPoint"",""coordinates"":[]}"
00000000000000002677_0,1614,893,298,405,322,746,1586,1841,2178,2134,"{""type"":""MultiPoint"",""coordinates"":[]}"
00000000000000002679_0,5630,4863,1462,2468,3698,4090,4199,4263,4584,4343,"{""type"":""MultiPoint"",""coordinates"":[]}"
0000000000000000267e_0,4863,4071,1502,2226,3136,3589,3815,3898,4044,4029,"{""type"":""MultiPoint"",""coordinates"":[]}"
0000000000000000267f_0,2796,2035,620,1010,955,1790,2871,3153,3016,3374,"{""type"":""MultiPoint"",""coordinates"":[]}"
00000000000000002687_0,2251,1610,367,540,692,960,1656,1832,1530,2311,"{""type"":""MultiPoint"",""coordinates"":[]}"
0000000000000000268c_0,1270,537,211,340,173,581,2465,3425,2998,3636,"{""type"":""MultiPoint"",""coordinates"":[]}"
00000000000000002694_0,3993,3629,1134,1664,2304,2540,2745,2850,2996,3023,"{""type"":""MultiPoint"",""coordinates"":[]}"
00000000000000002695_0,1622,756,266,556,386,793,2440,3147,3261,3414,"{""type"":""MultiPoint"",""coordinates"":[]}"
00000000000000002698_0,3458,3173,1006,1506,2038,2319,2516,2666,2824,2799,"{""type"":""MultiPoint"",""coordinates"":[]}"
0000000000000000269d_0,2504,1395,271,711,565,1292,2862,3256,3500,3557,"{""type"":""MultiPoint"",""coordinates"":[]}"
000000000000000026a0_0,3185,2541,1096,1566,1706,2262,2812,3062,3140,3285,"{""type"":""MultiPoint"",""coordinates"":[]}"
000000000000000026a1_0,3349,1908,549,868,731,1327,2941,3437,3588,3794,"{""type"":""MultiPoint"",""coordinates"":[]}"
000000000000000026a9_0,2246,2336,802,1136,1216,1669,2053,2121,2142,2209,"{""type"":""MultiPoint"",""coordinates"":[]}"
000000000000000026ae_0,1569,756,194,429,242,770,2175,2645,2976,2939,"{""type"":""MultiPoint"",""coordinates"":[]}"
000000000000000026b0_0,3716,3236,838,1378,2152,2339,2773,3009,2956,3013,"{""type"":""MultiPoint"",""coordinates"":[]}"
000000000000000026b2_0,4921,4524,1810,2612,3264,3519,3609,3753,3838,3863,"{""type"":""MultiPoint"",""coordinates"":[]}"
000000000000000026ba_0,3869,3378,1320,1786,2058,2477,3026,3133,3208,3343,"{""type"":""MultiPoint"",""coordinates"":[]}"
000000000000000026bf_0,2866,1550,299,697,596,1556,3015,3379,3608,3882,"{""type"":""MultiPoint"",""coordinates"":[]}"
000000000000000026c2_0,2324,1499,537,968,872,1555,3301,3808,3904,3944,"{""type"":""MultiPoint"",""coordinates"":[]}"
000000000000000026c5_0,1947,988,130,452,209,791,3636,4642,4951,4932,"{""type"":""MultiPoint"",""coordinates"":[]}"
000000000000000026cb_0,1742,1093,308,490,538,799,1418,1710,1838,1915,"{""type"":""MultiPoint"",""coordinates"":[]}"
000000000000000026cf_0,3822,3542,1622,2308,3038,3320,3417,3510,3640,3487,"{""type"":""MultiPoint"",""coordinates"":[]}"
000000000000000026d2_0,2757,1431,1182,1938,2588,2928,2923,2947,2988,3025,"{""type"":""MultiPoint"",""coordinates"":[]}"
000000000000000026d4_0,3651,3227,1042,1516,1952,2302,2833,3062,3238,3243,"{""type"":""MultiPoint"",""coordinates"":[]}"
000000000000000026d7_0,5010,4505,1356,2042,3094,3661,3875,4061,4064,4087,"{""type"":""MultiPoint"",""coordinates"":[]}"
000000000000000026e1_0,2174,1159,346,608,468,1143,2457,2741,2886,3023,"{""type"":""MultiPoint"",""coordinates"":[]}"
000000000000000026e4_0,5527,5131,2498,3584,4208,4576,4506,4628,4432,4421,"{""type"":""MultiPoint"",""coordinates"":[]}"
000000000000000026e5_0,1982,1690,2054,2222,2188,1737,1954,1856,2454,1811,"{""type"":""MultiPoint"",""coordinates"":[]}"
000000000000000026e7_0,30,28,365,778,1248,1508,1421,1477,1438,1397,"{""type"":""MultiPoint"",""coordinates"":[]}"
000000000000000026e9_0,3898,3323,1296,2064,2584,2879,3217,3372,3386,3397,"{""type"":""MultiPoint"",""coordinates"":[]}"
000000000000000026ed_0,3850,3390,1102,1466,1950,2183,2454,2562,2802,2837,"{""type"":""MultiPoint"",""coordinates"":[]}"
000000000000000026ee_0,1447,828,676,828,691,1035,2889,4162,4444,4413,"{""type"":""MultiPoint"",""coordinates"":[]}"
000000000000000026f1_0,4986,4742,1744,2522,3106,3435,3734,3890,3996,3963,"{""type"":""MultiPoint"",""coordinates"":[]}"
000000000000000026f6_0,1850,1178,450,870,1038,1428,1840,1982,2154,2304,"{""type"":""MultiPoint"",""coordinates"":[]}"
000000000000000026f9_0,2141,1791,469,742,978,1386,1438,1606,1396,1784,"{""type"":""MultiPoint"",""coordinates"":[]}"
000000000000000026fa_0,1368,554,124,378,128,678,2594,3118,3295,3255,"{""type"":""MultiPoint"",""coordinates"":[]}"
000000000000000026fe_0,2732,2053,840,1176,1378,1628,2039,2281,2374,2430,"{""type"":""MultiPoint"",""coordinates"":[]}"
00000000000000002703_0,1705,1042,406,637,412,937,2007,2162,2239,2336,"{""type"":""MultiPoint"",""coordinates"":[]}"
00000000000000002706_0,2394,1960,1152,1514,1980,2148,2193,2221,2220,2167,"{""type"":""MultiPoint"",""coordinates"":[]}"
00000000000000002707_0,3853,2955,755,1108,1224,1746,2395,2601,2771,2937,"{""type"":""MultiPoint"",""coordinates"":[]}"
00000000000000002709_0,5675,4749,2170,3034,4672,5032,4740,4875,5512,4932,"{""type"":""MultiPoint"",""coordinates"":[]}"
0000000000000000270b_0,2192,1885,888,1284,1526,1680,1869,2008,2098,2004,"{""type"":""MultiPoint"",""coordinates"":[]}"
0000000000000000270e_0,4850,3814,1506,2398,3388,3771,3965,4095,4272,4234,"{""type"":""MultiPoint"",""coordinates"":[]}"
00000000000000002713_0,2708,2313,1120,1506,1708,1903,2215,2419,2510,2496,"{""type"":""MultiPoint"",""coordinates"":[]}"
00000000000000002718_0,2256,1092,289,717,434,1350,3133,3503,3657,3820,"{""type"":""MultiPoint"",""coordinates"":[]}"
0000000000000000271b_0,4281,3928,1450,2226,3050,3468,3630,3754,3664,3792,"{""type"":""MultiPoint"",""coordinates"":[]}"
0000000000000000271c_0,1344,604,259,476,272,723,2028,2335,2868,2534,"{""type"":""MultiPoint"",""coordinates"":[]}"
00000000000000002720_0,3192,2437,945,1458,1808,2237,2457,2650,2774,2836,"{""type"":""MultiPoint"",""coordinates"":[]}"
00000000000000002724_0,3170,2670,915,1228,1738,1973,2126,2256,2362,2368,"{""type"":""MultiPoint"",""coordinates"":[]}"
00000000000000002725_0,1907,1479,577,733,756,1178,2476,3266,3432,3472,"{""type"":""MultiPoint"",""coordinates"":[]}"
00000000000000002728_0,2422,2202,791,1122,1394,1532,1692,1793,1862,1826,"{""type"":""MultiPoint"",""coordinates"":[]}"
0000000000000000272b_0,3561,2776,927,1424,2104,2710,3040,3088,3292,3208,"{""type"":""MultiPoint"",""coordinates"":[]}"
0000000000000000272d_0,2348,1312,294,703,589,1255,2722,3079,3278,3391,"{""type"":""MultiPoint"",""coordinates"":[]}"
00000000000000002730_0,5068,4541,1766,2602,3472,3868,4013,4104,4384,4207,"{""type"":""MultiPoint"",""coordinates"":[]}"
00000000000000002739_0,3414,3129,1468,1866,2154,2469,2568,2629,2752,2685,"{""type"":""MultiPoint"",""coordinates"":[]}"
0000000000000000273a_0,2219,1054,281,753,321,1208,3705,4461,4584,4700,"{""type"":""MultiPoint"",""coordinates"":[]}"
0000000000000000273d_0,4663,4287,1276,1898,2648,2941,3038,3159,3222,3256,"{""type"":""MultiPoint"",""coordinates"":[]}"
0000000000000000273e_0,1173,502,220,402,198,625,2152,2730,2977,2924,"{""type"":""MultiPoint"",""coordinates"":[]}"
00000000000000002740_0,5369,5449,1250,2048,3382,3806,3949,4132,4124,4219,"{""type"":""MultiPoint"",""coordinates"":[]}"
00000000000000002742_0,4649,4217,1672,2486,3426,3645,3820,3974,4188,4122,"{""type"":""MultiPoint"",""coordinates"":[]}"
0000000000000000274a_0,4807,4373,1914,2562,3226,3473,3629,3773,3968,3932,"{""type"":""MultiPoint"",""coordinates"":[]}"
00000000000000002752_0,2871,2367,628,1136,1526,1887,2272,2362,2471,2466,"{""type"":""MultiPoint"",""coordinates"":[]}"
00000000000000002753_0,2493,1239,427,614,433,894,3559,4726,4608,5095,"{""type"":""MultiPoint"",""coordinates"":[]}"
00000000000000002755_0,1456,743,38,304,135,644,2931,3789,3972,3862,"{""type"":""MultiPoint"",""coordinates"":[]}"
0000000000000000275b_0,1866,1290,576,804,1202,1246,1557,1771,1946,1879,"{""type"":""MultiPoint"",""coordinates"":[]}"
0000000000000000275c_0,1627,680,222,349,206,605,2270,3091,3010,3261,"{""type"":""MultiPoint"",""coordinates"":[]}"
0000000000000000275f_0,3598,2836,870,1260,1660,2090,2569,2757,2932,3058,"{""type"":""MultiPoint"",""coordinates"":[]}"
00000000000000002762_0,6885,5967,2558,3732,5104,5631,5745,5817,5864,5949,"{""type"":""MultiPoint"",""coordinates"":[]}"
00000000000000002767_0,5575,4749,1820,2622,3872,4324,4496,4674,4772,4750,"{""type"":""MultiPoint"",""coordinates"":[]}"
00000000000000002768_0,1966,1005,350,524,448,925,2063,2488,2306,2779,"{""type"":""MultiPoint"",""coordinates"":[]}"
00000000000000002774_0,3008,2672,803,1196,1748,1860,2018,2085,2244,2195,"{""type"":""MultiPoint"",""coordinates"":[]}"
00000000000000002777_0,6407,5731,2482,3374,4584,4910,5006,5165,5376,5240,"{""type"":""MultiPoint"",""coordinates"":[]}"
0000000000000000277d_0,3232,2760,1144,1574,2142,2313,2618,2770,2968,2914,"{""type"":""MultiPoint"",""coordinates"":[]}"
0000000000000000277e_0,2033,1270,498,872,892,1263,2528,3317,3731,3714,"{""type"":""MultiPoint"",""coordinates"":[]}"
00000000000000002781_0,3689,3127,1132,1842,2470,2753,3021,3164,3206,3181,"{""type"":""MultiPoint"",""coordinates"":[]}"
00000000000000002786_0,917,822,505,706,838,796,790,822,844,787,"{""type"":""MultiPoint"",""coordinates"":[]}"
00000000000000002789_0,1985,1319,297,708,680,1220,2917,3477,3686,3450,"{""type"":""MultiPoint"",""coordinates"":[]}"
00000000000000002797_0,1449,731,225,384,338,558,1526,1831,2258,2097,"{""type"":""MultiPoint"",""coordinates"":[]}"
00000000000000002799_0,4619,4213,1026,1676,2836,3158,3437,3555,3540,3728,"{""type"":""MultiPoint"",""coordinates"":[]}"
0000000000000000279e_0,1524,1362,1314,1470,1482,1663,1919,1997,2046,1951,"{""type"":""MultiPoint"",""coordinates"":[]}"
000000000000000027a3_0,3302,2872,1604,2146,2486,2608,3085,3198,3204,3247,"{""type"":""MultiPoint"",""coordinates"":[]}"
000000000000000027ab_0,2735,1994,552,965,1043,1858,2861,3162,3172,3267,"{""type"":""MultiPoint"",""coordinates"":[]}"
000000000000000027ac_0,1490,611,237,350,191,563,2093,2693,2836,2877,"{""type"":""MultiPoint"",""coordinates"":[]}"
000000000000000027ae_0,3117,2722,697,1168,1734,2016,2193,2286,2420,2415,"{""type"":""MultiPoint"",""coordinates"":[]}"
000000000000000027b4_0,2464,2064,678,960,1324,1581,1774,1889,1890,1998,"{""type"":""MultiPoint"",""coordinates"":[]}"
000000000000000027bb_0,4823,2017,3396,4792,6092,6077,6090,6104,6456,5897,"{""type"":""MultiPoint"",""coordinates"":[]}"
000000000000000027bd_0,2222,1173,123,455,478,1015,2040,2436,2706,2799,"{""type"":""MultiPoint"",""coordinates"":[]}"
000000000000000027c0_0,4989,4443,1348,2098,3244,3523,3686,3850,4008,3906,"{""type"":""MultiPoint"",""coordinates"":[]}"
000000000000000027c1_0,2414,1292,384,754,529,1178,2720,3145,3424,3475,"{""type"":""MultiPoint"",""coordinates"":[]}"
000000000000000027c5_0,2618,1840,458,830,779,1456,2666,3075,3206,3332,"{""type"":""MultiPoint"",""coordinates"":[]}"
000000000000000027c9_0,2208,1556,444,658,852,1236,1826,2057,2092,2160,"{""type"":""MultiPoint"",""coordinates"":[]}"
000000000000000027ca_0,1522,756,307,720,312,1115,2625,2855,3266,2965,"{""type"":""MultiPoint"",""coordinates"":[]}"
000000000000000027cd_0,3088,2926,1414,1800,2434,2731,2786,2797,2692,2769,"{""type"":""MultiPoint"",""coordinates"":[]}"
000000000000000027ce_0,2071,1006,355,612,448,1128,3007,3519,3868,3898,"{""type"":""MultiPoint"",""coordinates"":[]}"
000000000000000027d0_0,5597,5164,1256,2046,3296,3804,4114,4279,4428,4366,"{""type"":""MultiPoint"",""coordinates"":[]}"
000000000000000027d2_0,4522,3685,1590,2308,2836,3006,3435,3664,3820,3847,"{""type"":""MultiPoint"",""coordinates"":[]}"
000000000000000027d6_0,2330,1946,487,734,1000,1183,1385,1476,1582,1608,"{""type"":""MultiPoint"",""coordinates"":[]}"
000000000000000027d7_0,1107,453,171,340,131,476,2671,4417,4604,4604,"{""type"":""MultiPoint"",""coordinates"":[]}"
000000000000000027da_0,3760,3188,1460,1952,2530,2843,3051,3206,3168,3402,"{""type"":""MultiPoint"",""coordinates"":[]}"
000000000000000027df_0,1745,854,129,514,400,1023,2463,2902,3207,3200,"{""type"":""MultiPoint"",""coordinates"":[]}"
000000000000000027e2_0,4062,3672,1736,2420,3179,3286,3405,3577,3820,3555,"{""type"":""MultiPoint"",""coordinates"":[]}"
000000000000000027e3_0,997,410,295,429,218,668,2235,2964,3038,3214,"{""type"":""MultiPoint"",""coordinates"":[]}"
000000000000000027e5_0,2164,1640,205,358,343,1123,1978,2268,1528,2266,"{""type"":""MultiPoint"",""coordinates"":[]}"
000000000000000027e7_0,4879,3633,2348,2996,3340,3480,3419,3515,3484,3405,"{""type"":""MultiPoint"",""coordinates"":[]}"
000000000000000027eb_0,1574,1318,509,666,814,1216,1544,1840,1604,1807,"{""type"":""MultiPoint"",""coordinates"":[]}"
000000000000000027ef_0,2535,2264,1520,1886,2424,2403,2601,2622,2752,2586,"{""type"":""MultiPoint"",""coordinates"":[]}"
000000000000000027f0_0,1113,457,154,286,220,552,1802,2209,2602,2541,"{""type"":""MultiPoint"",""coordinates"":[]}"
000000000000000027f2_0,6230,5073,2188,3292,4900,5319,5470,5552,5776,5554,"{""type"":""MultiPoint"",""coordinates"":[]}"
000000000000000027f8_0,3747,3260,608,874,1332,1575,1692,1934,1936,2249,"{""type"":""MultiPoint"",""coordinates"":[]}"
000000000000000027fc_0,3170,2879,1140,1408,1824,1935,2503,2725,2740,2815,"{""type"":""MultiPoint"",""coordinates"":[]}"
00000000000000002801_0,2202,1033,271,620,424,1231,2985,3505,3582,3917,"{""type"":""MultiPoint"",""coordinates"":[]}"
00000000000000002804_0,3426,2945,1484,2132,2412,2654,3071,3291,3394,3293,"{""type"":""MultiPoint"",""coordinates"":[]}"
00000000000000002805_0,2118,966,400,642,323,1004,3382,4049,4208,4320,"{""type"":""MultiPoint"",""coordinates"":[]}"
00000000000000002807_0,4166,3537,907,1612,2900,2998,3155,3261,3560,3373,"{""type"":""MultiPoint"",""coordinates"":[]}"
00000000000000002809_0,2686,2391,1030,1520,1904,2065,2194,2263,2226,2200,"{""type"":""MultiPoint"",""coordinates"":[]}"
0000000000000000280d_0,2509,2266,898,1208,1482,1587,1688,1781,1846,1817,"{""type"":""MultiPoint"",""coordinates"":[]}"
00000000000000002816_0,3267,1918,249,814,773,1637,3123,3586,4014,4088,"{""type"":""MultiPoint"",""coordinates"":[]}"
0000000000000000281a_0,2724,1578,501,823,644,1300,2774,3231,3375,3621,"{""type"":""MultiPoint"",""coordinates"":[]}"
0000000000000000281e_0,2112,1423,456,713,716,1136,1970,2350,2767,2354,"{""type"":""MultiPoint"",""coordinates"":[]}"
00000000000000002822_0,2515,2500,1068,1290,1802,1973,2192,2204,2204,2242,"{""type"":""MultiPoint"",""coordinates"":[]}"
00000000000000002826_0,3665,3185,1238,1792,2388,2575,2589,2673,2678,2598,"{""type"":""MultiPoint"",""coordinates"":[]}"
00000000000000002829_0,5967,5420,1158,2210,4024,4441,4617,4767,5028,4891,"{""type"":""MultiPoint"",""coordinates"":[]}"
0000000000000000282e_0,2233,2038,1740,2092,1592,2366,2321,2419,1642,1959,"{""type"":""MultiPoint"",""coordinates"":[]}"
00000000000000002830_0,380,294,721,818,629,837,879,889,711,900,"{""type"":""MultiPoint"",""coordinates"":[]}"
00000000000000002833_0,3791,3194,1478,2018,2408,2700,3160,3326,3428,3463,"{""type"":""MultiPoint"",""coordinates"":[]}"
0000000000000000283c_0,1236,521,202,422,190,672,2454,3085,3355,3278,"{""type"":""MultiPoint"",""coordinates"":[]}"
0000000000000000283d_0,1458,562,238,390,165,686,2922,3845,3864,4149,"{""type"":""MultiPoint"",""coordinates"":[]}"
00000000000000002844_0,2980,2661,1136,1480,1854,2241,2504,2526,2508,2604,"{""type"":""MultiPoint"",""coordinates"":[]}"
00000000000000002845_0,1803,1399,507,742,771,1250,1934,2204,2208,2325,"{""type"":""MultiPoint"",""coordinates"":[]}"
00000000000000002848_0,3576,3173,1100,1556,2084,2294,2406,2425,2396,2312,"{""type"":""MultiPoint"",""coordinates"":[]}"
0000000000000000284b_0,7553,7140,2224,3321,4749,5950,6058,6428,5575,6342,"{""type"":""MultiPoint"",""coordinates"":[]}"
00000000000000002855_0,2455,1995,608,940,1246,1496,1596,1720,1852,1896,"{""type"":""MultiPoint"",""coordinates"":[]}"
0000000000000000285d_0,4193,3730,1392,2024,2680,2999,3152,3293,3350,3423,"{""type"":""MultiPoint"",""coordinates"":[]}"
0000000000000000285e_0,1317,577,208,422,250,751,2454,2941,2912,3121,"{""type"":""MultiPoint"",""coordinates"":[]}"
00000000000000002862_0,4719,3896,1376,2028,2814,3047,3241,3438,3650,3689,"{""type"":""MultiPoint"",""coordinates"":[]}"
00000000000000002866_0,2588,2131,752,962,1272,1340,1791,1997,2166,2175,"{""type"":""MultiPoint"",""coordinates"":[]}"
00000000000000002867_0,1232,621,502,895,558,1099,2404,2705,3331,2884,"{""type"":""MultiPoint"",""coordinates"":[]}"
0000000000000000286d_0,3903,3068,1732,2378,2836,3397,3505,3377,3184,3381,"{""type"":""MultiPoint"",""coordinates"":[]}"
0000000000000000286f_0,3051,1838,454,852,792,1356,2878,3301,3378,3573,"{""type"":""MultiPoint"",""coordinates"":[]}"
00000000000000002873_0,2178,1137,269,451,389,1075,1993,2345,2669,2691,"{""type"":""MultiPoint"",""coordinates"":[]}"
00000000000000002875_0,2511,2064,403,597,770,1037,1559,1738,1838,1967,"{""type"":""MultiPoint"",""coordinates"":[]}"
00000000000000002877_0,4562,4230,2042,2658,3006,3065,3240,3318,3428,3438,"{""type"":""MultiPoint"",""coordinates"":[]}"
0000000000000000287b_0,3821,3539,1366,1874,2626,2903,3196,3221,3384,3344,"{""type"":""MultiPoint"",""coordinates"":[]}"
0000000000000000287c_0,2484,1330,540,912,498,1284,3721,4219,5147,4402,"{""type"":""MultiPoint"",""coordinates"":[]}"
0000000000000000287f_0,3137,2914,1672,2244,2318,2354,2131,2049,2502,2157,"{""type"":""MultiPoint"",""coordinates"":[]}"
00000000000000002880_0,957,410,86,176,121,494,1538,1860,1903,2427,"{""type"":""MultiPoint"",""coordinates"":[]}"
00000000000000002884_0,3631,2765,1013,1642,1970,2418,2922,3118,3252,3285,"{""type"":""MultiPoint"",""coordinates"":[]}"
00000000000000002888_0,2906,2424,626,961,1264,1524,2023,2191,2352,2359,"{""type"":""MultiPoint"",""coordinates"":[]}"
0000000000000000288c_0,2514,2072,1064,1488,1688,1913,2320,2467,2584,2533,"{""type"":""MultiPoint"",""coordinates"":[]}"
00000000000000002891_0,2508,1245,226,596,453,1163,2559,2933,3020,3366,"{""type"":""MultiPoint"",""coordinates"":[]}"
00000000000000002894_0,2834,2620,1872,2172,2416,2435,2697,2754,2988,2880,"{""type"":""MultiPoint"",""coordinates"":[]}"
00000000000000002899_0,4412,3680,1618,2542,3364,3482,3687,3794,3818,3757,"{""type"":""MultiPoint"",""coordinates"":[]}"
0000000000000000289d_0,3440,2820,736,1080,1588,1874,2014,2162,2198,2364,"{""type"":""MultiPoint"",""coordinates"":[]}"
0000000000000000289e_0,2234,1744,655,802,868,1210,1448,1635,1752,1787,"{""type"":""MultiPoint"",""coordinates"":[]}"
000000000000000028a1_0,3510,3523,1602,2170,2796,2904,2920,2976,3204,3071,"{""type"":""MultiPoint"",""coordinates"":[]}"
000000000000000028a6_0,1505,838,186,471,446,880,1633,1958,1814,2158,"{""type"":""MultiPoint"",""coordinates"":[]}"
000000000000000028a9_0,4247,3586,1140,1926,2876,3142,3252,3422,3522,3457,"{""type"":""MultiPoint"",""coordinates"":[]}"
000000000000000028aa_0,2628,1414,466,735,682,1304,2467,2766,3009,3150,"{""type"":""MultiPoint"",""coordinates"":[]}"
000000000000000028ae_0,2236,1474,632,1116,722,1630,2907,2949,3786,3180,"{""type"":""MultiPoint"",""coordinates"":[]}"
000000000000000028b1_0,1256,756,141,375,424,671,1294,1437,1566,1656,"{""type"":""MultiPoint"",""coordinates"":[]}"
000000000000000028b2_0,4751,4371,2212,2832,3536,3733,3849,3901,4080,3952,"{""type"":""MultiPoint"",""coordinates"":[]}"
000000000000000028b6_0,3399,3487,1476,1954,2576,2785,2810,2878,2928,2830,"{""type"":""MultiPoint"",""coordinates"":[]}"
000000000000000028b7_0,1482,636,243,471,200,837,2753,3474,3552,3773,"{""type"":""MultiPoint"",""coordinates"":[]}"
000000000000000028b9_0,6352,6280,1360,2474,4504,4944,5052,5233,5464,5277,"{""type"":""MultiPoint"",""coordinates"":[]}"
000000000000000028bb_0,3842,3236,1096,1750,2440,2645,2882,3026,3116,3102,"{""type"":""MultiPoint"",""coordinates"":[]}"
000000000000000028c0_0,1340,569,120,354,133,479,2371,3601,3603,3859,"{""type"":""MultiPoint"",""coordinates"":[]}"
000000000000000028c3_0,2966,2630,584,1004,1074,1746,2571,2889,3028,2993,"{""type"":""MultiPoint"",""coordinates"":[]}"
000000000000000028c6_0,3232,2249,653,1100,1384,2354,3132,3347,3394,3570,"{""type"":""MultiPoint"",""coordinates"":[]}"
000000000000000028cb_0,4997,4648,2094,2946,3816,4143,4169,4240,4376,4273,"{""type"":""MultiPoint"",""coordinates"":[]}"
000000000000000028cd_0,2088,827,328,467,231,689,2904,3821,4100,4117,"{""type"":""MultiPoint"",""coordinates"":[]}"
000000000000000028ce_0,1737,948,298,618,467,1044,2841,3305,3472,3369,"{""type"":""MultiPoint"",""coordinates"":[]}"
000000000000000028d0_0,2647,2264,1470,1906,2208,2384,2410,2497,2520,2527,"{""type"":""MultiPoint"",""coordinates"":[]}"
000000000000000028d4_0,2473,1896,914,1288,1494,1784,2352,2423,2480,2555,"{""type"":""MultiPoint"",""coordinates"":[]}"
000000000000000028d8_0,2665,2281,1222,1616,2070,2243,2315,2349,2360,2303,"{""type"":""MultiPoint"",""coordinates"":[]}"
000000000000000028db_0,6976,6748,2104,3556,5312,5720,5735,5916,6188,5970,"{""type"":""MultiPoint"",""coordinates"":[]}"
000000000000000028dd_0,3790,3413,1164,1710,2338,2519,2669,2807,2872,2920,"{""type"":""MultiPoint"",""coordinates"":[]}"
000000000000000028e0_0,5038,4441,1494,2266,3408,3918,4043,4118,4164,4177,"{""type"":""MultiPoint"",""coordinates"":[]}"
000000000000000028e5_0,4003,3809,2224,2614,2800,3038,3089,3154,2990,3263,"{""type"":""MultiPoint"",""coordinates"":[]}"
000000000000000028ea_0,834,406,128,215,134,448,1483,1785,1587,1995,"{""type"":""MultiPoint"",""coordinates"":[]}"
000000000000000028ed_0,2400,2247,952,1334,1614,1800,1964,2054,2080,2056,"{""type"":""MultiPoint"",""coordinates"":[]}"
000000000000000028f0_0,4015,3838,1128,1724,2680,3009,3125,3311,3132,3322,"{""type"":""MultiPoint"",""coordinates"":[]}"
000000000000000028f2_0,2915,2736,783,1224,1640,1736,1857,1935,1918,1914,"{""type"":""MultiPoint"",""coordinates"":[]}"
000000000000000028f6_0,4506,3965,1482,2160,2843,3226,3520,3670,3792,3833,"{""type"":""MultiPoint"",""coordinates"":[]}"
000000000000000028fd_0,6029,5595,1692,2548,3904,4365,4475,4633,4848,4736,"{""type"":""MultiPoint"",""coordinates"":[]}"
000000000000000028ff_0,2572,1548,303,718,817,1294,2402,2735,3076,3210,"{""type"":""MultiPoint"",""coordinates"":[]}"
00000000000000002903_0,1286,528,318,404,263,622,1983,2466,2580,2720,"{""type"":""MultiPoint"",""coordinates"":[]}"
00000000000000002905_0,2571,2092,488,702,792,1256,1878,2046,2034,2215,"{""type"":""MultiPoint"",""coordinates"":[]}"
00000000000000002907_0,2110,1032,337,608,386,968,3002,3605,3746,3928,"{""type"":""MultiPoint"",""coordinates"":[]}"
0000000000000000290b_0,4282,3986,1664,2118,2584,2921,3042,3155,3300,3315,"{""type"":""MultiPoint"",""coordinates"":[]}"
0000000000000000290c_0,2539,1314,415,774,417,1371,3769,4613,4906,4716,"{""type"":""MultiPoint"",""coordinates"":[]}"
0000000000000000290f_0,4065,4020,1868,2514,3228,3397,3440,3505,3598,3539,"{""type"":""MultiPoint"",""coordinates"":[]}"
00000000000000002910_0,1513,697,295,484,309,939,2471,2709,2322,2956,"{""type"":""MultiPoint"",""coordinates"":[]}"
00000000000000002917_0,2435,1688,594,885,837,1335,2242,2470,2540,2627,"{""type"":""MultiPoint"",""coordinates"":[]}"
00000000000000002918_0,5195,5036,1238,1834,3078,3579,3695,3883,3868,4064,"{""type"":""MultiPoint"",""coordinates"":[]}"
0000000000000000291c_0,3224,2951,1166,1584,1860,1997,2062,2124,2256,2186,"{""type"":""MultiPoint"",""coordinates"":[]}"
00000000000000002924_0,1656,1043,266,615,354,1188,3446,4257,4760,4301,"{""type"":""MultiPoint"",""coordinates"":[]}"
00000000000000002925_0,1265,521,202,320,193,613,2342,2780,2740,3162,"{""type"":""MultiPoint"",""coordinates"":[]}"
0000000000000000292d_0,3709,3277,1048,1452,1876,2302,2627,2756,2954,3010,"{""type"":""MultiPoint"",""coordinates"":[]}"
0000000000000000292e_0,1967,827,306,564,306,934,3363,4113,4171,4292,"{""type"":""MultiPoint"",""coordinates"":[]}"
00000000000000002931_0,3145,2959,1278,1704,1998,2224,2323,2412,2350,2427,"{""type"":""MultiPoint"",""coordinates"":[]}"
00000000000000002939_0,4853,4011,1154,1856,2908,3274,3457,3637,3800,3762,"{""type"":""MultiPoint"",""coordinates"":[]}"
0000000000000000293a_0,2000,1182,482,745,583,1132,2439,2898,3042,3153,"{""type"":""MultiPoint"",""coordinates"":[]}"
0000000000000000293e_0,1480,794,429,608,461,897,1880,2192,2175,2326,"{""type"":""MultiPoint"",""coordinates"":[]}"
00000000000000002943_0,1649,868,367,597,327,943,2496,2962,2929,2761,"{""type"":""MultiPoint"",""coordinates"":[]}"
00000000000000002946_0,1448,1164,624,954,1302,1384,1400,1400,1440,1413,"{""type"":""MultiPoint"",""coordinates"":[]}"
00000000000000002947_0,1422,629,251,534,250,792,2411,2766,2778,2949,"{""type"":""MultiPoint"",""coordinates"":[]}"
00000000000000002949_0,5710,5370,1228,2050,3776,4165,4407,4525,4720,4637,"{""type"":""MultiPoint"",""coordinates"":[]}"
0000000000000000294b_0,3147,2704,993,1478,1866,2101,2407,2486,2524,2507,"{""type"":""MultiPoint"",""coordinates"":[]}"
0000000000000000294f_0,3843,3290,1270,1622,2066,2403,2744,2920,3018,3101,"{""type"":""MultiPoint"",""coordinates"":[]}"
00000000000000002953_0,957,810,2742,2973,3170,3652,3600,3679,3619,3525,"{""type"":""MultiPoint"",""coordinates"":[]}"
00000000000000002956_0,4807,3903,1208,1882,2718,3025,3367,3476,3748,3696,"{""type"":""MultiPoint"",""coordinates"":[]}"
0000000000000000295b_0,2622,2120,992,1450,1804,1900,2405,2651,2740,2774,"{""type"":""MultiPoint"",""coordinates"":[]}"
0000000000000000295c_0,2229,1089,286,558,278,1032,3202,3977,4084,4241,"{""type"":""MultiPoint"",""coordinates"":[]}"
0000000000000000295e_0,2292,2127,540,982,1472,1640,2025,2153,2568,2336,"{""type"":""MultiPoint"",""coordinates"":[]}"
00000000000000002964_0,3098,2602,960,1374,1820,2139,2680,2803,3018,2877,"{""type"":""MultiPoint"",""coordinates"":[]}"
00000000000000002965_0,2129,988,322,644,336,1080,3426,4067,3935,4156,"{""type"":""MultiPoint"",""coordinates"":[]}"
00000000000000002968_0,2776,2559,1220,1574,2022,2226,2240,2263,2292,2269,"{""type"":""MultiPoint"",""coordinates"":[]}"
00000000000000002970_0,3669,3316,1164,1724,2484,2673,2770,2871,3000,2927,"{""type"":""MultiPoint"",""coordinates"":[]}"
00000000000000002971_0,2762,1836,557,741,788,1185,1968,2275,2276,2521,"{""type"":""MultiPoint"",""coordinates"":[]}"
00000000000000002975_0,3707,3353,1210,1772,2128,2559,2905,3082,3060,3185,"{""type"":""MultiPoint"",""coordinates"":[]}"
0000000000000000297d_0,3358,2699,927,1298,1579,2094,2414,2524,2564,2692,"{""type"":""MultiPoint"",""coordinates"":[]}"
0000000000000000297e_0,1152,484,225,405,238,626,1941,2328,2421,2541,"{""type"":""MultiPoint"",""coordinates"":[]}"
00000000000000002980_0,4780,4239,1096,1814,3068,3246,3454,3582,3840,3668,"{""type"":""MultiPoint"",""coordinates"":[]}"
00000000000000002987_0,2054,1066,486,690,541,1281,2338,2728,2696,3283,"{""type"":""MultiPoint"",""coordinates"":[]}"
00000000000000002992_0,5608,5002,1332,2028,3218,3654,3738,4024,4078,4086,"{""type"":""MultiPoint"",""coordinates"":[]}"
00000000000000002993_0,2056,1089,389,803,583,1362,2572,2880,3089,3251,"{""type"":""MultiPoint"",""coordinates"":[]}"
0000000000000000299a_0,6863,5959,1760,2758,4336,4790,4933,5160,5340,5239,"{""type"":""MultiPoint"",""coordinates"":[]}"
0000000000000000299b_0,4452,4507,1556,2116,2886,3133,3198,3338,3572,3448,"{""type"":""MultiPoint"",""coordinates"":[]}"
000000000000000029a0_0,1507,665,196,412,188,723,2971,3675,4232,4001,"{""type"":""MultiPoint"",""coordinates"":[]}"
000000000000000029a2_0,5893,5878,1102,2014,3984,4504,4598,4782,4884,4791,"{""type"":""MultiPoint"",""coordinates"":[]}"
000000000000000029a4_0,3371,3051,1140,1714,2292,2459,2712,2823,2820,2734,"{""type"":""MultiPoint"",""coordinates"":[]}"
000000000000000029a7_0,5278,5341,2930,3648,4184,4612,4525,4598,4576,4592,"{""type"":""MultiPoint"",""coordinates"":[]}"
000000000000000029a8_0,3667,2996,854,1166,1482,1805,1984,2068,2126,2341,"{""type"":""MultiPoint"",""coordinates"":[]}"
000000000000000029ac_0,4535,3948,1534,2130,2656,2971,3155,3303,3442,3478,"{""type"":""MultiPoint"",""coordinates"":[]}"
000000000000000029af_0,6336,5422,1620,2548,4164,4631,4828,4958,5148,5050,"{""type"":""MultiPoint"",""coordinates"":[]}"
000000000000000029b1_0,2856,1636,396,858,797,1526,2872,3297,3476,3616,"{""type"":""MultiPoint"",""coordinates"":[]}"
000000000000000029b5_0,1658,658,226,338,219,589,2113,2723,2876,3099,"{""type"":""MultiPoint"",""coordinates"":[]}"
000000000000000029b7_0,3124,2732,491,1093,1663,1794,2007,2139,2335,2214,"{""type"":""MultiPoint"",""coordinates"":[]}"
000000000000000029be_0,2072,1254,571,786,686,1170,2289,2624,2542,2754,"{""type"":""MultiPoint"",""coordinates"":[]}"
000000000000000029c1_0,2543,2491,976,1306,1672,1835,1845,1898,1922,1881,"{""type"":""MultiPoint"",""coordinates"":[]}"
000000000000000029c4_0,7866,7733,2002,3474,5685,6186,6208,6356,6677,6486,"{""type"":""MultiPoint"",""coordinates"":[]}"
000000000000000029ca_0,2788,1870,486,712,720,1119,1799,1993,2066,2275,"{""type"":""MultiPoint"",""coordinates"":[]}"
000000000000000029ce_0,3161,2896,1216,1672,1862,2281,2900,2987,3099,2999,"{""type"":""MultiPoint"",""coordinates"":[]}"
000000000000000029d3_0,1822,844,190,346,209,690,2136,2659,2742,3028,"{""type"":""MultiPoint"",""coordinates"":[]}"
000000000000000029d9_0,6310,6145,1134,2138,4196,4707,4851,5019,5088,5089,"{""type"":""MultiPoint"",""coordinates"":[]}"
000000000000000029db_0,4441,3924,1826,2382,3032,3061,3169,3311,3616,3550,"{""type"":""MultiPoint"",""coordinates"":[]}"
000000000000000029e0_0,2263,1171,585,737,511,1101,2637,3230,3444,3745,"{""type"":""MultiPoint"",""coordinates"":[]}"
000000000000000029e3_0,3318,2641,1010,1542,1792,2492,3203,3367,3588,3466,"{""type"":""MultiPoint"",""coordinates"":[]}"
000000000000000029ec_0,1219,522,242,357,220,617,2149,2724,2739,2949,"{""type"":""MultiPoint"",""coordinates"":[]}"
000000000000000029f0_0,1523,724,164,310,224,638,2017,2321,2056,2616,"{""type"":""MultiPoint"",""coordinates"":[]}"
000000000000000029f3_0,6173,5116,1788,2730,4032,4530,4682,4841,5036,4887,"{""type"":""MultiPoint"",""coordinates"":[]}"
000000000000000029f4_0,1202,1144,497,681,900,988,1046,1077,1076,1143,"{""type"":""MultiPoint"",""coordinates"":[]}"
000000000000000029f5_0,1699,668,165,340,175,719,2490,2954,2912,3433,"{""type"":""MultiPoint"",""coordinates"":[]}"
000000000000000029f8_0,4286,3830,740,1390,1914,2593,2661,2803,2336,2797,"{""type"":""MultiPoint"",""coordinates"":[]}"
000000000000000029fb_0,6071,5516,1444,2432,4096,4491,4609,4795,5172,4973,"{""type"":""MultiPoint"",""coordinates"":[]}"
00000000000000002a01_0,3543,2771,928,1152,1382,1668,2158,2356,2480,2529,"{""type"":""MultiPoint"",""coordinates"":[]}"
00000000000000002a05_0,2820,2559,1202,1698,1854,2021,2262,2340,2376,2396,"{""type"":""MultiPoint"",""coordinates"":[]}"
00000000000000002a0a_0,1961,903,291,719,321,1165,4077,4925,4932,5230,"{""type"":""MultiPoint"",""coordinates"":[]}"
00000000000000002a0d_0,4595,4155,1798,2392,3018,3460,3627,3827,3984,3903,"{""type"":""MultiPoint"",""coordinates"":[]}"
00000000000000002a10_0,5666,5077,1226,2048,3530,3900,4080,4239,4472,4349,"{""type"":""MultiPoint"",""coordinates"":[]}"
00000000000000002a12_0,4728,4140,1670,2172,2852,2865,2969,3046,3160,3106,"{""type"":""MultiPoint"",""coordinates"":[]}"
00000000000000002a16_0,3437,2761,964,1236,1578,1994,2555,2720,2780,2824,"{""type"":""MultiPoint"",""coordinates"":[]}"
00000000000000002a17_0,2235,1881,1134,1656,1974,1907,2278,2509,3046,2520,"{""type"":""MultiPoint"",""coordinates"":[]}"
00000000000000002a1a_0,5300,5194,3198,3930,4820,5130,4990,5145,5244,5069,"{""type"":""MultiPoint"",""coordinates"":[]}"
00000000000000002a1d_0,7484,7020,1512,2902,5064,5492,5674,5794,6124,5814,"{""type"":""MultiPoint"",""coordinates"":[]}"
00000000000000002a22_0,5400,4807,1618,2376,3476,3777,3982,4136,4360,4327,"{""type"":""MultiPoint"",""coordinates"":[]}"
00000000000000002a23_0,2205,1169,285,504,284,947,2960,3531,3892,3888,"{""type"":""MultiPoint"",""coordinates"":[]}"
00000000000000002a2a_0,5851,5003,1554,2314,3670,4126,4197,4376,4452,4382,"{""type"":""MultiPoint"",""coordinates"":[]}"
00000000000000002a2b_0,1618,1103,288,484,526,927,1648,1837,1968,1957,"{""type"":""MultiPoint"",""coordinates"":[]}"
00000000000000002a2c_0,2049,1158,487,661,518,1175,2948,3554,3164,3612,"{""type"":""MultiPoint"",""coordinates"":[]}"
00000000000000002a2f_0,3192,2945,1300,1824,2460,2676,2759,2841,2908,2830,"{""type"":""MultiPoint"",""coordinates"":[]}"
00000000000000002a32_0,5996,5670,1144,2010,3956,4412,4585,4725,4864,4776,"{""type"":""MultiPoint"",""coordinates"":[]}"
00000000000000002a38_0,3791,3285,1138,1456,1771,2233,2555,2735,2830,2921,"{""type"":""MultiPoint"",""coordinates"":[]}"
00000000000000002a3c_0,3666,3369,1450,1990,2380,2613,2851,3005,3068,3046,"{""type"":""MultiPoint"",""coordinates"":[]}"
00000000000000002a3f_0,5902,4934,1572,2404,3672,4025,4210,4448,4768,4550,"{""type"":""MultiPoint"",""coordinates"":[]}"
00000000000000002a44_0,3942,3934,1134,1598,1870,2353,2487,2644,2596,2755,"{""type"":""MultiPoint"",""coordinates"":[]}"
00000000000000002a46_0,1202,703,204,381,299,621,1708,1843,1576,1989,"{""type"":""MultiPoint"",""coordinates"":[]}"
00000000000000002a4c_0,6869,6169,1686,2700,4356,4873,5064,5250,5548,5429,"{""type"":""MultiPoint"",""coordinates"":[]}"
00000000000000002a4e_0,2171,1022,271,645,324,1056,3234,3739,3947,4088,"{""type"":""MultiPoint"",""coordinates"":[]}"
00000000000000002a54_0,6799,6528,1560,2836,4452,4935,5083,5224,5440,5289,"{""type"":""MultiPoint"",""coordinates"":[]}"
00000000000000002a56_0,3222,2562,958,1546,1888,2237,2695,2857,2930,2884,"{""type"":""MultiPoint"",""coordinates"":[]}"
00000000000000002a5a_0,3099,2237,1144,1594,1742,1864,2597,2980,3224,2946,"{""type"":""MultiPoint"",""coordinates"":[]}"
00000000000000002a63_0,1006,453,177,372,216,721,2076,2453,2641,2612,"{""type"":""MultiPoint"",""coordinates"":[]}"
00000000000000002a67_0,1863,941,290,384,446,829,1591,1852,2227,2223,"{""type"":""MultiPoint"",""coordinates"":[]}"
00000000000000002a69_0,6391,6278,1584,2670,4312,4964,5031,5270,5512,5179,"{""type"":""MultiPoint"",""coordinates"":[]}"
00000000000000002a6b_0,2456,2121,955,1420,1754,2071,2314,2411,2548,2500,"{""type"":""MultiPoint"",""coordinates"":[]}"
00000000000000002a6e_0,461,312,244,466,262,766,983,1008,705,911,"{""type"":""MultiPoint"",""coordinates"":[]}"
00000000000000002a70_0,1919,842,269,408,247,763,2430,3027,3094,3464,"{""type"":""MultiPoint"",""coordinates"":[]}"
00000000000000002a73_0,3775,3853,1484,1982,2496,2669,2712,2834,2872,2825,"{""type"":""MultiPoint"",""coordinates"":[]}"
00000000000000002a76_0,6388,5749,1376,2552,4320,4714,4838,4983,5128,5026,"{""type"":""MultiPoint"",""coordinates"":[]}"
00000000000000002a7b_0,5095,4437,1606,2352,3344,3592,3763,3830,4100,4009,"{""type"":""MultiPoint"",""coordinates"":[]}"
00000000000000002a7e_0,4112,3519,733,1100,1352,1953,2465,2637,2906,2911,"{""type"":""MultiPoint"",""coordinates"":[]}"
00000000000000002a85_0,2156,1199,380,671,456,1176,2880,3218,3168,3388,"{""type"":""MultiPoint"",""coordinates"":[]}"
00000000000000002a88_0,1935,1893,712,966,1506,1672,1755,1787,1788,1729,"{""type"":""MultiPoint"",""coordinates"":[]}"
00000000000000002a89_0,2169,1223,285,510,518,1042,1950,2306,2584,2719,"{""type"":""MultiPoint"",""coordinates"":[]}"
00000000000000002a8d_0,2772,2086,915,1310,1348,1700,2324,2508,2648,2675,"{""type"":""MultiPoint"",""coordinates"":[]}"
00000000000000002a90_0,313,226,1116,1472,1140,945,509,469,458,427,"{""type"":""MultiPoint"",""coordinates"":[]}"
00000000000000002a91_0,4084,3279,1244,1594,1920,2153,2283,2383,2630,2720,"{""type"":""MultiPoint"",""coordinates"":[]}"
00000000000000002a95_0,3691,3499,1282,1788,2192,2362,2577,2681,2808,2744,"{""type"":""MultiPoint"",""coordinates"":[]}"
00000000000000002a9a_0,1211,653,128,321,210,588,1230,1421,1342,1571,"{""type"":""MultiPoint"",""coordinates"":[]}"
00000000000000002a9e_0,1360,585,236,407,256,741,1682,2162,2450,2518,"{""type"":""MultiPoint"",""coordinates"":[]}"
00000000000000002aa6_0,2670,2018,607,837,937,1272,1726,1844,1802,1909,"{""type"":""MultiPoint"",""coordinates"":[]}"
00000000000000002aaa_0,2477,2357,866,1246,1546,1838,1913,1811,1734,1950,"{""type"":""MultiPoint"",""coordinates"":[]}"
00000000000000002aad_0,6980,6519,1458,2824,4904,5240,5493,5624,5979,5518,"{""type"":""MultiPoint"",""coordinates"":[]}"
00000000000000002ab2_0,5708,5165,1478,2170,3528,3997,4137,4314,4476,4376,"{""type"":""MultiPoint"",""coordinates"":[]}"
00000000000000002ab3_0,3096,1834,527,694,890,1321,2563,2753,2340,3336,"{""type"":""MultiPoint"",""coordinates"":[]}"
00000000000000002ab7_0,3247,2842,1410,1972,2223,2666,3372,3555,3656,3581,"{""type"":""MultiPoint"",""coordinates"":[]}"
00000000000000002abf_0,3945,3705,1292,1840,2332,2576,2805,2940,3038,3074,"{""type"":""MultiPoint"",""coordinates"":[]}"
00000000000000002ac2_0,5648,5219,1328,2226,3892,4238,4386,4419,4688,4523,"{""type"":""MultiPoint"",""coordinates"":[]}"
00000000000000002ac4_0,2831,2431,1218,1764,2376,2529,2673,2764,2788,2747,"{""type"":""MultiPoint"",""coordinates"":[]}"
00000000000000002ac8_0,3870,3707,1354,1748,2380,2811,3045,3132,3212,3237,"{""type"":""MultiPoint"",""coordinates"":[]}"
00000000000000002acc_0,4068,3737,1210,1912,2640,2898,2962,3081,3154,3122,"{""type"":""MultiPoint"",""coordinates"":[]}"
00000000000000002acf_0,6065,5320,1312,2160,3640,4027,4163,4336,4508,4349,"{""type"":""MultiPoint"",""coordinates"":[]}"
00000000000000002ad5_0,2021,974,239,446,260,1017,2395,3014,3072,3222,"{""type"":""MultiPoint"",""coordinates"":[]}"
00000000000000002ad9_0,840,381,241,415,252,629,1653,1936,1978,2045,"{""type"":""MultiPoint"",""coordinates"":[]}"
00000000000000002add_0,3432,2974,1330,1758,2146,2522,3151,3275,3500,3374,"{""type"":""MultiPoint"",""coordinates"":[]}"
00000000000000002ade_0,2488,1497,556,916,571,1342,2967,3297,4090,3598,"{""type"":""MultiPoint"",""coordinates"":[]}"
00000000000000002ae1_0,3058,2976,1402,1820,2330,2432,2515,2593,2690,2568,"{""type"":""MultiPoint"",""coordinates"":[]}"
00000000000000002ae4_0,6578,6094,1628,2668,4492,4893,5110,5290,5640,5395,"{""type"":""MultiPoint"",""coordinates"":[]}"
00000000000000002ae9_0,4997,4033,1410,2002,2790,3031,3115,3349,3496,3512,"{""type"":""MultiPoint"",""coordinates"":[]}"
00000000000000002aee_0,3833,3411,1454,1960,2230,2581,3083,3221,3132,3386,"{""type"":""MultiPoint"",""coordinates"":[]}"
00000000000000002af1_0,6061,5466,1224,2206,3740,4299,4640,4802,5052,4832,"{""type"":""MultiPoint"",""coordinates"":[]}"
00000000000000002af6_0,3582,3086,1131,1629,2167,2672,2768,2942,2937,2975,"{""type"":""MultiPoint"",""coordinates"":[]}"
00000000000000002af9_0,4889,4239,1138,1766,2994,3267,3448,3595,3820,3745,"{""type"":""MultiPoint"",""coordinates"":[]}"
00000000000000002aff_0,3080,2680,902,1126,1532,1861,2241,2379,2446,2457,"{""type"":""MultiPoint"",""coordinates"":[]}"
00000000000000002b03_0,3208,3034,1410,2042,2544,2610,2685,2699,2828,2731,"{""type"":""MultiPoint"",""coordinates"":[]}"
00000000000000002b06_0,7545,6889,1614,3022,5492,5825,6008,6217,6424,6160,"{""type"":""MultiPoint"",""coordinates"":[]}"
00000000000000002b0b_0,6253,5342,1594,2502,3892,4404,4514,4653,4732,4775,"{""type"":""MultiPoint"",""coordinates"":[]}"
00000000000000002b10_0,1409,726,325,719,572,1373,2664,3061,2754,3348,"{""type"":""MultiPoint"",""coordinates"":[]}"
00000000000000002b13_0,6570,5719,2036,2858,4208,4561,4713,4942,5176,5109,"{""type"":""MultiPoint"",""coordinates"":[]}"
00000000000000002b14_0,1696,1290,294,482,506,814,1155,1225,1248,1307,"{""type"":""MultiPoint"",""coordinates"":[]}"
00000000000000002b18_0,2700,2679,1468,1824,2130,2223,2224,2265,2322,2235,"{""type"":""MultiPoint"",""coordinates"":[]}"
00000000000000002b19_0,1984,1037,325,553,482,1012,2000,2292,2247,2619,"{""type"":""MultiPoint"",""coordinates"":[]}"
00000000000000002b1b_0,7176,6523,1354,2508,4800,5401,5720,5632,5684,5661,"{""type"":""MultiPoint"",""coordinates"":[]}"
00000000000000002b1d_0,3284,2407,709,1180,1336,1735,2387,2586,2740,2799,"{""type"":""MultiPoint"",""coordinates"":[]}"
00000000000000002b20_0,5373,4532,1782,3072,4082,4597,4597,4377,4596,4780,"{""type"":""MultiPoint"",""coordinates"":[]}"
00000000000000002b21_0,3886,3488,1272,1676,1994,2348,2670,2754,2780,3021,"{""type"":""MultiPoint"",""coordinates"":[]}"
00000000000000002b28_0,6490,5587,1666,2534,3930,4370,4523,4741,4916,4875,"{""type"":""MultiPoint"",""coordinates"":[]}"
00000000000000002b2a_0,1743,1674,840,1078,1306,1726,1539,1475,1352,1638,"{""type"":""MultiPoint"",""coordinates"":[]}"
00000000000000002b2d_0,1728,879,648,889,712,1079,2237,2762,2968,2889,"{""type"":""MultiPoint"",""coordinates"":[]}"
00000000000000002b30_0,2861,2681,545,768,1146,1514,1586,1800,1578,1799,"{""type"":""MultiPoint"",""coordinates"":[]}"
00000000000000002b35_0,7368,5816,2632,3676,5052,5542,5670,5834,6176,6009,"{""type"":""MultiPoint"",""coordinates"":[]}"
00000000000000002b36_0,2630,1825,493,786,698,1235,2449,2726,2700,3026,"{""type"":""MultiPoint"",""coordinates"":[]}"
00000000000000002b37_0,2531,1915,1288,1494,1776,1984,2652,2926,2930,3085,"{""type"":""MultiPoint"",""coordinates"":[]}"
00000000000000002b3f_0,2588,1355,220,601,434,1112,2724,3199,3204,3531,"{""type"":""MultiPoint"",""coordinates"":[]}"
00000000000000002b42_0,4986,3779,1454,2272,3206,3429,3683,3814,4132,3966,"{""type"":""MultiPoint"",""coordinates"":[]}"
00000000000000002b43_0,2157,1423,518,770,790,1073,2052,2320,2116,2462,"{""type"":""MultiPoint"",""coordinates"":[]}"
00000000000000002b47_0,2690,2510,1036,1486,1606,1864,2216,2326,2326,2283,"{""type"":""MultiPoint"",""coordinates"":[]}"
00000000000000002b4c_0,2132,1560,736,816,751,1022,1680,1891,2008,2065,"{""type"":""MultiPoint"",""coordinates"":[]}"
00000000000000002b4f_0,3794,2878,1204,1772,1990,2482,3125,3427,3558,3732,"{""type"":""MultiPoint"",""coordinates"":[]}"
00000000000000002b50_0,1248,554,66,331,230,669,1974,2277,2758,2594,"{""type"":""MultiPoint"",""coordinates"":[]}"
00000000000000002b52_0,7167,6556,1226,2376,4744,5216,5442,5741,5861,5720,"{""type"":""MultiPoint"",""coordinates"":[]}"
00000000000000002b54_0,2847,2498,825,1324,1768,2014,2256,2386,2580,2555,"{""type"":""MultiPoint"",""coordinates"":[]}"
00000000000000002b58_0,3020,2725,1206,1510,1918,2253,2322,2391,2328,2527,"{""type"":""MultiPoint"",""coordinates"":[]}"
00000000000000002b59_0,1664,702,413,534,328,797,2487,3073,3040,3310,"{""type"":""MultiPoint"",""coordinates"":[]}"
00000000000000002b5c_0,3607,3622,1398,1970,2448,2669,2711,2769,2874,2778,"{""type"":""MultiPoint"",""coordinates"":[]}"
00000000000000002b64_0,5419,4956,1584,2298,3364,3787,3927,4079,4240,4184,"{""type"":""MultiPoint"",""coordinates"":[]}"
00000000000000002b65_0,1833,764,244,574,253,979,3020,3551,3464,3770,"{""type"":""MultiPoint"",""coordinates"":[]}"
00000000000000002b67_0,3943,3538,1102,1478,2042,2376,2679,2749,2614,2917,"{""type"":""MultiPoint"",""coordinates"":[]}"
00000000000000002b6c_0,7141,6069,2276,3284,4644,5099,5242,5354,5756,5635,"{""type"":""MultiPoint"",""coordinates"":[]}"
00000000000000002b71_0,4057,3645,1154,1664,2354,2689,2965,3119,3210,3187,"{""type"":""MultiPoint"",""coordinates"":[]}"
00000000000000002b74_0,6998,6450,1782,2906,4796,5395,5538,5663,5948,5825,"{""type"":""MultiPoint"",""coordinates"":[]}"
00000000000000002b76_0,3487,3097,952,1504,2002,2127,2264,2390,2536,2500,"{""type"":""MultiPoint"",""coordinates"":[]}"
00000000000000002b79_0,5458,4291,1346,1880,2762,3256,3405,3832,3632,3916,"{""type"":""MultiPoint"",""coordinates"":[]}"
00000000000000002b7a_0,3636,3057,1008,1274,1556,1881,2248,2421,2631,2701,"{""type"":""MultiPoint"",""coordinates"":[]}"
00000000000000002b7e_0,3508,3363,1592,1932,2156,2423,2626,2778,2744,2845,"{""type"":""MultiPoint"",""coordinates"":[]}"
00000000000000002b81_0,7117,6237,1874,2884,4444,4985,5132,5291,5576,5427,"{""type"":""MultiPoint"",""coordinates"":[]}"
00000000000000002b87_0,1266,515,273,483,231,815,2490,3103,3008,3211,"{""type"":""MultiPoint"",""coordinates"":[]}"
00000000000000002b89_0,4374,3491,1058,1538,2336,2854,2915,3015,3068,3181,"{""type"":""MultiPoint"",""coordinates"":[]}"
00000000000000002b8b_0,1959,1720,933,1350,1578,1615,1647,1704,1844,1770,"{""type"":""MultiPoint"",""coordinates"":[]}"
00000000000000002b8e_0,4351,3692,1522,2314,3028,3787,3686,3827,3522,3837,"{""type"":""MultiPoint"",""coordinates"":[]}"
00000000000000002b8f_0,3243,2437,1312,1628,1861,2053,2728,2980,3108,3198,"{""type"":""MultiPoint"",""coordinates"":[]}"
00000000000000002b93_0,2758,2598,1184,1574,1962,2155,2199,2269,2222,2245,"{""type"":""MultiPoint"",""coordinates"":[]}"
00000000000000002b96_0,6803,6161,1100,2246,4384,4869,5052,5210,5416,5199,"{""type"":""MultiPoint"",""coordinates"":[]}"
00000000000000002b9b_0,6301,5706,1814,2854,4228,4667,4796,4913,5088,5025,"{""type"":""MultiPoint"",""coordinates"":[]}"
00000000000000002b9c_0,1729,793,269,571,277,899,2731,3368,3420,3573,"{""type"":""MultiPoint"",""coordinates"":[]}"
00000000000000002ba0_0,2622,2281,700,884,1194,1583,1801,1996,2120,2184,"{""type"":""MultiPoint"",""coordinates"":[]}"
00000000000000002ba3_0,7285,6465,2300,3312,4844,5398,5469,5668,5832,5839,"{""type"":""MultiPoint"",""coordinates"":[]}"
00000000000000002ba5_0,1783,1033,485,643,498,988,2028,2314,2395,2499,"{""type"":""MultiPoint"",""coordinates"":[]}"
00000000000000002ba8_0,3920,3335,1302,1984,2530,2863,3126,3264,3482,3436,"{""type"":""MultiPoint"",""coordinates"":[]}"
00000000000000002bab_0,7024,6557,1322,2474,4663,5503,5700,5717,5639,5806,"{""type"":""MultiPoint"",""coordinates"":[]}"
00000000000000002bb0_0,5452,4964,1816,2802,4008,4407,4535,4503,4772,4673,"{""type"":""MultiPoint"",""coordinates"":[]}"
00000000000000002bb8_0,6027,5234,1366,2128,3628,4037,4157,4372,4600,4555,"{""type"":""MultiPoint"",""coordinates"":[]}"
00000000000000002bba_0,1948,1022,293,601,414,974,2273,2646,2670,2858,"{""type"":""MultiPoint"",""coordinates"":[]}"
00000000000000002bbd_0,5291,4714,1924,2712,3712,3824,3934,4067,4484,4170,"{""type"":""MultiPoint"",""coordinates"":[]}"
00000000000000002bbe_0,2508,1439,340,548,341,1188,2591,2892,3325,3223,"{""type"":""MultiPoint"",""coordinates"":[]}"
00000000000000002bc0_0,2081,1931,1006,1320,1954,1983,2046,2115,2194,2030,"{""type"":""MultiPoint"",""coordinates"":[]}"
00000000000000002bc2_0,1352,844,790,996,952,1011,1738,2077,1676,2066,"{""type"":""MultiPoint"",""coordinates"":[]}"
00000000000000002bc6_0,2385,2020,841,1078,1274,1494,1811,1957,2000,1986,"{""type"":""MultiPoint"",""coordinates"":[]}"
00000000000000002bca_0,2924,2791,1514,1832,2234,2403,2374,2444,2410,2402,"{""type"":""MultiPoint"",""coordinates"":[]}"
00000000000000002bcd_0,7405,7088,1970,3188,5216,5794,5946,6084,6328,6169,"{""type"":""MultiPoint"",""coordinates"":[]}"
00000000000000002bd2_0,4415,3886,996,1542,2410,2506,2606,2755,3030,2911,"{""type"":""MultiPoint"",""coordinates"":[]}"
00000000000000002bd3_0,3555,2671,1050,1296,1374,2179,3239,3463,3825,3697,"{""type"":""MultiPoint"",""coordinates"":[]}"
00000000000000002bd7_0,3043,2695,1302,1626,1750,1931,2182,2328,2414,2424,"{""type"":""MultiPoint"",""coordinates"":[]}"
00000000000000002bda_0,6904,5809,1994,3192,4540,5052,5195,5340,5508,5386,"{""type"":""MultiPoint"",""coordinates"":[]}"
00000000000000002bdc_0,1136,646,228,391,272,598,1387,1567,1706,1732,"{""type"":""MultiPoint"",""coordinates"":[]}"
00000000000000002bdf_0,2839,2260,894,1523,1870,1682,2289,2300,3152,2473,"{""type"":""MultiPoint"",""coordinates"":[]}"
00000000000000002be4_0,3313,2824,630,1039,1484,1735,1943,2067,2120,2254,"{""type"":""MultiPoint"",""coordinates"":[]}"
00000000000000002be7_0,2273,1726,310,678,689,1346,1881,2255,2178,2516,"{""type"":""MultiPoint"",""coordinates"":[]}"
00000000000000002be8_0,3267,3013,737,1186,1480,2390,2668,2778,2634,2903,"{""type"":""MultiPoint"",""coordinates"":[]}"
00000000000000002be9_0,1749,865,490,665,419,899,2453,2970,2454,3205,"{""type"":""MultiPoint"",""coordinates"":[]}"
00000000000000002bec_0,3914,3922,1236,2070,2740,2954,3020,3041,3120,3019,"{""type"":""MultiPoint"",""coordinates"":[]}"
00000000000000002bf4_0,6480,5950,1768,2740,4192,4649,4845,5023,5236,5130,"{""type"":""MultiPoint"",""coordinates"":[]}"
00000000000000002bf5_0,2967,2358,1732,2564,3240,3235,2746,2943,3976,2533,"{""type"":""MultiPoint"",""coordinates"":[]}"
00000000000000002bfc_0,7348,6385,2610,3686,5092,5521,5617,5819,6192,6030,"{""type"":""MultiPoint"",""coordinates"":[]}"
00000000000000002bfd_0,2461,2233,934,1216,1578,1802,2007,2063,2142,2127,"{""type"":""MultiPoint"",""coordinates"":[]}"
00000000000000002bfe_0,1451,715,122,297,192,514,1466,1831,2033,2045,"{""type"":""MultiPoint"",""coordinates"":[]}"
00000000000000002c02_0,905,410,99,219,153,470,1367,1658,1944,1886,"{""type"":""MultiPoint"",""coordinates"":[]}"
00000000000000002c04_0,6663,6259,1628,2890,4740,5199,5344,5438,5620,5526,"{""type"":""MultiPoint"",""coordinates"":[]}"
00000000000000002c09_0,4929,3659,1732,2468,3239,3608,3730,3779,3837,3887,"{""type"":""MultiPoint"",""coordinates"":[]}"
00000000000000002c0a_0,4409,3617,1448,1890,2346,2678,2981,3182,3225,3420,"{""type"":""MultiPoint"",""coordinates"":[]}"
00000000000000002c0b_0,1563,937,369,573,433,856,1859,2114,1966,2240,"{""type"":""MultiPoint"",""coordinates"":[]}"
00000000000000002c0e_0,3852,2842,1196,1700,2094,2344,2898,3054,3308,3245,"{""type"":""MultiPoint"",""coordinates"":[]}"
00000000000000002c11_0,5627,4775,1360,2120,3304,3671,3796,3972,4264,4149,"{""type"":""MultiPoint"",""coordinates"":[]}"
00000000000000002c19_0,5101,4376,1436,2116,3170,3529,3653,3758,3945,3964,"{""type"":""MultiPoint"",""coordinates"":[]}"
00000000000000002c1b_0,1809,959,144,396,316,873,1873,2209,2335,2479,"{""type"":""MultiPoint"",""coordinates"":[]}"
00000000000000002c1f_0,2283,1300,286,654,482,1259,2869,3406,3460,3543,"{""type"":""MultiPoint"",""coordinates"":[]}"
00000000000000002c20_0,1145,592,411,647,389,932,2294,2638,2889,2946,"{""type"":""MultiPoint"",""coordinates"":[]}"
00000000000000002c23_0,2971,2944,1428,1786,2167,2287,2298,2361,2355,2291,"{""type"":""MultiPoint"",""coordinates"":[]}"
00000000000000002c2b_0,4680,3822,1306,1958,2924,3256,3394,3596,3788,3784,"{""type"":""MultiPoint"",""coordinates"":[]}"
00000000000000002c2c_0,2676,1673,599,915,707,1422,2561,2871,2989,3105,"{""type"":""MultiPoint"",""coordinates"":[]}"
00000000000000002c30_0,1804,1041,425,699,561,1021,3308,4549,4824,4610,"{""type"":""MultiPoint"",""coordinates"":[]}"
00000000000000002c33_0,6413,5380,1832,2919,4342,4773,4933,5080,5321,5178,"{""type"":""MultiPoint"",""coordinates"":[]}"
00000000000000002c35_0,1936,1373,571,738,636,1150,2113,2514,2392,2723,"{""type"":""MultiPoint"",""coordinates"":[]}"
00000000000000002c38_0,3065,2378,776,1141,1444,1757,2110,2326,2479,2466,"{""type"":""MultiPoint"",""coordinates"":[]}"
00000000000000002c39_0,2134,1388,351,500,616,946,1329,1465,1710,1805,"{""type"":""MultiPoint"",""coordinates"":[]}"
00000000000000002c3b_0,6706,6249,1420,2622,4684,5164,5297,5446,5637,5481,"{""type"":""MultiPoint"",""coordinates"":[]}"
00000000000000002c40_0,4719,4244,1633,2378,3168,3502,3546,3588,3782,3728,"{""type"":""MultiPoint"",""coordinates"":[]}"
00000000000000002c41_0,3370,3007,1278,1533,1890,1995,2152,2284,2550,2570,"{""type"":""MultiPoint"",""coordinates"":[]}"
00000000000000002c42_0,602,336,443,601,453,667,651,801,616,674,"{""type"":""MultiPoint"",""coordinates"":[]}"
00000000000000002c45_0,4104,4035,1280,1982,2728,2961,3036,3134,3160,3123,"{""type"":""MultiPoint"",""coordinates"":[]}"
00000000000000002c4d_0,5605,4945,1921,2765,3833,4143,4155,4322,4551,4390,"{""type"":""MultiPoint"",""coordinates"":[]}"
00000000000000002c4e_0,1156,831,591,693,644,1016,1598,1703,1598,1683,"{""type"":""MultiPoint"",""coordinates"":[]}"
00000000000000002c50_0,2639,2450,918,1308,2047,2222,2394,2479,2524,2459,"{""type"":""MultiPoint"",""coordinates"":[]}"
00000000000000002c55_0,7094,6047,2343,3340,4626,5103,5175,5405,5727,5570,"{""type"":""MultiPoint"",""coordinates"":[]}"
00000000000000002c5a_0,3380,3184,1694,2255,2942,3129,3319,3274,3430,3358,"{""type"":""MultiPoint"",""coordinates"":[]}"
00000000000000002c5d_0,6608,5590,1618,2610,4320,4828,4983,5200,5487,5443,"{""type"":""MultiPoint"",""coordinates"":[]}"
00000000000000002c6a_0,7095,6142,2105,3496,4803,5321,5471,5624,5723,5502,"{""type"":""MultiPoint"",""coordinates"":[]}"
00000000000000002c6c_0,1626,846,192,491,331,946,2378,2718,2749,2926,"{""type"":""MultiPoint"",""coordinates"":[]}"
00000000000000002c77_0,5660,4939,1411,2317,3242,3663,3725,3916,3987,4017,"{""type"":""MultiPoint"",""coordinates"":[]}"
00000000000000002c7f_0,6989,6588,1848,2999,4759,5177,5301,5466,5745,5498,"{""type"":""MultiPoint"",""coordinates"":[]}"
00000000000000002c81_0,1475,752,92,313,249,677,2050,2341,2402,2513,"{""type"":""MultiPoint"",""coordinates"":[]}"
00000000000000002c84_0,5465,4978,1591,2394,3463,3860,3910,4068,4250,4117,"{""type"":""MultiPoint"",""coordinates"":[]}"
00000000000000002c85_0,2800,1553,512,837,689,1361,2637,3012,3239,3330,"{""type"":""MultiPoint"",""coordinates"":[]}"
00000000000000002c89_0,3290,2633,856,1256,1500,1990,2500,2685,2887,3004,"{""type"":""MultiPoint"",""coordinates"":[]}"
00000000000000002c8c_0,6806,5768,2887,4181,5264,5628,5653,5796,6082,5834,"{""type"":""MultiPoint"",""coordinates"":[]}"
00000000000000002c8e_0,1747,819,429,604,379,872,2385,2802,2840,3031,"{""type"":""MultiPoint"",""coordinates"":[]}"
00000000000000002c91_0,2427,2206,887,1275,1676,1810,1838,1908,2018,1939,"{""type"":""MultiPoint"",""coordinates"":[]}"
00000000000000002c94_0,5832,5448,1512,2483,3981,4414,4540,4625,4750,4583,"{""type"":""MultiPoint"",""coordinates"":[]}"
00000000000000002c99_0,3987,3442,1001,1377,1876,2053,2220,2324,2372,2520,"{""type"":""MultiPoint"",""coordinates"":[]}"
00000000000000002c9a_0,3986,3460,1318,1704,2156,2331,2389,2547,2641,2662,"{""type"":""MultiPoint"",""coordinates"":[]}"
00000000000000002c9b_0,1330,546,153,312,164,577,1984,2421,2407,2676,"{""type"":""MultiPoint"",""coordinates"":[]}"
00000000000000002ca3_0,1273,525,59,247,180,585,1840,2446,2482,2778,"{""type"":""MultiPoint"",""coordinates"":[]}"
00000000000000002ca7_0,1688,692,77,356,133,755,2351,2818,2892,3128,"{""type"":""MultiPoint"",""coordinates"":[]}"
00000000000000002ca9_0,4170,4187,1287,1934,3017,3237,3337,3435,3576,3431,"{""type"":""MultiPoint"",""coordinates"":[]}"
00000000000000002cab_0,1183,549,250,376,241,607,1827,2222,2334,2355,"{""type"":""MultiPoint"",""coordinates"":[]}"
00000000000000002cae_0,7044,5571,2494,3384,4559,4944,5056,5238,5718,5579,"{""type"":""MultiPoint"",""coordinates"":[]}"
00000000000000002caf_0,2679,1920,510,824,1113,1492,1822,2021,2285,2301,"{""type"":""MultiPoint"",""coordinates"":[]}"
00000000000000002cb0_0,2977,2331,759,1126,1219,1854,2667,3002,3155,3152,"{""type"":""MultiPoint"",""coordinates"":[]}"
00000000000000002cb6_0,6448,5878,1496,2639,4347,4822,4894,5007,5184,5035,"{""type"":""MultiPoint"",""coordinates"":[]}"
00000000000000002cbb_0,4719,4316,1173,1861,2918,3284,3414,3492,3549,3445,"{""type"":""MultiPoint"",""coordinates"":[]}"
00000000000000002cbc_0,2828,1848,656,935,922,1277,2337,2698,2856,3001,"{""type"":""MultiPoint"",""coordinates"":[]}"
00000000000000002cc0_0,2621,1969,788,1322,1311,1952,3467,3655,3663,3754,"{""type"":""MultiPoint"",""coordinates"":[]}"
00000000000000002cc8_0,2674,1889,632,1035,1222,1595,2126,2273,2347,2445,"{""type"":""MultiPoint"",""coordinates"":[]}"
00000000000000002ccb_0,7448,7125,1489,2752,5177,5784,5943,6025,6275,6085,"{""type"":""MultiPoint"",""coordinates"":[]}"
00000000000000002ccd_0,3163,2531,465,856,1076,1394,1927,2117,2261,2380,"{""type"":""MultiPoint"",""coordinates"":[]}"
00000000000000002cd0_0,4429,3578,1618,2512,3226,3642,3784,3838,3808,3714,"{""type"":""MultiPoint"",""coordinates"":[]}"
00000000000000002cd1_0,3641,3336,827,1198,2023,2287,2468,2614,2767,2734,"{""type"":""MultiPoint"",""coordinates"":[]}"
00000000000000002cd2_0,2199,1349,466,731,765,1258,2564,2893,2995,3039,"{""type"":""MultiPoint"",""coordinates"":[]}"
00000000000000002cd5_0,2028,1921,604,1014,1435,1547,1594,1643,1718,1666,"{""type"":""MultiPoint"",""coordinates"":[]}"
00000000000000002cdd_0,5792,5057,1650,2558,3759,4198,4349,4487,4611,4506,"{""type"":""MultiPoint"",""coordinates"":[]}"
00000000000000002ce0_0,3006,2499,828,1282,1732,1989,2278,2398,2468,2477,"{""type"":""MultiPoint"",""coordinates"":[]}"
00000000000000002ce2_0,1202,653,336,597,429,803,1872,2235,2257,2367,"{""type"":""MultiPoint"",""coordinates"":[]}"
00000000000000002ce5_0,7026,6597,2134,3407,4863,5291,5412,5564,5962,5742,"{""type"":""MultiPoint"",""coordinates"":[]}"
00000000000000002ce6_0,2187,2077,1113,1336,1575,1694,1751,1816,1876,1830,"{""type"":""MultiPoint"",""coordinates"":[]}"
00000000000000002cea_0,2489,2181,1279,1664,1899,2261,2561,2679,2606,2617,"{""type"":""MultiPoint"",""coordinates"":[]}"
00000000000000002ceb_0,2200,1122,392,703,527,1215,2496,2838,2911,3246,"{""type"":""MultiPoint"",""coordinates"":[]}"
00000000000000002ced_0,5737,4787,1388,2010,3109,3452,3609,3828,4136,4097,"{""type"":""MultiPoint"",""coordinates"":[]}"
00000000000000002cf2_0,6082,5531,1730,2806,4273,4693,4817,4997,5085,4973,"{""type"":""MultiPoint"",""coordinates"":[]}"
00000000000000002cf3_0,3705,2687,884,1253,1349,1787,2451,2652,2801,2981,"{""type"":""MultiPoint"",""coordinates"":[]}"
00000000000000002cf4_0,1527,856,481,755,512,1238,2866,3220,3510,3458,"{""type"":""MultiPoint"",""coordinates"":[]}"
00000000000000002cf7_0,4390,3953,1393,2082,2558,3111,3597,3850,4021,3973,"{""type"":""MultiPoint"",""coordinates"":[]}"
00000000000000002cfa_0,5695,4847,1303,2182,3501,3861,3990,4244,4248,4163,"{""type"":""MultiPoint"",""coordinates"":[]}"
00000000000000002d02_0,4537,4086,1125,1845,3020,3349,3459,3558,3625,3536,"{""type"":""MultiPoint"",""coordinates"":[]}"
00000000000000002d07_0,6297,6163,1591,2559,3648,4157,4220,4417,4588,4565,"{""type"":""MultiPoint"",""coordinates"":[]}"
00000000000000002d08_0,2105,1392,559,824,880,1227,2102,2317,2265,2471,"{""type"":""MultiPoint"",""coordinates"":[]}"
00000000000000002d0c_0,2489,2490,911,1200,1474,1688,1696,1759,1750,1822,"{""type"":""MultiPoint"",""coordinates"":[]}"
00000000000000002d0f_0,6431,5721,1782,2813,4341,4710,4874,5008,5281,5129,"{""type"":""MultiPoint"",""coordinates"":[]}"
00000000000000002d11_0,2430,1764,393,706,836,1281,1798,2038,2237,2351,"{""type"":""MultiPoint"",""coordinates"":[]}"
00000000000000002d14_0,6653,6460,1237,2386,4244,4720,4898,5057,5303,5073,"{""type"":""MultiPoint"",""coordinates"":[]}"
00000000000000002d15_0,2983,1875,599,863,841,1361,2342,2685,2826,2975,"{""type"":""MultiPoint"",""coordinates"":[]}"
00000000000000002d19_0,954,442,268,676,311,1044,3426,4067,4442,4291,"{""type"":""MultiPoint"",""coordinates"":[]}"
00000000000000002d1c_0,6497,6340,1955,2830,3985,4424,4517,4686,4929,4812,"{""type"":""MultiPoint"",""coordinates"":[]}"
00000000000000002d24_0,6105,5909,1651,2563,4073,4503,4557,4676,4827,4708,"{""type"":""MultiPoint"",""coordinates"":[]}"
00000000000000002d26_0,2868,2581,1401,1866,2118,2261,2487,2590,2591,2663,"{""type"":""MultiPoint"",""coordinates"":[]}"
00000000000000002d2b_0,1389,541,228,453,246,774,2307,2881,2951,3095,"{""type"":""MultiPoint"",""coordinates"":[]}"
00000000000000002d2e_0,5368,5123,2392,3342,4047,4287,4297,4411,4606,4434,"{""type"":""MultiPoint"",""coordinates"":[]}"
00000000000000002d31_0,6357,5357,1459,2275,3819,4225,4452,4626,4918,4801,"{""type"":""MultiPoint"",""coordinates"":[]}"
00000000000000002d39_0,3317,3113,753,1266,1832,2001,2077,2127,2169,2183,"{""type"":""MultiPoint"",""coordinates"":[]}"
00000000000000002d43_0,1914,1683,854,1147,1359,1564,1712,1794,1824,1857,"{""type"":""MultiPoint"",""coordinates"":[]}"
00000000000000002d48_0,1765,1351,804,1028,1174,1302,1355,1416,1446,1457,"{""type"":""MultiPoint"",""coordinates"":[]}"
00000000000000002d50_0,3737,3354,993,1396,1760,1948,2145,2335,2596,2628,"{""type"":""MultiPoint"",""coordinates"":[]}"
00000000000000002d53_0,6219,5707,1877,2909,3996,4400,4507,4661,4920,4725,"{""type"":""MultiPoint"",""coordinates"":[]}"
00000000000000002d55_0,2804,1525,433,817,579,1351,3450,3992,4190,4466,"{""type"":""MultiPoint"",""coordinates"":[]}"
00000000000000002d5d_0,830,518,3951,4157,4172,4440,4679,4741,4293,4502,"{""type"":""MultiPoint"",""coordinates"":[]}"
00000000000000002d60_0,5053,4720,1401,2208,3106,3426,3528,3690,3762,3740,"{""type"":""MultiPoint"",""coordinates"":[]}"
00000000000000002d61_0,1187,716,1653,1725,1469,1817,2838,3143,3358,3352,"{""type"":""MultiPoint"",""coordinates"":[]}"
00000000000000002d65_0,3290,3310,1276,1858,2425,2580,2580,2656,2737,2555,"{""type"":""MultiPoint"",""coordinates"":[]}"
00000000000000002d68_0,5701,4604,1205,1944,3261,3642,3807,4016,4170,4141,"{""type"":""MultiPoint"",""coordinates"":[]}"
00000000000000002d6d_0,6582,6332,1246,2349,4253,4671,4877,5037,5231,5025,"{""type"":""MultiPoint"",""coordinates"":[]}"
00000000000000002d6e_0,2433,1307,476,783,664,1262,2287,2542,2621,2843,"{""type"":""MultiPoint"",""coordinates"":[]}"
00000000000000002d72_0,3511,2846,937,1611,1926,2606,3322,3517,3612,3639,"{""type"":""MultiPoint"",""coordinates"":[]}"
00000000000000002d77_0,2029,1649,924,1195,1276,1570,1908,1935,1894,2149,"{""type"":""MultiPoint"",""coordinates"":[]}"
00000000000000002d7a_0,3187,2638,765,1169,1760,2007,2121,2300,2435,2523,"{""type"":""MultiPoint"",""coordinates"":[]}"
00000000000000002d7d_0,5293,4430,1332,2008,3023,3303,3461,3591,3786,3666,"{""type"":""MultiPoint"",""coordinates"":[]}"
00000000000000002d7f_0,1364,1154,892,1212,1358,1425,1424,1439,1337,1338,"{""type"":""MultiPoint"",""coordinates"":[]}"
00000000000000002d82_0,2412,2401,737,1069,1563,1820,1705,1785,1862,1873,"{""type"":""MultiPoint"",""coordinates"":[]}"
00000000000000002d83_0,3715,3097,1359,1682,2078,2383,2560,2768,2830,2904,"{""type"":""MultiPoint"",""coordinates"":[]}"
00000000000000002d84_0,2338,1427,495,702,659,1239,2297,2731,2637,2862,"{""type"":""MultiPoint"",""coordinates"":[]}"
00000000000000002d8a_0,6403,5312,1485,2491,3888,4388,4520,4649,4838,4683,"{""type"":""MultiPoint"",""coordinates"":[]}"
00000000000000002d8c_0,885,498,89,219,232,447,1159,1383,1494,1537,"{""type"":""MultiPoint"",""coordinates"":[]}"
00000000000000002d92_0,5604,4696,1423,2158,3459,3821,3971,4150,4408,4312,"{""type"":""MultiPoint"",""coordinates"":[]}"
00000000000000002d94_0,1687,1169,399,615,602,1008,1715,1927,1963,2064,"{""type"":""MultiPoint"",""coordinates"":[]}"
00000000000000002d97_0,7561,6557,3873,5197,6342,6759,6800,6889,7249,6889,"{""type"":""MultiPoint"",""coordinates"":[]}"
00000000000000002d98_0,2717,1714,306,772,771,1409,2504,3004,3008,3124,"{""type"":""MultiPoint"",""coordinates"":[]}"
00000000000000002d99_0,2613,1793,563,844,769,1356,2279,2528,2803,2791,"{""type"":""MultiPoint"",""coordinates"":[]}"
00000000000000002d9c_0,3145,3054,1659,2100,2482,2604,2590,2625,2764,2633,"{""type"":""MultiPoint"",""coordinates"":[]}"
00000000000000002d9f_0,7086,6305,1370,2735,4720,5245,5466,5521,5760,5539,"{""type"":""MultiPoint"",""coordinates"":[]}"
00000000000000002da4_0,5910,5527,1145,2062,3542,4049,4275,4454,4549,4512,"{""type"":""MultiPoint"",""coordinates"":[]}"
00000000000000002da5_0,3488,2376,779,1109,1325,1891,2365,2607,2716,2924,"{""type"":""MultiPoint"",""coordinates"":[]}"
00000000000000002dac_0,7075,6583,2132,3561,4901,5345,5442,5572,5727,5660,"{""type"":""MultiPoint"",""coordinates"":[]}"
00000000000000002db1_0,2965,2301,740,1140,1353,1743,2112,2367,2401,2555,"{""type"":""MultiPoint"",""coordinates"":[]}"
00000000000000002db9_0,6107,5490,2138,2971,3969,4308,4383,4609,4779,4639,"{""type"":""MultiPoint"",""coordinates"":[]}"
00000000000000002dba_0,4167,4055,1341,1762,2535,2802,2924,3104,3337,3303,"{""type"":""MultiPoint"",""coordinates"":[]}"
00000000000000002dbb_0,124,98,1002,1653,1342,1194,462,461,421,298,"{""type"":""MultiPoint"",""coordinates"":[]}"
00000000000000002dbe_0,3093,3115,1364,1782,2126,2217,2268,2346,2426,2348,"{""type"":""MultiPoint"",""coordinates"":[]}"
00000000000000002dc1_0,5372,4160,1151,1810,2996,3346,3520,3665,3896,3712,"{""type"":""MultiPoint"",""coordinates"":[]}"
00000000000000002dc3_0,938,950,6197,6124,5835,5388,5312,5267,5744,5197,"{""type"":""MultiPoint"",""coordinates"":[]}"
00000000000000002dc6_0,5605,5045,1664,2586,3829,4138,4312,4457,4612,4542,"{""type"":""MultiPoint"",""coordinates"":[]}"
00000000000000002dc9_0,3592,3543,1313,1803,2422,2617,2628,2732,2853,2738,"{""type"":""MultiPoint"",""coordinates"":[]}"
00000000000000002dcb_0,3028,2261,999,1393,1473,1942,2755,3167,3239,3237,"{""type"":""MultiPoint"",""coordinates"":[]}"
00000000000000002dce_0,7114,6960,2127,3237,4526,4987,5118,5350,5639,5512,"{""type"":""MultiPoint"",""coordinates"":[]}"
00000000000000002dd0_0,2624,1642,301,543,478,1068,2000,2247,2342,2597,"{""type"":""MultiPoint"",""coordinates"":[]}"
00000000000000002dd3_0,918,824,4974,5530,6085,6482,5953,5651,5386,5499,"{""type"":""MultiPoint"",""coordinates"":[]}"
00000000000000002dd6_0,5819,4712,1384,2169,3377,3687,3851,4029,4312,4303,"{""type"":""MultiPoint"",""coordinates"":[]}"
00000000000000002dd8_0,2826,2262,693,1078,1394,1538,1619,1751,1904,1946,"{""type"":""MultiPoint"",""coordinates"":[]}"
00000000000000002ddb_0,5306,4873,1691,2442,3281,3596,3674,3767,3741,3720,"{""type"":""MultiPoint"",""coordinates"":[]}"
00000000000000002ddc_0,3084,2266,913,1116,1262,1503,1980,2169,2279,2396,"{""type"":""MultiPoint"",""coordinates"":[]}"
00000000000000002ddd_0,1938,1166,404,599,494,1110,1944,2161,2410,2352,"{""type"":""MultiPoint"",""coordinates"":[]}"
00000000000000002de3_0,5572,5126,951,1500,2482,2732,2935,3162,3448,3465,"{""type"":""MultiPoint"",""coordinates"":[]}"
00000000000000002deb_0,6021,5930,1147,2082,4023,4378,4678,4788,4952,4674,"{""type"":""MultiPoint"",""coordinates"":[]}"
00000000000000002df1_0,1852,932,340,544,443,915,2121,2499,2543,2619,"{""type"":""MultiPoint"",""coordinates"":[]}"
00000000000000002df8_0,6507,5953,1682,2692,4179,4629,4706,4886,5028,4854,"{""type"":""MultiPoint"",""coordinates"":[]}"
00000000000000002dfa_0,2644,1706,295,456,680,926,1305,1497,1730,1851,"{""type"":""MultiPoint"",""coordinates"":[]}"
00000000000000002dfd_0,7417,6667,1401,2576,4770,5285,5501,5708,5910,5808,"{""type"":""MultiPoint"",""coordinates"":[]}"
00000000000000002dfe_0,2438,1238,498,842,655,1430,3095,3567,3621,3968,"{""type"":""MultiPoint"",""coordinates"":[]}"
00000000000000002e02_0,4188,4125,1420,2039,2582,2863,3028,3149,3263,3230,"{""type"":""MultiPoint"",""coordinates"":[]}"
00000000000000002e05_0,6770,6296,2047,3001,4185,4624,4731,4926,5122,5110,"{""type"":""MultiPoint"",""coordinates"":[]}"
00000000000000002e0d_0,5990,5089,1641,2400,3826,4251,4413,4556,4809,4741,"{""type"":""MultiPoint"",""coordinates"":[]}"
00000000000000002e0f_0,2486,2190,783,1282,1598,1736,1750,1843,1868,1872,"{""type"":""MultiPoint"",""coordinates"":[]}"
00000000000000002e12_0,6452,5976,2405,3433,4360,4710,4775,4877,5180,4926,"{""type"":""MultiPoint"",""coordinates"":[]}"
00000000000000002e13_0,3232,2634,833,1164,1493,1824,2134,2264,2205,2433,"{""type"":""MultiPoint"",""coordinates"":[]}"
00000000000000002e14_0,1711,1338,537,708,755,1040,1719,1876,2165,2148,"{""type"":""MultiPoint"",""coordinates"":[]}"
00000000000000002e17_0,2884,2680,1313,1694,1974,2193,2176,2238,2228,2192,"{""type"":""MultiPoint"",""coordinates"":[]}"
00000000000000002e1c_0,2267,1827,441,614,703,1015,1250,1438,1512,1582,"{""type"":""MultiPoint"",""coordinates"":[]}"
00000000000000002e1f_0,6053,5682,1999,3013,4231,4655,4730,4881,5061,4886,"{""type"":""MultiPoint"",""coordinates"":[]}"
00000000000000002e22_0,5510,5087,1412,2244,3653,4008,4133,4315,4541,4362,"{""type"":""MultiPoint"",""coordinates"":[]}"
00000000000000002e24_0,2165,1567,500,699,749,1128,1557,1689,1856,1937,"{""type"":""MultiPoint"",""coordinates"":[]}"
00000000000000002e28_0,1970,1900,774,1076,1479,1638,1667,1744,1839,1796,"{""type"":""MultiPoint"",""coordinates"":[]}"
00000000000000002e29_0,1813,809,284,419,250,677,2200,2834,2869,3103,"{""type"":""MultiPoint"",""coordinates"":[]}"
00000000000000002e2c_0,209,240,9284,9192,8844,8848,8489,7743,7592,7270,"{""type"":""MultiPoint"",""coordinates"":[]}"
00000000000000002e2f_0,7139,6549,1282,2599,4946,5487,5591,5761,6100,5763,"{""type"":""MultiPoint"",""coordinates"":[]}"
00000000000000002e34_0,5433,5001,1070,1862,3015,3330,3503,3632,3593,3438,"{""type"":""MultiPoint"",""coordinates"":[]}"
00000000000000002e35_0,3100,2008,445,792,757,1317,2983,3672,3734,3983,"{""type"":""MultiPoint"",""coordinates"":[]}"
00000000000000002e39_0,1784,996,314,551,500,1062,2196,2504,2712,2822,"{""type"":""MultiPoint"",""coordinates"":[]}"
00000000000000002e3c_0,6573,5711,2210,3104,4146,4566,4691,4856,5115,4984,"{""type"":""MultiPoint"",""coordinates"":[]}"
00000000000000002e3e_0,2371,1547,548,858,933,1438,2815,3140,3241,3345,"{""type"":""MultiPoint"",""coordinates"":[]}"
00000000000000002e44_0,6339,5990,2061,3149,4639,5047,5170,5222,5428,5200,"{""type"":""MultiPoint"",""coordinates"":[]}"
00000000000000002e46_0,1456,754,224,516,325,887,1992,2237,2333,2463,"{""type"":""MultiPoint"",""coordinates"":[]}"
00000000000000002e49_0,6119,5616,1816,2963,3973,4403,4535,4648,4706,4600,"{""type"":""MultiPoint"",""coordinates"":[]}"
00000000000000002e4a_0,2314,1684,599,738,936,1148,1503,1671,1716,1837,"{""type"":""MultiPoint"",""coordinates"":[]}"
00000000000000002e4b_0,2393,1455,488,715,553,1282,2418,2776,2642,3051,"{""type"":""MultiPoint"",""coordinates"":[]}"
00000000000000002e4e_0,4162,4282,1976,2624,3202,3327,3417,3470,3603,3415,"{""type"":""MultiPoint"",""coordinates"":[]}"
00000000000000002e51_0,5515,5056,1390,2268,3686,3953,4048,4114,4300,4148,"{""type"":""MultiPoint"",""coordinates"":[]}"
00000000000000002e53_0,1452,599,137,309,161,638,2500,3557,3566,3453,"{""type"":""MultiPoint"",""coordinates"":[]}"
00000000000000002e56_0,6994,6691,1148,2246,4489,5060,5230,5381,5534,5383,"{""type"":""MultiPoint"",""coordinates"":[]}"
00000000000000002e59_0,2926,3092,739,1062,1507,1610,1690,1763,1802,1743,"{""type"":""MultiPoint"",""coordinates"":[]}"
00000000000000002e5e_0,6983,6711,2329,3569,4866,5269,5355,5495,5825,5642,"{""type"":""MultiPoint"",""coordinates"":[]}"
00000000000000002e63_0,4368,3545,1479,2069,2586,2935,3302,3475,3617,3625,"{""type"":""MultiPoint"",""coordinates"":[]}"
00000000000000002e66_0,4631,3667,685,1160,1894,2126,2274,2440,2652,2742,"{""type"":""MultiPoint"",""coordinates"":[]}"
00000000000000002e68_0,4713,4305,2056,2913,3501,3689,3798,3919,4003,3988,"{""type"":""MultiPoint"",""coordinates"":[]}"
00000000000000002e6b_0,3057,2720,1149,1673,2289,2537,2562,2532,2559,2553,"{""type"":""MultiPoint"",""coordinates"":[]}"
00000000000000002e6c_0,3375,2566,874,1125,1273,1719,2315,2522,2602,2745,"{""type"":""MultiPoint"",""coordinates"":[]}"
00000000000000002e6d_0,1679,757,390,593,410,984,2611,3113,3240,3449,"{""type"":""MultiPoint"",""coordinates"":[]}"
00000000000000002e73_0,6090,5012,1798,2664,4082,4482,4663,4792,5010,4894,"{""type"":""MultiPoint"",""coordinates"":[]}"
00000000000000002e7b_0,6540,6549,1760,2949,4545,5012,5137,5314,5474,5221,"{""type"":""MultiPoint"",""coordinates"":[]}"
00000000000000002e7d_0,1424,648,337,623,384,905,2674,3508,3572,3752,"{""type"":""MultiPoint"",""coordinates"":[]}"
00000000000000002e80_0,5945,5093,1683,2726,3775,4023,4163,4338,4641,4390,"{""type"":""MultiPoint"",""coordinates"":[]}"
00000000000000002e81_0,2350,1322,469,805,496,1224,2890,3265,3271,3473,"{""type"":""MultiPoint"",""coordinates"":[]}"
00000000000000002e82_0,1269,769,565,748,590,1039,1888,2059,2250,2136,"{""type"":""MultiPoint"",""coordinates"":[]}"
00000000000000002e85_0,2028,1947,965,1261,1615,1744,1803,1834,1846,1777,"{""type"":""MultiPoint"",""coordinates"":[]}"
00000000000000002e88_0,6114,5349,1473,2511,4085,4438,4553,4651,4834,4579,"{""type"":""MultiPoint"",""coordinates"":[]}"
00000000000000002e8a_0,2968,2518,652,1160,1495,1673,1845,1923,1972,1989,"{""type"":""MultiPoint"",""coordinates"":[]}"
00000000000000002e8d_0,8131,7306,1958,3571,5790,6410,6548,6647,6848,6774,"{""type"":""MultiPoint"",""coordinates"":[]}"
00000000000000002e92_0,3183,2860,1052,1714,1956,2452,3391,3573,3885,3660,"{""type"":""MultiPoint"",""coordinates"":[]}"
00000000000000002e9a_0,2752,2324,1176,1743,1998,2099,2418,2313,2517,2393,"{""type"":""MultiPoint"",""coordinates"":[]}"
00000000000000002e9d_0,6134,5296,1767,2476,3516,3923,4000,4180,4501,4401,"{""type"":""MultiPoint"",""coordinates"":[]}"
00000000000000002e9f_0,2903,2380,636,855,1108,1391,1658,1825,1881,2111,"{""type"":""MultiPoint"",""coordinates"":[]}"
00000000000000002ea3_0,2208,1995,764,974,1294,1586,1880,1995,1980,2039,"{""type"":""MultiPoint"",""coordinates"":[]}"
00000000000000002ea4_0,1662,813,302,504,323,855,2175,2666,2546,2834,"{""type"":""MultiPoint"",""coordinates"":[]}"
00000000000000002ea7_0,4914,4781,1226,2245,3190,3509,3485,3740,3831,3628,"{""type"":""MultiPoint"",""coordinates"":[]}"
00000000000000002eaf_0,4840,4161,1459,2261,3192,3513,3618,3731,3912,3899,"{""type"":""MultiPoint"",""coordinates"":[]}"
00000000000000002eb8_0,2538,2177,1230,1383,1675,1736,2213,2431,2689,2676,"{""type"":""MultiPoint"",""coordinates"":[]}"
00000000000000002eb9_0,1882,1042,283,563,446,902,2163,2177,2637,2607,"{""type"":""MultiPoint"",""coordinates"":[]}"
00000000000000002ec4_0,3458,3056,765,1082,1551,1754,1792,1877,1928,1995,"{""type"":""MultiPoint"",""coordinates"":[]}"
00000000000000002ec5_0,5188,3802,2629,3083,3556,3919,4168,4385,4598,4622,"{""type"":""MultiPoint"",""coordinates"":[]}"
00000000000000002ec9_0,2543,1757,649,1041,1107,1496,2281,2447,2669,2874,"{""type"":""MultiPoint"",""coordinates"":[]}"
00000000000000002ecc_0,3171,3018,1218,1810,2664,2911,2897,2932,2975,2910,"{""type"":""MultiPoint"",""coordinates"":[]}"
00000000000000002ed4_0,5189,5125,1308,2185,3455,3774,3911,3995,4090,3965,"{""type"":""MultiPoint"",""coordinates"":[]}"
00000000000000002ed9_0,7173,6357,2139,3447,4891,5428,5551,5680,5829,5707,"{""type"":""MultiPoint"",""coordinates"":[]}"
00000000000000002eda_0,1418,686,247,371,309,624,1807,2204,2105,2348,"{""type"":""MultiPoint"",""coordinates"":[]}"
00000000000000002edb_0,2322,1421,877,1180,1225,1656,2580,2914,2870,2972,"{""type"":""MultiPoint"",""coordinates"":[]}"
00000000000000002ee3_0,3045,1286,175,580,275,952,3901,5177,6065,5839,"{""type"":""MultiPoint"",""coordinates"":[]}"
00000000000000002ee6_0,7167,6508,1240,2294,4514,5038,5242,5409,5692,5548,"{""type"":""MultiPoint"",""coordinates"":[]}"
00000000000000002ee9_0,3303,3058,666,1126,1605,1799,1815,1866,1826,1807,"{""type"":""MultiPoint"",""coordinates"":[]}"
00000000000000002eeb_0,2746,2021,825,1264,1264,1810,3115,3628,3501,3760,"{""type"":""MultiPoint"",""coordinates"":[]}"
00000000000000002eee_0,6323,6103,1778,2695,3777,4182,4302,4490,4649,4623,"{""type"":""MultiPoint"",""coordinates"":[]}"
00000000000000002ef0_0,1756,858,310,542,311,897,2471,2755,2807,2967,"{""type"":""MultiPoint"",""coordinates"":[]}"
00000000000000002ef3_0,3967,3158,1311,1823,2386,2574,2702,2953,3126,3114,"{""type"":""MultiPoint"",""coordinates"":[]}"
00000000000000002ef6_0,5084,4722,1581,2324,3580,4000,4063,4172,4241,4018,"{""type"":""MultiPoint"",""coordinates"":[]}"
00000000000000002efb_0,3211,3337,1241,1772,2305,2368,2430,2423,2600,2470,"{""type"":""MultiPoint"",""coordinates"":[]}"
00000000000000002efc_0,5117,4696,2146,2725,3446,3734,3853,3943,4183,4228,"{""type"":""MultiPoint"",""coordinates"":[]}"
00000000000000002efd_0,969,461,339,442,369,624,1315,1746,1763,1688,"{""type"":""MultiPoint"",""coordinates"":[]}"
00000000000000002f00_0,3221,2993,1219,1644,1944,2071,2406,2545,2669,2663,"{""type"":""MultiPoint"",""coordinates"":[]}"
00000000000000002f03_0,4949,3925,1315,2114,3269,3410,3571,3608,3938,3797,"{""type"":""MultiPoint"",""coordinates"":[]}"
00000000000000002f05_0,732,473,50,158,177,375,874,1035,1098,1183,"{""type"":""MultiPoint"",""coordinates"":[]}"
00000000000000002f08_0,6309,6087,2062,2934,4281,4734,4799,5004,5162,5068,"{""type"":""MultiPoint"",""coordinates"":[]}"
00000000000000002f0b_0,6174,5895,1751,2746,4262,4590,4729,4913,5215,4985,"{""type"":""MultiPoint"",""coordinates"":[]}"
00000000000000002f10_0,7149,6458,2068,3238,4707,5146,5329,5535,5918,5683,"{""type"":""MultiPoint"",""coordinates"":[]}"
00000000000000002f15_0,1985,1771,869,1179,1316,1636,2041,2106,2157,2142,"{""type"":""MultiPoint"",""coordinates"":[]}"
00000000000000002f18_0,5905,5461,1764,2687,3900,4268,4372,4484,4694,4499,"{""type"":""MultiPoint"",""coordinates"":[]}"
00000000000000002f1a_0,1411,1254,4109,4152,4135,3815,4304,4031,3985,3972,"{""type"":""MultiPoint"",""coordinates"":[]}"
00000000000000002f1d_0,6150,5704,1617,2837,4050,4440,4531,4636,4722,4568,"{""type"":""MultiPoint"",""coordinates"":[]}"
00000000000000002f1e_0,2755,1878,627,1019,1008,1687,2574,2826,3035,3123,"{""type"":""MultiPoint"",""coordinates"":[]}"
00000000000000002f22_0,4414,3876,1493,2139,2563,3095,3333,3428,3414,3615,"{""type"":""MultiPoint"",""coordinates"":[]}"
00000000000000002f25_0,6273,6084,1849,2711,3830,4268,4346,4547,4699,4642,"{""type"":""MultiPoint"",""coordinates"":[]}"
00000000000000002f27_0,2508,1285,358,708,402,1113,3589,4318,4272,4496,"{""type"":""MultiPoint"",""coordinates"":[]}"
00000000000000002f2d_0,6119,5821,1643,2792,4373,4824,4830,5048,5168,4939,"{""type"":""MultiPoint"",""coordinates"":[]}"
00000000000000002f2f_0,1681,779,100,317,201,699,1895,2259,2237,2553,"{""type"":""MultiPoint"",""coordinates"":[]}"
00000000000000002f32_0,6179,5915,2284,3195,4252,4674,4703,4862,5075,4965,"{""type"":""MultiPoint"",""coordinates"":[]}"
00000000000000002f33_0,3018,2554,730,1056,1549,1743,1840,1963,2240,2168,"{""type"":""MultiPoint"",""coordinates"":[]}"
00000000000000002f34_0,3166,2257,816,1044,1432,1834,2065,2287,2348,2559,"{""type"":""MultiPoint"",""coordinates"":[]}"
00000000000000002f3a_0,5781,5287,1178,2034,3761,4195,4337,4455,4591,4501,"{""type"":""MultiPoint"",""coordinates"":[]}"
00000000000000002f3c_0,997,505,226,390,213,560,1459,1777,1971,2354,"{""type"":""MultiPoint"",""coordinates"":[]}"
00000000000000002f42_0,6011,5093,1670,2498,3891,4294,4447,4659,4938,4845,"{""type"":""MultiPoint"",""coordinates"":[]}"
00000000000000002f44_0,2411,1571,496,847,904,1344,2166,2407,2632,2619,"{""type"":""MultiPoint"",""coordinates"":[]}"
00000000000000002f47_0,7796,7660,2539,3798,5223,5754,5822,6015,6288,6158,"{""type"":""MultiPoint"",""coordinates"":[]}"
00000000000000002f49_0,997,550,127,238,190,423,1101,1293,1394,1404,"{""type"":""MultiPoint"",""coordinates"":[]}"
00000000000000002f4c_0,3744,3214,1490,1978,2396,2571,2619,2733,2821,2759,"{""type"":""MultiPoint"",""coordinates"":[]}"
00000000000000002f4f_0,4631,4213,980,1423,2104,2285,2394,2552,2779,2743,"{""type"":""MultiPoint"",""coordinates"":[]}"
00000000000000002f54_0,2679,2676,930,1344,1971,2065,2123,2158,2379,2225,"{""type"":""MultiPoint"",""coordinates"":[]}"
00000000000000002f5c_0,6237,5044,1736,2500,3680,4081,4233,4378,4526,4471,"{""type"":""MultiPoint"",""coordinates"":[]}"
00000000000000002f5e_0,2564,1699,260,434,657,1040,1450,1645,1860,2095,"{""type"":""MultiPoint"",""coordinates"":[]}"
00000000000000002f64_0,6471,6086,1384,2570,4372,4864,5010,5112,5194,5106,"{""type"":""MultiPoint"",""coordinates"":[]}"
00000000000000002f69_0,6455,6101,2137,3142,4297,4713,4790,4972,5134,4983,"{""type"":""MultiPoint"",""coordinates"":[]}"
00000000000000002f6a_0,2368,1415,512,767,658,1138,2525,2997,3039,3192,"{""type"":""MultiPoint"",""coordinates"":[]}"
00000000000000002f6b_0,1147,473,180,360,180,572,1934,2507,2206,2729,"{""type"":""MultiPoint"",""coordinates"":[]}"
00000000000000002f71_0,5890,5407,1334,2493,3959,4167,4463,4527,4720,4440,"{""type"":""MultiPoint"",""coordinates"":[]}"
00000000000000002f73_0,926,407,106,201,128,359,1232,1514,1716,1763,"{""type"":""MultiPoint"",""coordinates"":[]}"
00000000000000002f79_0,5764,4969,1797,2787,4086,4497,4628,4764,4926,4751,"{""type"":""MultiPoint"",""coordinates"":[]}"
00000000000000002f7b_0,4161,4063,1403,2129,2734,3089,3543,3744,3808,3776,"{""type"":""MultiPoint"",""coordinates"":[]}"
00000000000000002f7e_0,7341,6921,2558,3802,5166,5652,5744,5867,6177,6016,"{""type"":""MultiPoint"",""coordinates"":[]}"
00000000000000002f80_0,2996,2148,719,960,866,1448,2546,2818,2724,3088,"{""type"":""MultiPoint"",""coordinates"":[]}"
00000000000000002f88_0,2195,1344,594,917,736,1328,2794,3221,3188,3425,"{""type"":""MultiPoint"",""coordinates"":[]}"
00000000000000002f8c_0,1232,1059,956,1371,1769,1778,1450,1504,1380,1344,"{""type"":""MultiPoint"",""coordinates"":[]}"
00000000000000002f8d_0,3704,2527,685,961,1343,1799,2076,2383,2657,2929,"{""type"":""MultiPoint"",""coordinates"":[]}"
00000000000000002f90_0,2231,2036,1032,1340,1562,1613,1729,1754,1776,1793,"{""type"":""MultiPoint"",""coordinates"":[]}"
00000000000000002f93_0,6103,5032,1419,2258,3619,4087,4164,4230,4301,4315,"{""type"":""MultiPoint"",""coordinates"":[]}"
00000000000000002f95_0,1585,711,203,384,219,755,2492,3038,3089,3313,"{""type"":""MultiPoint"",""coordinates"":[]}"
00000000000000002f98_0,6015,5444,1551,2378,3964,4375,4547,4661,4834,4699,"{""type"":""MultiPoint"",""coordinates"":[]}"
00000000000000002fa0_0,7615,7395,2266,3421,4793,5280,5460,5700,5998,5740,"{""type"":""MultiPoint"",""coordinates"":[]}"
00000000000000002fa5_0,2227,1933,820,1075,1233,1470,1723,1841,1833,1832,"{""type"":""MultiPoint"",""coordinates"":[]}"
00000000000000002fa8_0,6295,5530,1849,2839,4108,4429,4569,4762,4988,4796,"{""type"":""MultiPoint"",""coordinates"":[]}"
00000000000000002faa_0,1323,707,46,290,234,674,1768,2016,2117,2143,"{""type"":""MultiPoint"",""coordinates"":[]}"
00000000000000002fad_0,4778,3765,1542,2358,3418,3554,3669,3672,4006,3741,"{""type"":""MultiPoint"",""coordinates"":[]}"
00000000000000002fae_0,2811,1875,513,861,786,1496,2406,2751,2757,2990,"{""type"":""MultiPoint"",""coordinates"":[]}"
00000000000000002fb2_0,3862,3799,1364,2090,2584,2883,3146,3285,3301,3328,"{""type"":""MultiPoint"",""coordinates"":[]}"
00000000000000002fb5_0,1123,1057,544,815,1072,987,1005,1041,1263,1033,"{""type"":""MultiPoint"",""coordinates"":[]}"
00000000000000002fbd_0,5944,5821,1377,2397,3992,4343,4707,4778,4780,4692,"{""type"":""MultiPoint"",""coordinates"":[]}"
00000000000000002fc2_0,7277,6707,2364,3609,4972,5378,5589,5664,6047,5899,"{""type"":""MultiPoint"",""coordinates"":[]}"
00000000000000002fc3_0,2344,1500,505,660,734,1026,1823,2059,2063,2176,"{""type"":""MultiPoint"",""coordinates"":[]}"
00000000000000002fc4_0,1048,525,266,466,292,686,1754,2100,2068,2243,"{""type"":""MultiPoint"",""coordinates"":[]}"
00000000000000002fc7_0,3055,2932,1359,1694,1995,2056,2018,2079,2204,2138,"{""type"":""MultiPoint"",""coordinates"":[]}"
00000000000000002fca_0,7326,6694,885,1878,4170,4663,4897,5090,5330,5229,"{""type"":""MultiPoint"",""coordinates"":[]}"
00000000000000002fcf_0,6137,5889,1841,2852,4263,4649,4746,4872,5092,4933,"{""type"":""MultiPoint"",""coordinates"":[]}"
00000000000000002fd2_0,4338,3850,875,1408,2345,2528,2678,2792,2981,2774,"{""type"":""MultiPoint"",""coordinates"":[]}"
00000000000000002fd4_0,3340,2626,732,1111,1367,1790,2362,2629,2653,2994,"{""type"":""MultiPoint"",""coordinates"":[]}"
00000000000000002fd7_0,7275,7255,2309,3358,4617,5128,5247,5428,5634,5500,"{""type"":""MultiPoint"",""coordinates"":[]}"
00000000000000002fd9_0,1658,894,482,668,445,896,2354,2758,2828,3028,"{""type"":""MultiPoint"",""coordinates"":[]}"
00000000000000002fdc_0,2957,2355,760,1149,1439,1737,2004,2134,2336,2370,"{""type"":""MultiPoint"",""coordinates"":[]}"
00000000000000002fdf_0,6029,5614,2133,2843,4094,4396,4517,4610,4874,4688,"{""type"":""MultiPoint"",""coordinates"":[]}"
00000000000000002fe5_0,3205,2782,1032,1249,1457,1722,2045,2193,2371,2434,"{""type"":""MultiPoint"",""coordinates"":[]}"
00000000000000002fe6_0,1708,959,180,423,301,832,2040,2359,2594,2549,"{""type"":""MultiPoint"",""coordinates"":[]}"
00000000000000002fec_0,6777,6321,1595,2919,4757,5161,5326,5365,5619,5381,"{""type"":""MultiPoint"",""coordinates"":[]}"
00000000000000002fee_0,1487,673,76,405,290,861,2639,2928,3269,3189,"{""type"":""MultiPoint"",""coordinates"":[]}"
00000000000000002ff4_0,6514,6145,1154,2396,4493,4866,5012,5178,5441,5147,"{""type"":""MultiPoint"",""coordinates"":[]}"
00000000000000002ff6_0,1492,961,430,662,547,988,2399,3050,3049,3152,"{""type"":""MultiPoint"",""coordinates"":[]}"
00000000000000002ff9_0,6237,5474,1970,3131,4283,4691,4807,4900,5181,4992,"{""type"":""MultiPoint"",""coordinates"":[]}"
00000000000000002ffa_0,1873,1801,685,886,1319,1516,1526,1616,1628,1628,"{""type"":""MultiPoint"",""coordinates"":[]}"
00000000000000002ffb_0,1807,1008,207,414,382,819,1712,1932,2204,2269,"{""type"":""MultiPoint"",""coordinates"":[]}"
00000000000000003001_0,6999,6467,1220,2411,4380,4814,5034,5170,5275,5037,"{""type"":""MultiPoint"",""coordinates"":[]}"
00000000000000003003_0,820,383,15,158,135,395,1024,1169,1426,1389,"{""type"":""MultiPoint"",""coordinates"":[]}"
00000000000000003006_0,6930,6453,1641,2841,4762,5232,5406,5490,5671,5590,"{""type"":""MultiPoint"",""coordinates"":[]}"
00000000000000003009_0,5485,4686,1659,2644,3892,4200,4328,4453,4713,4553,"{""type"":""MultiPoint"",""coordinates"":[]}"
0000000000000000300b_0,2973,2813,1013,1402,1854,2034,2109,2221,2320,2331,"{""type"":""MultiPoint"",""coordinates"":[]}"
00000000000000003016_0,5793,5328,1620,2699,3883,4172,4272,4322,4521,4246,"{""type"":""MultiPoint"",""coordinates"":[]}"
0000000000000000301b_0,6140,5207,1981,2758,3737,4032,4166,4349,4758,4626,"{""type"":""MultiPoint"",""coordinates"":[]}"
0000000000000000301d_0,887,371,210,317,203,513,1846,2366,2398,2550,"{""type"":""MultiPoint"",""coordinates"":[]}"
00000000000000003023_0,7365,6557,1049,2128,4398,5193,5324,5465,5438,5498,"{""type"":""MultiPoint"",""coordinates"":[]}"
00000000000000003025_0,2049,853,1,284,164,784,3035,3632,3828,4078,"{""type"":""MultiPoint"",""coordinates"":[]}"
0000000000000000302b_0,5347,5021,1431,2145,3299,3563,3716,3807,3943,3754,"{""type"":""MultiPoint"",""coordinates"":[]}"
00000000000000003031_0,3450,3045,1371,1989,2325,2874,3362,3432,3601,3521,"{""type"":""MultiPoint"",""coordinates"":[]}"
00000000000000003032_0,786,382,136,206,158,342,893,1021,1199,1139,"{""type"":""MultiPoint"",""coordinates"":[]}"
00000000000000003038_0,5861,5463,1793,2672,3765,4105,4241,4344,4511,4379,"{""type"":""MultiPoint"",""coordinates"":[]}"
0000000000000000303a_0,2252,981,331,546,288,899,3734,4754,4804,5067,"{""type"":""MultiPoint"",""coordinates"":[]}"
0000000000000000303d_0,2511,2471,924,1444,1914,1988,2133,2122,2223,2175,"{""type"":""MultiPoint"",""coordinates"":[]}"
0000000000000000303e_0,1936,1267,499,622,490,878,1966,2286,2375,2514,"{""type"":""MultiPoint"",""coordinates"":[]}"
00000000000000003045_0,5399,4307,1332,1916,2879,3187,3355,3532,3711,3625,"{""type"":""MultiPoint"",""coordinates"":[]}"
00000000000000003047_0,1948,1253,384,548,692,980,1499,1744,1911,1969,"{""type"":""MultiPoint"",""coordinates"":[]}"
0000000000000000304a_0,6262,6360,2145,3140,4285,4608,4640,4820,4951,4926,"{""type"":""MultiPoint"",""coordinates"":[]}"
00000000000000003052_0,6876,5616,2445,3478,4538,5036,5178,5322,5609,5483,"{""type"":""MultiPoint"",""coordinates"":[]}"
00000000000000003053_0,1739,772,248,495,303,779,2610,3136,3126,3369,"{""type"":""MultiPoint"",""coordinates"":[]}"
00000000000000003054_0,1896,861,349,644,385,1026,3059,3385,3483,3732,"{""type"":""MultiPoint"",""coordinates"":[]}"
00000000000000003057_0,3113,3161,1048,1381,1714,1875,1974,2061,2105,2101,"{""type"":""MultiPoint"",""coordinates"":[]}"
0000000000000000305a_0,5574,5005,1049,1826,3019,3333,3462,3557,3633,3478,"{""type"":""MultiPoint"",""coordinates"":[]}"
0000000000000000305f_0,4893,4809,1555,2267,3489,3764,3934,3918,4124,3978,"{""type"":""MultiPoint"",""coordinates"":[]}"
00000000000000003062_0,2865,3050,976,1437,1800,1920,1944,1987,2025,1962,"{""type"":""MultiPoint"",""coordinates"":[]}"
00000000000000003067_0,5968,6121,2067,2833,3808,4178,4219,4403,4537,4533,"{""type"":""MultiPoint"",""coordinates"":[]}"
00000000000000003069_0,1971,1224,379,593,483,977,2187,2633,2704,2845,"{""type"":""MultiPoint"",""coordinates"":[]}"
0000000000000000306c_0,3641,3111,1028,1542,1974,2388,2406,2561,2581,2633,"{""type"":""MultiPoint"",""coordinates"":[]}"
0000000000000000306f_0,5961,5876,1535,2469,3910,4309,4379,4521,4673,4535,"{""type"":""MultiPoint"",""coordinates"":[]}"
00000000000000003074_0,3372,3193,1722,2375,3021,3244,3234,3230,3376,3259,"{""type"":""MultiPoint"",""coordinates"":[]}"
00000000000000003079_0,2041,1692,325,506,578,976,1117,1401,1329,1596,"{""type"":""MultiPoint"",""coordinates"":[]}"
0000000000000000307c_0,6952,6561,1631,2954,4946,5145,5514,5473,5932,5582,"{""type"":""MultiPoint"",""coordinates"":[]}"
00000000000000003081_0,6282,5783,1622,2479,4013,4418,4522,4749,4899,4821,"{""type"":""MultiPoint"",""coordinates"":[]}"
00000000000000003084_0,5216,4841,1330,2175,3437,3705,3814,3920,4051,3851,"{""type"":""MultiPoint"",""coordinates"":[]}"
00000000000000003089_0,7590,7077,2243,3533,5032,5517,5637,5843,6035,5971,"{""type"":""MultiPoint"",""coordinates"":[]}"
0000000000000000308b_0,2426,1530,609,911,1084,1487,2546,2791,2657,2770,"{""type"":""MultiPoint"",""coordinates"":[]}"
0000000000000000308e_0,1657,1430,888,1105,1349,1518,1686,1746,1765,1700,"{""type"":""MultiPoint"",""coordinates"":[]}"
00000000000000003093_0,1362,580,166,321,155,579,1984,2467,2601,2614,"{""type"":""MultiPoint"",""coordinates"":[]}"
00000000000000003096_0,3482,2985,742,1129,1686,1836,2038,2007,2026,2190,"{""type"":""MultiPoint"",""coordinates"":[]}"
00000000000000003097_0,1778,961,244,487,335,882,2386,2781,2746,3013,"{""type"":""MultiPoint"",""coordinates"":[]}"
0000000000000000309e_0,5486,5209,1835,2765,3877,4211,4339,4475,4622,4404,"{""type"":""MultiPoint"",""coordinates"":[]}"
000000000000000030a6_0,6496,6488,1725,2972,4593,5003,5071,5258,5477,5239,"{""type"":""MultiPoint"",""coordinates"":[]}"
000000000000000030a8_0,2538,2206,1106,1503,1636,1906,1976,2120,2148,2107,"{""type"":""MultiPoint"",""coordinates"":[]}"
000000000000000030ac_0,3840,2838,1296,1614,2050,2594,2872,3206,3319,3299,"{""type"":""MultiPoint"",""coordinates"":[]}"
000000000000000030b0_0,2951,2867,1075,1437,1674,1831,1898,1937,2016,1965,"{""type"":""MultiPoint"",""coordinates"":[]}"
000000000000000030b5_0,1312,640,246,466,321,843,1864,2103,2308,2394,"{""type"":""MultiPoint"",""coordinates"":[]}"
000000000000000030b8_0,6464,5951,1871,2942,4318,4761,4878,5071,5289,5166,"{""type"":""MultiPoint"",""coordinates"":[]}"
000000000000000030bb_0,4578,4275,1144,1713,2470,2688,2772,2897,2997,2846,"{""type"":""MultiPoint"",""coordinates"":[]}"
000000000000000030c0_0,6989,6869,2335,3526,4853,5232,5394,5564,5842,5598,"{""type"":""MultiPoint"",""coordinates"":[]}"
000000000000000030c2_0,1829,848,395,756,363,1138,2929,3326,3301,3563,"{""type"":""MultiPoint"",""coordinates"":[]}"
000000000000000030c6_0,1857,1470,552,1065,920,1508,2364,2484,2828,2730,"{""type"":""MultiPoint"",""coordinates"":[]}"
000000000000000030c8_0,5309,4595,1464,2224,3228,3502,3628,3704,3735,3632,"{""type"":""MultiPoint"",""coordinates"":[]}"
000000000000000030ca_0,1637,1060,574,647,569,864,1497,1719,1699,1932,"{""type"":""MultiPoint"",""coordinates"":[]}"
000000000000000030ce_0,1728,1455,629,761,891,1093,1451,1552,1671,1661,"{""type"":""MultiPoint"",""coordinates"":[]}"
000000000000000030d5_0,6934,6411,1731,2829,4489,4918,5089,5263,5465,5333,"{""type"":""MultiPoint"",""coordinates"":[]}"
000000000000000030d7_0,2383,1115,292,709,327,1256,3748,4480,4377,4770,"{""type"":""MultiPoint"",""coordinates"":[]}"
000000000000000030da_0,6843,6652,2106,3346,4918,5366,5488,5626,5979,5688,"{""type"":""MultiPoint"",""coordinates"":[]}"
000000000000000030dd_0,2288,2142,1052,1440,2096,2213,2257,2279,2363,2231,"{""type"":""MultiPoint"",""coordinates"":[]}"
000000000000000030df_0,2984,2590,624,967,1123,1680,2089,2379,2348,2663,"{""type"":""MultiPoint"",""coordinates"":[]}"
000000000000000030e4_0,1495,1040,458,629,771,1129,1329,1204,1278,1445,"{""type"":""MultiPoint"",""coordinates"":[]}"
000000000000000030e7_0,2771,2814,1096,1412,1722,1794,1927,2026,2111,2046,"{""type"":""MultiPoint"",""coordinates"":[]}"
000000000000000030ea_0,7208,6619,1044,2003,4188,4704,4929,5097,5226,5002,"{""type"":""MultiPoint"",""coordinates"":[]}"
000000000000000030ef_0,2240,2203,772,1056,1586,1777,1864,1849,1911,1865,"{""type"":""MultiPoint"",""coordinates"":[]}"
000000000000000030f4_0,2411,1417,528,856,680,1330,3096,3613,3776,3903,"{""type"":""MultiPoint"",""coordinates"":[]}"
000000000000000030f9_0,2687,1154,325,640,331,1127,3846,4583,4774,4966,"{""type"":""MultiPoint"",""coordinates"":[]}"
00000000000000003101_0,2235,1675,608,893,813,1324,2265,2486,2646,2802,"{""type"":""MultiPoint"",""coordinates"":[]}"
00000000000000003104_0,4412,3810,1360,1899,2573,2704,2800,2959,3181,3142,"{""type"":""MultiPoint"",""coordinates"":[]}"
00000000000000003105_0,3425,2582,778,1049,1324,1622,1828,1960,2128,2235,"{""type"":""MultiPoint"",""coordinates"":[]}"
00000000000000003109_0,2594,2377,1348,1693,1905,1989,2150,2158,2243,2200,"{""type"":""MultiPoint"",""coordinates"":[]}"
00000000000000003111_0,7107,6791,1119,1999,4251,4753,4962,5223,5531,5295,"{""type"":""MultiPoint"",""coordinates"":[]}"
00000000000000003116_0,2667,2044,446,657,878,1138,1323,1482,1653,1727,"{""type"":""MultiPoint"",""coordinates"":[]}"
00000000000000003119_0,7283,7038,2148,3410,4923,5462,5534,5749,5929,5720,"{""type"":""MultiPoint"",""coordinates"":[]}"
0000000000000000311a_0,3387,2917,1315,1831,2450,2841,3049,3137,3243,3221,"{""type"":""MultiPoint"",""coordinates"":[]}"
0000000000000000311b_0,1107,469,182,360,203,577,2167,2817,3035,2923,"{""type"":""MultiPoint"",""coordinates"":[]}"
0000000000000000311e_0,2100,1847,390,655,797,906,1012,1139,1150,1263,"{""type"":""MultiPoint"",""coordinates"":[]}"
0000000000000000311f_0,2267,1159,488,725,566,1156,2781,3722,3652,3907,"{""type"":""MultiPoint"",""coordinates"":[]}"
00000000000000003121_0,3710,3400,987,1370,1938,2048,2146,2192,2404,2319,"{""type"":""MultiPoint"",""coordinates"":[]}"
00000000000000003126_0,904,886,41,146,217,275,424,368,388,469,"{""type"":""MultiPoint"",""coordinates"":[]}"
00000000000000003127_0,2103,1020,288,514,338,930,2487,2911,3039,3214,"{""type"":""MultiPoint"",""coordinates"":[]}"
0000000000000000312e_0,3870,3631,1269,1989,3025,3265,3266,3316,3483,3289,"{""type"":""MultiPoint"",""coordinates"":[]}"
00000000000000003133_0,6505,6530,2126,3209,4435,4767,4804,5019,5210,5133,"{""type"":""MultiPoint"",""coordinates"":[]}"
00000000000000003136_0,5481,5445,1683,2478,3814,4147,4238,4377,4552,4396,"{""type"":""MultiPoint"",""coordinates"":[]}"
0000000000000000313b_0,6778,6254,2223,3100,4124,4497,4600,4823,5162,5010,"{""type"":""MultiPoint"",""coordinates"":[]}"
0000000000000000313c_0,1793,708,145,384,174,754,2931,3541,3624,3837,"{""type"":""MultiPoint"",""coordinates"":[]}"
0000000000000000313d_0,746,377,245,308,223,392,1008,1201,1237,1280,"{""type"":""MultiPoint"",""coordinates"":[]}"
00000000000000003140_0,2749,2390,1305,1684,1812,1946,2088,2148,2110,2155,"{""type"":""MultiPoint"",""coordinates"":[]}"
00000000000000003143_0,6265,5659,1339,2190,3586,3990,4106,4225,4279,4148,"{""type"":""MultiPoint"",""coordinates"":[]}"
00000000000000003148_0,4878,4686,1858,2575,3475,3716,3705,3839,3975,3835,"{""type"":""MultiPoint"",""coordinates"":[]}"
0000000000000000314b_0,4859,4835,1208,1947,3307,3553,3666,3745,3923,3755,"{""type"":""MultiPoint"",""coordinates"":[]}"
00000000000000003150_0,7568,7383,2154,3415,4865,5282,5423,5667,5882,5744,"{""type"":""MultiPoint"",""coordinates"":[]}"
00000000000000003158_0,4547,4323,1136,1798,2584,2798,2849,2923,3035,2866,"{""type"":""MultiPoint"",""coordinates"":[]}"
0000000000000000315e_0,4246,3567,1452,1841,2239,2533,2847,3019,3314,3310,"{""type"":""MultiPoint"",""coordinates"":[]}"
00000000000000003162_0,2795,2504,889,1330,1785,1967,2182,2237,2292,2306,"{""type"":""MultiPoint"",""coordinates"":[]}"
0000000000000000316a_0,5726,5295,855,1689,3490,3933,4103,4240,4422,4326,"{""type"":""MultiPoint"",""coordinates"":[]}"
0000000000000000316d_0,3600,3283,1393,1922,2808,3048,3088,3124,3197,3085,"{""type"":""MultiPoint"",""coordinates"":[]}"
0000000000000000316f_0,1780,1089,384,815,617,1453,2847,3169,3280,3265,"{""type"":""MultiPoint"",""coordinates"":[]}"
00000000000000003172_0,7527,7171,1918,3191,4844,5275,5475,5694,5975,5748,"{""type"":""MultiPoint"",""coordinates"":[]}"
00000000000000003174_0,2278,1551,715,1022,952,1456,2227,2362,2387,2544,"{""type"":""MultiPoint"",""coordinates"":[]}"
00000000000000003177_0,4734,4713,2199,2882,3249,3346,3275,3518,3706,3493,"{""type"":""MultiPoint"",""coordinates"":[]}"
0000000000000000317a_0,3875,3257,878,1257,1719,1845,1877,1995,2139,2149,"{""type"":""MultiPoint"",""coordinates"":[]}"
0000000000000000317c_0,1610,1161,765,932,852,1090,1621,1791,1745,1917,"{""type"":""MultiPoint"",""coordinates"":[]}"
00000000000000003180_0,2600,1682,549,923,924,1390,2412,2605,2702,2846,"{""type"":""MultiPoint"",""coordinates"":[]}"
00000000000000003182_0,5575,4915,2162,3126,4233,4536,4609,4698,4984,4779,"{""type"":""MultiPoint"",""coordinates"":[]}"
00000000000000003184_0,3249,2610,953,1580,1692,2430,3516,3804,3729,3878,"{""type"":""MultiPoint"",""coordinates"":[]}"
00000000000000003187_0,7100,6967,2412,3642,5100,5560,5603,5784,5946,5871,"{""type"":""MultiPoint"",""coordinates"":[]}"
00000000000000003189_0,3083,2377,602,884,1206,1556,1877,2075,2222,2324,"{""type"":""MultiPoint"",""coordinates"":[]}"
0000000000000000318f_0,6488,6498,1705,2844,4384,4903,4960,5029,5231,5205,"{""type"":""MultiPoint"",""coordinates"":[]}"
00000000000000003194_0,7125,6415,2621,3735,5016,5441,5519,5708,6059,5890,"{""type"":""MultiPoint"",""coordinates"":[]}"
00000000000000003195_0,1930,1370,489,611,669,793,1257,1449,1610,1629,"{""type"":""MultiPoint"",""coordinates"":[]}"
00000000000000003196_0,1732,684,235,471,238,814,2969,3650,3726,3939,"{""type"":""MultiPoint"",""coordinates"":[]}"
00000000000000003199_0,2396,2377,1100,1385,1601,1521,1623,1539,1828,1696,"{""type"":""MultiPoint"",""coordinates"":[]}"
0000000000000000319c_0,6334,5939,1443,2436,4098,4463,4618,4702,4927,4678,"{""type"":""MultiPoint"",""coordinates"":[]}"
0000000000000000319e_0,1546,730,290,590,278,885,2825,3459,3540,3862,"{""type"":""MultiPoint"",""coordinates"":[]}"
000000000000000031a1_0,6264,5998,1568,2634,4288,4658,4856,4933,5244,5008,"{""type"":""MultiPoint"",""coordinates"":[]}"
000000000000000031a4_0,5708,5252,1986,2781,4034,4382,4450,4541,4652,4514,"{""type"":""MultiPoint"",""coordinates"":[]}"
000000000000000031a6_0,2937,1921,631,1026,1159,1864,2551,2836,2939,3266,"{""type"":""MultiPoint"",""coordinates"":[]}"
000000000000000031a9_0,5424,4883,1161,1934,2987,3258,3359,3477,3511,3346,"{""type"":""MultiPoint"",""coordinates"":[]}"
000000000000000031ab_0,1429,580,240,447,225,730,2324,2894,2877,3069,"{""type"":""MultiPoint"",""coordinates"":[]}"
000000000000000031ae_0,2300,2231,1190,1418,1627,1714,1818,1807,1948,1902,"{""type"":""MultiPoint"",""coordinates"":[]}"
000000000000000031b1_0,3317,2910,697,972,1336,1585,1767,1736,1692,2032,"{""type"":""MultiPoint"",""coordinates"":[]}"
000000000000000031b3_0,1432,700,135,310,138,558,2060,2824,2796,3028,"{""type"":""MultiPoint"",""coordinates"":[]}"
000000000000000031b7_0,3999,3531,1159,1486,1820,2175,2597,2711,2788,2967,"{""type"":""MultiPoint"",""coordinates"":[]}"
000000000000000031bb_0,1255,862,425,809,724,1228,1449,1551,1619,1557,"{""type"":""MultiPoint"",""coordinates"":[]}"
000000000000000031c0_0,884,373,1,186,99,461,1680,1995,1758,1925,"{""type"":""MultiPoint"",""coordinates"":[]}"
000000000000000031c3_0,7107,6408,2964,3937,5253,5704,5788,5985,6259,6110,"{""type"":""MultiPoint"",""coordinates"":[]}"
000000000000000031c6_0,5372,4801,1641,2310,3414,3766,3850,3947,4078,4019,"{""type"":""MultiPoint"",""coordinates"":[]}"
000000000000000031c8_0,1764,933,545,932,528,1354,3586,4503,4582,4832,"{""type"":""MultiPoint"",""coordinates"":[]}"
000000000000000031cb_0,6516,5421,2169,3155,4244,4507,4632,4813,5157,4882,"{""type"":""MultiPoint"",""coordinates"":[]}"
000000000000000031cc_0,2883,2691,1013,1229,1553,1806,2024,2211,2155,2337,"{""type"":""MultiPoint"",""coordinates"":[]}"
000000000000000031cd_0,1098,465,225,405,228,588,1724,1843,1958,2008,"{""type"":""MultiPoint"",""coordinates"":[]}"
000000000000000031d0_0,2969,3235,1164,1361,1628,1713,1762,1854,1926,1894,"{""type"":""MultiPoint"",""coordinates"":[]}"
000000000000000031d3_0,3547,2823,725,954,1244,1346,1391,1435,1440,1440,"{""type"":""MultiPoint"",""coordinates"":[]}"
000000000000000031d5_0,1506,669,239,440,243,688,2266,2441,2777,2838,"{""type"":""MultiPoint"",""coordinates"":[]}"
000000000000000031d8_0,3487,3133,1107,1691,2431,2647,2771,2889,3009,2907,"{""type"":""MultiPoint"",""coordinates"":[]}"
000000000000000031db_0,4048,3453,973,1520,2211,2403,2654,2798,3029,3007,"{""type"":""MultiPoint"",""coordinates"":[]}"
000000000000000031dd_0,3106,2374,870,1114,1321,1696,2412,2708,2856,3026,"{""type"":""MultiPoint"",""coordinates"":[]}"
000000000000000031e0_0,7575,7484,2664,3971,5438,5802,5987,6087,6478,6175,"{""type"":""MultiPoint"",""coordinates"":[]}"
000000000000000031e2_0,2132,1451,618,983,980,1436,2005,2272,2443,2472,"{""type"":""MultiPoint"",""coordinates"":[]}"
000000000000000031e8_0,5558,5258,1194,2059,3224,3490,3633,3788,3905,3729,"{""type"":""MultiPoint"",""coordinates"":[]}"
000000000000000031ed_0,3619,3363,1437,1904,2542,2750,2782,2823,2844,2776,"{""type"":""MultiPoint"",""coordinates"":[]}"
000000000000000031ee_0,2440,1843,779,970,1051,1371,1823,1976,2109,2173,"{""type"":""MultiPoint"",""coordinates"":[]}"
000000000000000031ef_0,973,408,150,299,186,521,1644,1855,2158,2161,"{""type"":""MultiPoint"",""coordinates"":[]}"
000000000000000031f5_0,7819,7044,1565,2799,5121,5693,5885,6085,6307,6145,"{""type"":""MultiPoint"",""coordinates"":[]}"
000000000000000031f7_0,2917,1285,266,604,315,1145,4487,5749,5661,5820,"{""type"":""MultiPoint"",""coordinates"":[]}"
000000000000000031fa_0,7050,6529,2353,3471,4788,5260,5353,5608,5730,5499,"{""type"":""MultiPoint"",""coordinates"":[]}"
000000000000000031fd_0,6269,6088,1554,2577,4448,4835,4919,5122,5250,5085,"{""type"":""MultiPoint"",""coordinates"":[]}"
000000000000000031ff_0,1742,839,287,681,439,1205,2744,3391,3434,3864,"{""type"":""MultiPoint"",""coordinates"":[]}"
00000000000000003202_0,7355,6814,1944,3128,4728,5209,5358,5541,5856,5682,"{""type"":""MultiPoint"",""coordinates"":[]}"
00000000000000003203_0,1732,1675,1115,1376,1670,1806,1842,1813,1846,1827,"{""type"":""MultiPoint"",""coordinates"":[]}"
00000000000000003204_0,1612,828,184,373,279,708,1960,2328,2485,2592,"{""type"":""MultiPoint"",""coordinates"":[]}"
00000000000000003207_0,5091,4765,2648,3349,3455,3575,3586,3630,3853,3687,"{""type"":""MultiPoint"",""coordinates"":[]}"
0000000000000000320a_0,4640,4209,1319,2052,3014,3144,3192,3362,3587,3343,"{""type"":""MultiPoint"",""coordinates"":[]}"
0000000000000000320f_0,2746,2229,682,1116,1515,1600,1650,1767,1802,1666,"{""type"":""MultiPoint"",""coordinates"":[]}"
00000000000000003212_0,5294,4512,1595,2513,3578,3975,4064,4124,4222,4170,"{""type"":""MultiPoint"",""coordinates"":[]}"
00000000000000003219_0,2372,1241,247,506,353,1061,3174,3920,4045,4240,"{""type"":""MultiPoint"",""coordinates"":[]}"
00000000000000003224_0,5669,5046,1752,2671,3771,4121,4181,4346,4566,4308,"{""type"":""MultiPoint"",""coordinates"":[]}"
00000000000000003225_0,1762,873,165,417,280,734,2238,2573,2712,2862,"{""type"":""MultiPoint"",""coordinates"":[]}"
00000000000000003226_0,1925,1111,297,478,454,835,1802,2172,2357,2317,"{""type"":""MultiPoint"",""coordinates"":[]}"
00000000000000003229_0,4007,3999,1918,2477,2797,2919,2904,2977,3056,2995,"{""type"":""MultiPoint"",""coordinates"":[]}"
0000000000000000322c_0,7566,7122,1344,2628,4714,5352,5518,5640,5773,5602,"{""type"":""MultiPoint"",""coordinates"":[]}"
0000000000000000322e_0,1733,739,188,436,201,833,2652,3207,3371,3587,"{""type"":""MultiPoint"",""coordinates"":[]}"
00000000000000003231_0,4081,3909,1285,1888,2765,3006,3055,3118,3194,3112,"{""type"":""MultiPoint"",""coordinates"":[]}"
00000000000000003234_0,4757,4433,1842,2486,3454,3695,3742,3794,3938,3772,"{""type"":""MultiPoint"",""coordinates"":[]}"
0000000000000000323b_0,2142,1109,328,622,419,1067,2664,3003,3034,3349,"{""type"":""MultiPoint"",""coordinates"":[]}"
00000000000000003241_0,5787,5211,1103,1995,3361,3754,3853,3944,4047,3839,"{""type"":""MultiPoint"",""coordinates"":[]}"
00000000000000003243_0,1163,539,366,523,311,765,2132,2697,2603,2940,"{""type"":""MultiPoint"",""coordinates"":[]}"
00000000000000003247_0,2558,2037,563,846,1043,1232,1497,1604,1725,1809,"{""type"":""MultiPoint"",""coordinates"":[]}"
0000000000000000324b_0,4348,3602,1344,2072,2393,3003,3587,3847,3836,3809,"{""type"":""MultiPoint"",""coordinates"":[]}"
0000000000000000324e_0,6542,6028,1659,2695,4211,4628,4777,4899,5036,4837,"{""type"":""MultiPoint"",""coordinates"":[]}"
00000000000000003250_0,1689,850,260,376,283,621,1989,2275,2401,2674,"{""type"":""MultiPoint"",""coordinates"":[]}"
00000000000000003253_0,7173,7002,1387,2301,4475,5017,5222,5404,5652,5440,"{""type"":""MultiPoint"",""coordinates"":[]}"
00000000000000003256_0,4540,3896,1784,2427,3446,3694,3776,3812,3995,3757,"{""type"":""MultiPoint"",""coordinates"":[]}"
00000000000000003258_0,2847,2457,922,1118,1299,1524,1569,1769,1807,1991,"{""type"":""MultiPoint"",""coordinates"":[]}"
0000000000000000325b_0,6964,5971,2023,3403,4872,5356,5494,5603,5786,5559,"{""type"":""MultiPoint"",""coordinates"":[]}"
0000000000000000325d_0,2281,1591,438,685,686,1338,2129,2165,2314,2386,"{""type"":""MultiPoint"",""coordinates"":[]}"
00000000000000003260_0,5550,5435,2826,3441,3593,3782,3786,3941,4062,3923,"{""type"":""MultiPoint"",""coordinates"":[]}"
00000000000000003265_0,1959,1045,293,480,433,869,2117,2446,2487,2653,"{""type"":""MultiPoint"",""coordinates"":[]}"
00000000000000003268_0,1152,1074,492,666,914,1024,1061,1114,1135,1188,"{""type"":""MultiPoint"",""coordinates"":[]}"
00000000000000003269_0,3271,3135,723,783,958,1078,1149,1260,1388,1484,"{""type"":""MultiPoint"",""coordinates"":[]}"
0000000000000000326b_0,6007,5635,1639,2568,3983,4351,4534,4661,4931,4708,"{""type"":""MultiPoint"",""coordinates"":[]}"
0000000000000000326d_0,3692,2832,986,1380,1800,2309,2749,3039,3201,3287,"{""type"":""MultiPoint"",""coordinates"":[]}"
00000000000000003270_0,7131,7023,2472,3683,5065,5541,5604,5779,5986,5818,"{""type"":""MultiPoint"",""coordinates"":[]}"
00000000000000003272_0,603,325,141,198,124,273,722,896,1013,1138,"{""type"":""MultiPoint"",""coordinates"":[]}"
00000000000000003278_0,6503,6433,2055,3110,4358,4767,4881,5026,5168,5073,"{""type"":""MultiPoint"",""coordinates"":[]}"
0000000000000000327a_0,3036,2107,739,1096,1362,1761,2445,2778,2993,3001,"{""type"":""MultiPoint"",""coordinates"":[]}"
0000000000000000327d_0,6541,5896,2111,3158,4386,4785,4847,5046,5367,5230,"{""type"":""MultiPoint"",""coordinates"":[]}"
0000000000000000327e_0,2687,1655,401,696,807,1391,2462,2861,2922,3094,"{""type"":""MultiPoint"",""coordinates"":[]}"
0000000000000000327f_0,1206,580,171,354,272,630,1765,2047,2169,2264,"{""type"":""MultiPoint"",""coordinates"":[]}"
00000000000000003282_0,4307,4274,2217,2837,3162,3223,3193,3272,3424,3202,"{""type"":""MultiPoint"",""coordinates"":[]}"
00000000000000003285_0,7332,6561,1280,2190,4381,4912,5180,5333,5464,5307,"{""type"":""MultiPoint"",""coordinates"":[]}"
00000000000000003287_0,1690,770,195,364,209,711,2249,2943,3107,3254,"{""type"":""MultiPoint"",""coordinates"":[]}"
0000000000000000328a_0,5735,5219,1864,2769,3907,4299,4442,4566,4736,4694,"{""type"":""MultiPoint"",""coordinates"":[]}"
0000000000000000328d_0,5995,5666,663,3615,4813,5068,5097,5167,5462,5066,"{""type"":""MultiPoint"",""coordinates"":[]}"
0000000000000000328f_0,2144,1160,306,514,410,978,2260,2737,2882,3032,"{""type"":""MultiPoint"",""coordinates"":[]}"
00000000000000003292_0,6847,6499,1165,2254,4239,4769,4949,5064,5193,4985,"{""type"":""MultiPoint"",""coordinates"":[]}"
00000000000000003298_0,2073,1435,384,452,527,758,1047,1214,1436,1517,"{""type"":""MultiPoint"",""coordinates"":[]}"
0000000000000000329a_0,3967,3643,1172,1731,2442,2611,2669,2780,2926,2892,"{""type"":""MultiPoint"",""coordinates"":[]}"
000000000000000032a0_0,1642,869,299,421,327,676,1805,2151,2130,2309,"{""type"":""MultiPoint"",""coordinates"":[]}"
000000000000000032a7_0,6558,6212,2054,3223,4717,5101,5165,5314,5552,5301,"{""type"":""MultiPoint"",""coordinates"":[]}"
000000000000000032a9_0,1999,1528,288,538,713,1126,1692,1903,1938,2077,"{""type"":""MultiPoint"",""coordinates"":[]}"
000000000000000032af_0,5181,5067,1218,2044,3373,3701,3844,3922,4148,4027,"{""type"":""MultiPoint"",""coordinates"":[]}"
000000000000000032b1_0,1777,897,347,655,320,987,3098,3909,4007,4083,"{""type"":""MultiPoint"",""coordinates"":[]}"
000000000000000032b4_0,6564,6006,1547,2719,4439,4850,5026,5165,5376,5146,"{""type"":""MultiPoint"",""coordinates"":[]}"
000000000000000032b5_0,2440,2240,665,979,1484,1679,1702,1850,1970,1943,"{""type"":""MultiPoint"",""coordinates"":[]}"
000000000000000032b6_0,1269,536,380,503,289,746,2123,2563,2585,2691,"{""type"":""MultiPoint"",""coordinates"":[]}"
000000000000000032bc_0,4178,3740,950,1444,2136,2270,2428,2445,2661,2518,"{""type"":""MultiPoint"",""coordinates"":[]}"
000000000000000032be_0,1350,568,93,296,169,653,1991,2427,2543,2667,"{""type"":""MultiPoint"",""coordinates"":[]}"
000000000000000032c1_0,3860,3936,1324,1789,2502,2684,2778,2824,2924,2830,"{""type"":""MultiPoint"",""coordinates"":[]}"
000000000000000032c4_0,6027,6032,2058,2810,3889,4193,4283,4422,4663,4500,"{""type"":""MultiPoint"",""coordinates"":[]}"
000000000000000032c6_0,3675,2907,797,1096,1395,1834,2208,2472,2627,2770,"{""type"":""MultiPoint"",""coordinates"":[]}"
000000000000000032c9_0,7388,7194,2052,3254,4646,5051,5254,5455,5602,5456,"{""type"":""MultiPoint"",""coordinates"":[]}"
000000000000000032cb_0,2083,928,329,616,340,986,2973,3634,3643,3909,"{""type"":""MultiPoint"",""coordinates"":[]}"
000000000000000032d1_0,3387,3226,860,1171,1589,1776,1810,1875,2005,1994,"{""type"":""MultiPoint"",""coordinates"":[]}"
000000000000000032d3_0,2060,940,188,495,259,889,2886,3501,3615,3796,"{""type"":""MultiPoint"",""coordinates"":[]}"
000000000000000032d6_0,2384,2111,1099,1496,1860,1958,1946,1923,2018,1948,"{""type"":""MultiPoint"",""coordinates"":[]}"
000000000000000032d7_0,5067,4375,1571,1994,2426,2811,2981,3194,3285,3571,"{""type"":""MultiPoint"",""coordinates"":[]}"
000000000000000032d8_0,2824,2521,1289,1535,1720,1901,1970,2093,2034,2158,"{""type"":""MultiPoint"",""coordinates"":[]}"
000000000000000032de_0,6950,6209,2106,3481,5330,5684,5936,5714,6247,5877,"{""type"":""MultiPoint"",""coordinates"":[]}"
000000000000000032e0_0,1947,1539,434,682,948,1193,1524,1638,1718,1859,"{""type"":""MultiPoint"",""coordinates"":[]}"
000000000000000032e3_0,5534,5076,1789,2769,3969,4251,4469,4590,4879,4581,"{""type"":""MultiPoint"",""coordinates"":[]}"
000000000000000032e8_0,2744,1735,669,949,1062,1564,2268,2762,2763,2986,"{""type"":""MultiPoint"",""coordinates"":[]}"
000000000000000032ed_0,1210,496,226,322,220,543,1722,2172,2075,2331,"{""type"":""MultiPoint"",""coordinates"":[]}"
000000000000000032f3_0,2823,2734,1408,1831,2419,2585,2551,2616,2599,2572,"{""type"":""MultiPoint"",""coordinates"":[]}"
000000000000000032f5_0,51,31,497,743,549,533,204,218,154,133,"{""type"":""MultiPoint"",""coordinates"":[]}"
000000000000000032f8_0,1909,1605,797,1085,1388,1560,1663,1821,1846,1861,"{""type"":""MultiPoint"",""coordinates"":[]}"
000000000000000032f9_0,3310,2363,929,1254,1238,1709,2533,2825,2981,3108,"{""type"":""MultiPoint"",""coordinates"":[]}"
000000000000000032fd_0,2870,2595,1187,1501,1677,1884,2634,2858,3119,3046,"{""type"":""MultiPoint"",""coordinates"":[]}"
00000000000000003300_0,5942,5332,1859,2952,4156,4489,4634,4758,5040,4803,"{""type"":""MultiPoint"",""coordinates"":[]}"
00000000000000003302_0,2603,1969,552,955,1588,1802,1950,2036,1994,1970,"{""type"":""MultiPoint"",""coordinates"":[]}"
00000000000000003305_0,6020,5299,2676,3592,4548,4885,4957,5025,5162,5136,"{""type"":""MultiPoint"",""coordinates"":[]}"
0000000000000000330a_0,1262,582,292,489,275,655,2283,3332,3212,3599,"{""type"":""MultiPoint"",""coordinates"":[]}"
0000000000000000330d_0,7228,6409,2337,3583,4988,5555,5764,5863,6033,6016,"{""type"":""MultiPoint"",""coordinates"":[]}"
0000000000000000330e_0,2263,1468,464,652,789,1102,1543,1741,1768,1924,"{""type"":""MultiPoint"",""coordinates"":[]}"
0000000000000000330f_0,1378,628,347,474,335,741,1841,2286,2408,2597,"{""type"":""MultiPoint"",""coordinates"":[]}"
00000000000000003315_0,7612,6957,1417,2629,4890,5439,5704,5878,6074,5864,"{""type"":""MultiPoint"",""coordinates"":[]}"
00000000000000003317_0,1073,474,259,440,235,652,1949,2888,2859,2831,"{""type"":""MultiPoint"",""coordinates"":[]}"
0000000000000000331a_0,5255,5096,1559,2293,3475,3826,3909,3996,4021,3947,"{""type"":""MultiPoint"",""coordinates"":[]}"
0000000000000000331d_0,5621,5267,1781,2631,3925,4268,4380,4489,4681,4517,"{""type"":""MultiPoint"",""coordinates"":[]}"
00000000000000003322_0,7115,6732,1605,2795,4683,5160,5341,5462,5629,5416,"{""type"":""MultiPoint"",""coordinates"":[]}"
00000000000000003324_0,2125,936,301,496,294,832,2519,2939,3170,3436,"{""type"":""MultiPoint"",""coordinates"":[]}"
00000000000000003327_0,4155,3654,1334,1995,2738,2996,3078,3169,3332,3147,"{""type"":""MultiPoint"",""coordinates"":[]}"
0000000000000000332c_0,2577,1607,410,722,715,1228,1971,2235,2472,2540,"{""type"":""MultiPoint"",""coordinates"":[]}"
00000000000000003330_0,1671,1365,611,758,824,1041,1375,1526,1572,1615,"{""type"":""MultiPoint"",""coordinates"":[]}"
00000000000000003334_0,2027,1224,225,528,536,951,1812,2079,2320,2340,"{""type"":""MultiPoint"",""coordinates"":[]}"
00000000000000003337_0,7862,7329,1282,2455,4578,5202,5344,5521,5583,5628,"{""type"":""MultiPoint"",""coordinates"":[]}"
00000000000000003339_0,2073,1454,456,726,803,1276,2273,2522,2550,2720,"{""type"":""MultiPoint"",""coordinates"":[]}"
0000000000000000333c_0,6752,6562,1181,2281,4250,4701,4924,5124,5369,5155,"{""type"":""MultiPoint"",""coordinates"":[]}"
00000000000000003344_0,7068,6413,1845,3213,4852,5303,5454,5599,5743,5579,"{""type"":""MultiPoint"",""coordinates"":[]}"
00000000000000003346_0,1629,700,296,419,252,731,2199,2698,2668,2964,"{""type"":""MultiPoint"",""coordinates"":[]}"
0000000000000000334c_0,5443,5176,1764,2581,3866,4209,4387,4472,4514,4450,"{""type"":""MultiPoint"",""coordinates"":[]}"
0000000000000000334e_0,1451,855,337,462,419,686,1574,1986,2172,2288,"{""type"":""MultiPoint"",""coordinates"":[]}"
00000000000000003351_0,3827,3516,1184,1744,2616,2882,2892,3003,3139,3073,"{""type"":""MultiPoint"",""coordinates"":[]}"
00000000000000003354_0,4731,4262,1447,2187,3214,3515,3564,3622,3715,3652,"{""type"":""MultiPoint"",""coordinates"":[]}"
00000000000000003356_0,2831,1944,567,918,876,1473,2485,2793,3013,3114,"{""type"":""MultiPoint"",""coordinates"":[]}"
00000000000000003359_0,7631,7463,2267,3651,5369,5850,5956,6187,6472,6290,"{""type"":""MultiPoint"",""coordinates"":[]}"
0000000000000000335b_0,2475,1270,419,764,584,1259,2949,3560,3471,3646,"{""type"":""MultiPoint"",""coordinates"":[]}"
00000000000000003361_0,6811,6506,1760,2836,4310,4714,4837,5005,5170,4992,"{""type"":""MultiPoint"",""coordinates"":[]}"
00000000000000003363_0,1638,940,513,807,770,1174,1817,1974,2273,2297,"{""type"":""MultiPoint"",""coordinates"":[]}"
00000000000000003366_0,5257,4998,1464,2341,3398,3783,3852,3940,4127,4017,"{""type"":""MultiPoint"",""coordinates"":[]}"
0000000000000000336e_0,7973,7395,1298,2355,4996,5625,5893,6105,6330,6167,"{""type"":""MultiPoint"",""coordinates"":[]}"
00000000000000003370_0,1384,794,153,235,252,517,1165,1461,1497,1666,"{""type"":""MultiPoint"",""coordinates"":[]}"
00000000000000003373_0,6081,5607,1447,2477,4052,4483,4680,4770,4878,4755,"{""type"":""MultiPoint"",""coordinates"":[]}"
00000000000000003376_0,5225,4925,2076,2911,3990,4266,4308,4427,4616,4360,"{""type"":""MultiPoint"",""coordinates"":[]}"
00000000000000003378_0,3261,2623,819,1081,1344,1607,1786,1959,2182,2252,"{""type"":""MultiPoint"",""coordinates"":[]}"
0000000000000000337b_0,5627,5144,1258,1945,3328,3747,3959,4072,4105,3957,"{""type"":""MultiPoint"",""coordinates"":[]}"
00000000000000003383_0,6116,5646,2143,3027,4192,4552,4619,4793,4912,4813,"{""type"":""MultiPoint"",""coordinates"":[]}"
00000000000000003385_0,2019,1231,429,755,718,1158,2644,3148,2963,3460,"{""type"":""MultiPoint"",""coordinates"":[]}"
00000000000000003389_0,1480,714,237,395,259,664,1883,2191,2361,2389,"{""type"":""MultiPoint"",""coordinates"":[]}"
0000000000000000338d_0,4078,3750,1295,2089,2519,3035,3403,3559,3628,3643,"{""type"":""MultiPoint"",""coordinates"":[]}"
00000000000000003392_0,1999,1164,270,421,557,956,1631,1867,2030,2133,"{""type"":""MultiPoint"",""coordinates"":[]}"
00000000000000003395_0,6851,6787,2213,3323,4715,5135,5218,5447,5672,5550,"{""type"":""MultiPoint"",""coordinates"":[]}"
0000000000000000339d_0,6279,5917,1701,2787,4239,4605,4700,4810,5095,4823,"{""type"":""MultiPoint"",""coordinates"":[]}"
0000000000000000339f_0,1590,736,328,557,292,898,2108,2488,2432,2715,"{""type"":""MultiPoint"",""coordinates"":[]}"
000000000000000033a7_0,1144,472,136,317,160,585,1956,2308,2490,2612,"{""type"":""MultiPoint"",""coordinates"":[]}"
000000000000000033aa_0,4406,4343,1700,2349,3183,3434,3495,3570,3666,3529,"{""type"":""MultiPoint"",""coordinates"":[]}"
000000000000000033af_0,2451,1682,546,809,645,1247,2572,2984,3097,3315,"{""type"":""MultiPoint"",""coordinates"":[]}"
000000000000000033b2_0,7856,7656,2240,3820,5506,6045,6130,6283,6539,6329,"{""type"":""MultiPoint"",""coordinates"":[]}"
000000000000000033b4_0,1073,506,202,284,197,469,1412,1714,1883,1949,"{""type"":""MultiPoint"",""coordinates"":[]}"
000000000000000033b7_0,5747,5028,2338,3172,4044,4415,4419,4661,4736,4697,"{""type"":""MultiPoint"",""coordinates"":[]}"
000000000000000033bc_0,2223,1904,678,887,1010,1223,1608,1709,1880,1905,"{""type"":""MultiPoint"",""coordinates"":[]}"
000000000000000033bf_0,3853,4043,1355,2005,2704,2984,2980,2975,3289,3067,"{""type"":""MultiPoint"",""coordinates"":[]}"
000000000000000033c0_0,2559,2048,793,1003,1189,1461,1818,1958,2079,2090,"{""type"":""MultiPoint"",""coordinates"":[]}"
000000000000000033cc_0,5574,4893,1685,2628,3634,4090,4427,4608,4937,4621,"{""type"":""MultiPoint"",""coordinates"":[]}"
000000000000000033cf_0,3764,3759,1208,1888,2806,3123,3165,3274,3240,3155,"{""type"":""MultiPoint"",""coordinates"":[]}"
000000000000000033d4_0,7462,7110,2119,3360,5108,5550,5696,5831,6116,5838,"{""type"":""MultiPoint"",""coordinates"":[]}"
000000000000000033d6_0,671,266,101,213,129,341,1521,2097,2222,2478,"{""type"":""MultiPoint"",""coordinates"":[]}"
000000000000000033dc_0,4330,4270,1557,2251,3038,3291,3325,3418,3574,3396,"{""type"":""MultiPoint"",""coordinates"":[]}"
000000000000000033de_0,1312,631,324,545,332,806,2117,2652,2825,2912,"{""type"":""MultiPoint"",""coordinates"":[]}"
000000000000000033e1_0,2061,1937,1075,1386,1838,2068,2075,2085,2100,2062,"{""type"":""MultiPoint"",""coordinates"":[]}"
000000000000000033e2_0,1902,1085,595,736,542,988,1990,2338,2329,2514,"{""type"":""MultiPoint"",""coordinates"":[]}"
000000000000000033e4_0,5975,5610,1502,2459,3845,4230,4345,4439,4570,4524,"{""type"":""MultiPoint"",""coordinates"":[]}"
000000000000000033e6_0,2993,2266,886,1130,1300,1649,2380,2680,2868,2946,"{""type"":""MultiPoint"",""coordinates"":[]}"
000000000000000033e9_0,6968,6492,2271,3556,5082,5528,5537,5777,6083,5828,"{""type"":""MultiPoint"",""coordinates"":[]}"
000000000000000033f1_0,6706,6569,1960,3027,4427,4861,4985,5161,5422,5218,"{""type"":""MultiPoint"",""coordinates"":[]}"
000000000000000033f3_0,3415,2748,615,1079,1319,1850,2262,2524,2538,2688,"{""type"":""MultiPoint"",""coordinates"":[]}"
000000000000000033f6_0,5935,5652,1828,2765,3843,4158,4277,4407,4701,4520,"{""type"":""MultiPoint"",""coordinates"":[]}"
000000000000000033f7_0,2615,1792,537,746,911,1216,1646,1871,2023,2113,"{""type"":""MultiPoint"",""coordinates"":[]}"
000000000000000033f8_0,1703,966,297,451,369,779,1709,1936,2157,2139,"{""type"":""MultiPoint"",""coordinates"":[]}"
000000000000000033fe_0,6756,6086,1354,2222,4052,4529,4710,4842,4961,4797,"{""type"":""MultiPoint"",""coordinates"":[]}"
00000000000000003406_0,5761,5840,1839,2611,3950,4319,4376,4518,4704,4512,"{""type"":""MultiPoint"",""coordinates"":[]}"
0000000000000000340b_0,7084,6870,1735,2720,4534,4943,5129,5317,5581,5273,"{""type"":""MultiPoint"",""coordinates"":[]}"
0000000000000000340d_0,1170,508,158,304,189,528,1482,1801,1903,1938,"{""type"":""MultiPoint"",""coordinates"":[]}"
00000000000000003413_0,5583,5488,1987,2856,4079,4464,4494,4605,4702,4578,"{""type"":""MultiPoint"",""coordinates"":[]}"
00000000000000003415_0,1306,648,322,471,326,757,1828,2093,1958,2434,"{""type"":""MultiPoint"",""coordinates"":[]}"
0000000000000000341a_0,1722,721,184,356,210,744,2699,3413,3607,3748,"{""type"":""MultiPoint"",""coordinates"":[]}"
0000000000000000341d_0,103,98,443,712,580,785,412,464,400,291,"{""type"":""MultiPoint"",""coordinates"":[]}"
00000000000000003420_0,5932,5606,2029,3125,4471,4916,5048,5103,5240,5160,"{""type"":""MultiPoint"",""coordinates"":[]}"
00000000000000003422_0,2403,1533,334,613,518,1053,2129,2498,2475,2710,"{""type"":""MultiPoint"",""coordinates"":[]}"
00000000000000003425_0,6044,5772,2235,3153,4417,4740,4812,4931,5134,4937,"{""type"":""MultiPoint"",""coordinates"":[]}"
00000000000000003428_0,6331,6171,1398,2488,4271,4670,4773,4947,5240,4966,"{""type"":""MultiPoint"",""coordinates"":[]}"
0000000000000000342d_0,6535,6186,1706,2826,4475,4920,5067,5164,5302,5115,"{""type"":""MultiPoint"",""coordinates"":[]}"
0000000000000000342f_0,1610,746,296,406,261,647,2213,2831,2737,3100,"{""type"":""MultiPoint"",""coordinates"":[]}"
00000000000000003435_0,6081,5695,1809,2803,4061,4394,4499,4653,4818,4692,"{""type"":""MultiPoint"",""coordinates"":[]}"
00000000000000003437_0,1325,557,131,263,150,486,1780,2309,2406,2507,"{""type"":""MultiPoint"",""coordinates"":[]}"
0000000000000000343d_0,5291,5373,2007,2698,3750,4032,4069,4161,4304,4133,"{""type"":""MultiPoint"",""coordinates"":[]}"
0000000000000000343f_0,2091,1132,563,975,730,1434,2777,3023,3082,3226,"{""type"":""MultiPoint"",""coordinates"":[]}"
00000000000000003442_0,6321,5828,1271,2255,3871,4265,4482,4593,4743,4511,"{""type"":""MultiPoint"",""coordinates"":[]}"
0000000000000000344c_0,1897,1085,329,666,514,1037,2111,2715,2804,2903,"{""type"":""MultiPoint"",""coordinates"":[]}"
0000000000000000344f_0,3473,3295,957,1406,1917,2103,2144,2268,2411,2395,"{""type"":""MultiPoint"",""coordinates"":[]}"
00000000000000003457_0,7579,6888,1823,3308,5380,5864,6037,6154,6382,6255,"{""type"":""MultiPoint"",""coordinates"":[]}"
00000000000000003459_0,1595,896,234,408,379,761,1555,1782,1811,2008,"{""type"":""MultiPoint"",""coordinates"":[]}"
0000000000000000345c_0,5941,5403,1559,2549,3923,4333,4421,4534,4649,4531,"{""type"":""MultiPoint"",""coordinates"":[]}"
00000000000000003461_0,2094,1848,673,896,1132,1299,1410,1540,1638,1713,"{""type"":""MultiPoint"",""coordinates"":[]}"
00000000000000003464_0,4747,4021,1233,1899,3024,3380,3485,3565,3674,3626,"{""type"":""MultiPoint"",""coordinates"":[]}"
00000000000000003466_0,1311,591,291,431,241,710,2241,2691,2936,2956,"{""type"":""MultiPoint"",""coordinates"":[]}"
0000000000000000346c_0,2251,1916,838,1163,1573,1708,1722,1817,1877,1949,"{""type"":""MultiPoint"",""coordinates"":[]}"
00000000000000003471_0,3637,3635,1488,2034,2671,2789,2750,2882,3080,2856,"{""type"":""MultiPoint"",""coordinates"":[]}"
00000000000000003472_0,3384,2565,865,1317,1367,2116,3455,3977,4010,4154,"{""type"":""MultiPoint"",""coordinates"":[]}"
00000000000000003474_0,5127,4406,1173,1968,3024,3312,3468,3556,3769,3595,"{""type"":""MultiPoint"",""coordinates"":[]}"
0000000000000000347b_0,1703,907,215,391,282,686,1745,2122,2407,2496,"{""type"":""MultiPoint"",""coordinates"":[]}"
0000000000000000347e_0,6577,6308,2128,3217,4485,4927,4981,5173,5318,5248,"{""type"":""MultiPoint"",""coordinates"":[]}"
00000000000000003483_0,1920,1071,445,651,557,1046,1979,2310,2429,2619,"{""type"":""MultiPoint"",""coordinates"":[]}"
00000000000000003486_0,6621,5947,1816,3060,4508,4913,5047,5149,5322,5063,"{""type"":""MultiPoint"",""coordinates"":[]}"
00000000000000003487_0,2359,1829,1823,1965,2121,2314,2247,2301,2235,2323,"{""type"":""MultiPoint"",""coordinates"":[]}"
00000000000000003488_0,2036,1157,414,660,497,1133,2366,2658,2889,2989,"{""type"":""MultiPoint"",""coordinates"":[]}"
0000000000000000348e_0,5131,4461,1502,2174,3073,3364,3409,3565,3667,3615,"{""type"":""MultiPoint"",""coordinates"":[]}"
00000000000000003490_0,2053,880,262,460,231,887,3141,4236,4231,4341,"{""type"":""MultiPoint"",""coordinates"":[]}"
00000000000000003493_0,3690,3501,1324,1841,2442,2688,2687,2776,2743,2790,"{""type"":""MultiPoint"",""coordinates"":[]}"
00000000000000003496_0,5370,5325,2053,2866,4032,4252,4300,4386,4550,4340,"{""type"":""MultiPoint"",""coordinates"":[]}"
0000000000000000349b_0,6824,6423,1622,2781,4521,4968,5140,5230,5339,5224,"{""type"":""MultiPoint"",""coordinates"":[]}"
000000000000000034a0_0,4351,3973,1631,2238,2743,3202,3509,3722,3833,3820,"{""type"":""MultiPoint"",""coordinates"":[]}"
000000000000000034a3_0,5979,5652,1388,2417,3830,4212,4409,4620,4905,4763,"{""type"":""MultiPoint"",""coordinates"":[]}"
000000000000000034a5_0,2007,1476,494,775,904,1128,1841,2049,1998,2394,"{""type"":""MultiPoint"",""coordinates"":[]}"
000000000000000034a8_0,1361,1317,406,564,688,870,862,864,846,947,"{""type"":""MultiPoint"",""coordinates"":[]}"
000000000000000034a9_0,4031,3212,830,1283,1646,1992,2369,2627,2567,2754,"{""type"":""MultiPoint"",""coordinates"":[]}"
000000000000000034aa_0,1582,847,597,841,533,1196,2724,3185,3552,3475,"{""type"":""MultiPoint"",""coordinates"":[]}"
000000000000000034b0_0,2834,2613,644,938,1324,1414,1423,1572,1664,1651,"{""type"":""MultiPoint"",""coordinates"":[]}"
000000000000000034b8_0,6181,6079,1411,2500,4217,4484,4680,4816,5148,4868,"{""type"":""MultiPoint"",""coordinates"":[]}"
000000000000000034bd_0,7184,6843,1855,3073,4844,5341,5496,5658,5901,5744,"{""type"":""MultiPoint"",""coordinates"":[]}"
000000000000000034be_0,1475,875,191,399,320,734,1659,1923,2038,2043,"{""type"":""MultiPoint"",""coordinates"":[]}"
000000000000000034bf_0,1918,970,208,500,364,976,2447,2858,3306,3329,"{""type"":""MultiPoint"",""coordinates"":[]}"
000000000000000034c5_0,3242,3069,825,1242,1826,1798,1846,2126,2273,2208,"{""type"":""MultiPoint"",""coordinates"":[]}"
000000000000000034ca_0,1580,1422,759,999,1326,1396,1394,1479,1568,1545,"{""type"":""MultiPoint"",""coordinates"":[]}"
000000000000000034cd_0,4958,4799,1854,2594,3498,3764,3764,3813,3982,3821,"{""type"":""MultiPoint"",""coordinates"":[]}"
000000000000000034d7_0,6382,6138,2708,3564,4623,4982,4994,5213,5352,5284,"{""type"":""MultiPoint"",""coordinates"":[]}"
000000000000000034da_0,6542,6403,1740,2780,4206,4559,4734,4889,5168,4922,"{""type"":""MultiPoint"",""coordinates"":[]}"
000000000000000034e0_0,2112,1244,270,481,445,860,1789,2067,2180,2297,"{""type"":""MultiPoint"",""coordinates"":[]}"
000000000000000034e1_0,1185,595,214,359,262,637,1541,1816,1946,2136,"{""type"":""MultiPoint"",""coordinates"":[]}"
000000000000000034e7_0,7735,7374,2104,3584,5602,6157,6290,6503,6615,6430,"{""type"":""MultiPoint"",""coordinates"":[]}"
000000000000000034ec_0,4240,4290,1762,2317,2930,3073,3107,3198,3304,3189,"{""type"":""MultiPoint"",""coordinates"":[]}"
000000000000000034ef_0,4563,4228,1611,2339,3266,3530,3575,3618,3745,3562,"{""type"":""MultiPoint"",""coordinates"":[]}"
000000000000000034f4_0,5376,4975,1233,1914,3512,3789,3892,3954,4163,3918,"{""type"":""MultiPoint"",""coordinates"":[]}"
000000000000000034f6_0,2347,1674,690,858,880,1206,2013,2351,2354,2545,"{""type"":""MultiPoint"",""coordinates"":[]}"
000000000000000034fc_0,5249,5162,1659,2399,3364,3666,3689,3805,3977,3829,"{""type"":""MultiPoint"",""coordinates"":[]}"
00000000000000003506_0,676,460,487,657,543,891,1078,1178,1191,1107,"{""type"":""MultiPoint"",""coordinates"":[]}"
00000000000000003509_0,6108,5867,2062,3130,4354,4725,4848,4968,5123,5004,"{""type"":""MultiPoint"",""coordinates"":[]}"
0000000000000000350b_0,2505,1617,746,1160,1380,1594,2797,3040,3121,3249,"{""type"":""MultiPoint"",""coordinates"":[]}"
00000000000000003511_0,6920,6659,1839,3067,4737,5119,5208,5438,5769,5647,"{""type"":""MultiPoint"",""coordinates"":[]}"
00000000000000003513_0,1290,653,256,418,301,608,1623,1911,2150,2112,"{""type"":""MultiPoint"",""coordinates"":[]}"
00000000000000003518_0,1351,570,225,384,193,665,2074,2430,2542,2812,"{""type"":""MultiPoint"",""coordinates"":[]}"
0000000000000000351e_0,7285,6876,1938,3221,4818,5281,5443,5616,5802,5652,"{""type"":""MultiPoint"",""coordinates"":[]}"
00000000000000003520_0,1527,684,297,470,243,733,2287,2812,2913,3067,"{""type"":""MultiPoint"",""coordinates"":[]}"
00000000000000003523_0,3250,2898,1389,1891,2379,2569,2598,2629,2629,2568,"{""type"":""MultiPoint"",""coordinates"":[]}"
00000000000000003526_0,5507,5012,1669,2641,3844,4160,4231,4282,4547,4314,"{""type"":""MultiPoint"",""coordinates"":[]}"
00000000000000003528_0,2364,1152,693,919,609,1299,3339,3954,3956,4332,"{""type"":""MultiPoint"",""coordinates"":[]}"
00000000000000003530_0,6519,6430,1873,2809,4194,4620,4604,4809,5056,4960,"{""type"":""MultiPoint"",""coordinates"":[]}"
00000000000000003533_0,6226,6033,1909,2894,4277,4682,4810,4921,5162,4984,"{""type"":""MultiPoint"",""coordinates"":[]}"
00000000000000003535_0,2599,1669,468,665,813,1267,2092,2404,2605,2725,"{""type"":""MultiPoint"",""coordinates"":[]}"
00000000000000003538_0,5201,4984,1326,2259,3481,3795,3927,4062,4226,4029,"{""type"":""MultiPoint"",""coordinates"":[]}"
00000000000000003539_0,2800,2270,787,1076,1321,1662,2124,2302,2381,2482,"{""type"":""MultiPoint"",""coordinates"":[]}"
00000000000000003540_0,5356,4777,1330,2132,3489,3834,3939,4043,4069,3912,"{""type"":""MultiPoint"",""coordinates"":[]}"
00000000000000003542_0,2421,1584,319,544,551,996,1849,2182,2316,2442,"{""type"":""MultiPoint"",""coordinates"":[]}"
00000000000000003545_0,6305,5492,2436,3362,4239,4559,4728,4793,4975,4838,"{""type"":""MultiPoint"",""coordinates"":[]}"
00000000000000003548_0,5945,5976,1453,2399,4102,4424,4559,4657,5058,4775,"{""type"":""MultiPoint"",""coordinates"":[]}"
0000000000000000354a_0,1780,1083,396,678,692,1070,1947,2202,2449,2407,"{""type"":""MultiPoint"",""coordinates"":[]}"
0000000000000000354d_0,7759,7209,1598,2764,4974,5552,5705,5874,6014,5930,"{""type"":""MultiPoint"",""coordinates"":[]}"
00000000000000003555_0,2864,3008,1150,1559,2062,2124,2175,2206,2264,2205,"{""type"":""MultiPoint"",""coordinates"":[]}"
0000000000000000355a_0,1581,1432,664,987,1179,1231,1289,1314,1452,1336,"{""type"":""MultiPoint"",""coordinates"":[]}"
0000000000000000355b_0,1879,951,498,660,484,1076,2178,2588,2688,2906,"{""type"":""MultiPoint"",""coordinates"":[]}"
0000000000000000355d_0,5289,5052,1798,2696,3873,4132,4167,4269,4465,4271,"{""type"":""MultiPoint"",""coordinates"":[]}"
0000000000000000355f_0,2831,2562,1062,1419,1767,1916,1957,2095,2217,2223,"{""type"":""MultiPoint"",""coordinates"":[]}"
00000000000000003562_0,4087,3884,1381,1982,2798,3111,3129,3209,3250,3215,"{""type"":""MultiPoint"",""coordinates"":[]}"
0000000000000000356a_0,6635,6515,1797,2868,4347,4708,4898,5074,5379,5136,"{""type"":""MultiPoint"",""coordinates"":[]}"
0000000000000000356c_0,1593,749,165,439,234,831,2414,2789,2876,3166,"{""type"":""MultiPoint"",""coordinates"":[]}"
0000000000000000356f_0,5259,4573,1615,2517,3457,3812,3915,4016,4081,3960,"{""type"":""MultiPoint"",""coordinates"":[]}"
00000000000000003570_0,2183,946,237,494,196,792,3267,4215,4085,4422,"{""type"":""MultiPoint"",""coordinates"":[]}"
00000000000000003577_0,7108,6741,1290,2494,4555,5161,5283,5444,5612,5428,"{""type"":""MultiPoint"",""coordinates"":[]}"
00000000000000003579_0,1386,617,252,338,193,562,1603,2072,1936,2240,"{""type"":""MultiPoint"",""coordinates"":[]}"
0000000000000000357f_0,5403,5024,1703,2477,3682,3961,4082,4146,4353,4121,"{""type"":""MultiPoint"",""coordinates"":[]}"
00000000000000003584_0,7182,6946,1931,2963,4736,5215,5343,5509,5745,5582,"{""type"":""MultiPoint"",""coordinates"":[]}"
00000000000000003586_0,1646,702,183,457,240,887,2793,3275,3466,3565,"{""type"":""MultiPoint"",""coordinates"":[]}"
00000000000000003589_0,4092,3739,1369,2084,2700,3008,3143,3244,3332,3204,"{""type"":""MultiPoint"",""coordinates"":[]}"
0000000000000000358e_0,1996,979,316,657,391,1156,2715,3171,3120,3450,"{""type"":""MultiPoint"",""coordinates"":[]}"
00000000000000003592_0,3002,2421,993,1271,1422,1729,2229,2431,2420,2624,"{""type"":""MultiPoint"",""coordinates"":[]}"
00000000000000003599_0,6430,6056,2057,3221,4642,5043,5142,5288,5467,5338,"{""type"":""MultiPoint"",""coordinates"":[]}"
0000000000000000359b_0,1877,834,273,583,265,973,3185,3880,3928,4123,"{""type"":""MultiPoint"",""coordinates"":[]}"
000000000000000035a1_0,4796,4457,1429,2362,3441,3705,3752,3875,4038,3855,"{""type"":""MultiPoint"",""coordinates"":[]}"
000000000000000035a3_0,1472,769,385,648,459,1125,2579,3070,3072,3141,"{""type"":""MultiPoint"",""coordinates"":[]}"
000000000000000035a6_0,7202,6828,2198,3497,5128,5516,5673,5856,6116,5819,"{""type"":""MultiPoint"",""coordinates"":[]}"
000000000000000035a8_0,1201,548,296,558,400,770,1960,2455,2459,2405,"{""type"":""MultiPoint"",""coordinates"":[]}"
000000000000000035b0_0,1820,852,255,529,338,1093,3038,3762,3651,3944,"{""type"":""MultiPoint"",""coordinates"":[]}"
000000000000000035b3_0,4132,3886,1684,2309,2916,3101,3126,3169,3221,3142,"{""type"":""MultiPoint"",""coordinates"":[]}"
000000000000000035bb_0,6638,6336,1447,2600,4325,4799,4963,5081,5158,4941,"{""type"":""MultiPoint"",""coordinates"":[]}"
000000000000000035bd_0,1059,425,227,358,202,493,1604,2080,2254,2394,"{""type"":""MultiPoint"",""coordinates"":[]}"
000000000000000035c3_0,6671,6448,1725,2754,4175,4579,4744,4910,5093,4822,"{""type"":""MultiPoint"",""coordinates"":[]}"
000000000000000035c5_0,1764,857,221,529,302,906,2630,2985,3120,3383,"{""type"":""MultiPoint"",""coordinates"":[]}"
000000000000000035c8_0,5303,4626,1578,2453,3635,4043,4047,4126,4185,4073,"{""type"":""MultiPoint"",""coordinates"":[]}"
000000000000000035c9_0,2050,1213,332,526,534,891,1640,1856,1852,2011,"{""type"":""MultiPoint"",""coordinates"":[]}"
000000000000000035d0_0,6483,6291,1739,2912,4633,5075,5184,5312,5482,5262,"{""type"":""MultiPoint"",""coordinates"":[]}"
000000000000000035d2_0,1506,597,212,366,189,683,2305,2938,2719,3172,"{""type"":""MultiPoint"",""coordinates"":[]}"
000000000000000035d5_0,4825,4859,1965,2631,3482,3654,3723,3777,3969,3798,"{""type"":""MultiPoint"",""coordinates"":[]}"
000000000000000035d8_0,6048,5950,1562,2610,4218,4564,4691,4807,5093,4849,"{""type"":""MultiPoint"",""coordinates"":[]}"
000000000000000035da_0,2605,1586,633,1045,1011,1931,3124,3750,3872,4093,"{""type"":""MultiPoint"",""coordinates"":[]}"
000000000000000035dd_0,7480,7051,1679,2884,4769,5241,5445,5605,5844,5707,"{""type"":""MultiPoint"",""coordinates"":[]}"
000000000000000035e2_0,1696,1408,601,957,1223,1348,1395,1379,1460,1387,"{""type"":""MultiPoint"",""coordinates"":[]}"
000000000000000035e5_0,4410,4062,1381,1985,2860,3075,3255,3459,3621,3639,"{""type"":""MultiPoint"",""coordinates"":[]}"
000000000000000035e7_0,903,533,444,556,401,688,1162,1492,1165,1474,"{""type"":""MultiPoint"",""coordinates"":[]}"
000000000000000035ef_0,4956,3884,1298,1526,1534,1856,2010,2287,2566,2876,"{""type"":""MultiPoint"",""coordinates"":[]}"
000000000000000035f7_0,7146,7101,2340,3549,5031,5390,5450,5647,6001,5778,"{""type"":""MultiPoint"",""coordinates"":[]}"
000000000000000035fa_0,5456,5447,1531,2439,3886,4181,4239,4383,4731,4427,"{""type"":""MultiPoint"",""coordinates"":[]}"
000000000000000035ff_0,5932,5469,1469,2504,3738,4070,4212,4341,4482,4285,"{""type"":""MultiPoint"",""coordinates"":[]}"
00000000000000003601_0,1384,652,260,441,262,763,1871,2183,2375,2412,"{""type"":""MultiPoint"",""coordinates"":[]}"
00000000000000003607_0,6771,6170,2051,3185,4702,5126,5242,5405,5608,5485,"{""type"":""MultiPoint"",""coordinates"":[]}"
00000000000000003609_0,1505,610,181,420,211,776,2504,3055,3183,3343,"{""type"":""MultiPoint"",""coordinates"":[]}"
0000000000000000360c_0,4585,4382,1958,2662,3375,3593,3558,3620,3686,3590,"{""type"":""MultiPoint"",""coordinates"":[]}"
0000000000000000360f_0,5273,5071,1662,2546,3737,4036,4076,4167,4383,4173,"{""type"":""MultiPoint"",""coordinates"":[]}"
00000000000000003611_0,2188,1608,482,706,796,1157,1558,1683,1721,1888,"{""type"":""MultiPoint"",""coordinates"":[]}"
00000000000000003614_0,7125,6860,1580,2935,4823,5283,5419,5547,5709,5540,"{""type"":""MultiPoint"",""coordinates"":[]}"
0000000000000000361a_0,2327,1217,342,699,434,1220,3094,3657,3635,3845,"{""type"":""MultiPoint"",""coordinates"":[]}"
0000000000000000361c_0,6500,6339,1689,2744,4204,4610,4790,5004,5189,4978,"{""type"":""MultiPoint"",""coordinates"":[]}"
0000000000000000362e_0,6801,6596,2045,3053,4596,5024,5139,5312,5470,5346,"{""type"":""MultiPoint"",""coordinates"":[]}"
00000000000000003631_0,5281,5370,744,1415,3239,3606,3788,3949,4162,3960,"{""type"":""MultiPoint"",""coordinates"":[]}"
00000000000000003633_0,2504,1220,363,773,361,1209,3940,4643,4471,4952,"{""type"":""MultiPoint"",""coordinates"":[]}"
00000000000000003636_0,7179,6874,1801,3074,4908,5434,5545,5708,5889,5698,"{""type"":""MultiPoint"",""coordinates"":[]}"
0000000000000000363e_0,6194,5442,2223,3135,4243,4583,4638,4754,4860,4751,"{""type"":""MultiPoint"",""coordinates"":[]}"
00000000000000003643_0,2884,2948,1055,1436,1809,1873,1896,2009,2105,2004,"{""type"":""MultiPoint"",""coordinates"":[]}"
00000000000000003644_0,2904,1818,628,859,825,1368,2265,2562,2574,2806,"{""type"":""MultiPoint"",""coordinates"":[]}"
00000000000000003646_0,5324,5042,1575,2469,3849,4203,4332,4422,4615,4466,"{""type"":""MultiPoint"",""coordinates"":[]}"
00000000000000003648_0,1081,831,1,91,250,413,716,869,807,923,"{""type"":""MultiPoint"",""coordinates"":[]}"
0000000000000000364d_0,1423,619,307,463,268,735,1748,1990,2139,2274,"{""type"":""MultiPoint"",""coordinates"":[]}"
00000000000000003650_0,6202,5967,2285,3460,4583,4896,4916,5025,5252,5149,"{""type"":""MultiPoint"",""coordinates"":[]}"
00000000000000003653_0,6269,5968,2049,3108,4349,4670,4804,4956,5237,4931,"{""type"":""MultiPoint"",""coordinates"":[]}"
00000000000000003660_0,4947,4626,917,1770,3099,3153,3329,3497,3692,3492,"{""type"":""MultiPoint"",""coordinates"":[]}"
00000000000000003662_0,839,350,200,298,174,408,1364,1747,1692,1809,"{""type"":""MultiPoint"",""coordinates"":[]}"
00000000000000003665_0,3047,3319,987,1393,1852,1845,1919,1935,2147,1977,"{""type"":""MultiPoint"",""coordinates"":[]}"
0000000000000000366d_0,7058,6779,1457,2585,4553,5094,5271,5370,5472,5332,"{""type"":""MultiPoint"",""coordinates"":[]}"
0000000000000000366f_0,2069,971,210,425,251,914,2670,3163,3257,3471,"{""type"":""MultiPoint"",""coordinates"":[]}"
00000000000000003672_0,4959,4328,1836,2719,3400,3862,3978,4044,4128,4057,"{""type"":""MultiPoint"",""coordinates"":[]}"
00000000000000003675_0,5169,4942,1728,2483,3413,3668,3747,3837,3964,3811,"{""type"":""MultiPoint"",""coordinates"":[]}"
00000000000000003677_0,1310,616,177,377,216,604,2184,2517,2713,2694,"{""type"":""MultiPoint"",""coordinates"":[]}"
0000000000000000367b_0,2320,1812,508,745,869,1115,1490,1667,1802,1877,"{""type"":""MultiPoint"",""coordinates"":[]}"
0000000000000000367d_0,6204,5751,1951,3005,4388,4765,4845,4943,5162,5002,"{""type"":""MultiPoint"",""coordinates"":[]}"
00000000000000003682_0,6629,6342,1933,3097,4743,5126,5240,5400,5620,5462,"{""type"":""MultiPoint"",""coordinates"":[]}"
00000000000000003687_0,6872,6557,2695,3803,5204,5664,5676,5841,6100,5868,"{""type"":""MultiPoint"",""coordinates"":[]}"
0000000000000000368a_0,5534,5419,1707,2546,3739,3973,4041,4186,4398,4183,"{""type"":""MultiPoint"",""coordinates"":[]}"
0000000000000000368c_0,1670,804,280,450,306,718,2140,2704,2721,2982,"{""type"":""MultiPoint"",""coordinates"":[]}"
0000000000000000368f_0,7157,6969,2196,3565,5166,5730,5787,5897,6111,5865,"{""type"":""MultiPoint"",""coordinates"":[]}"
00000000000000003697_0,7301,6954,1947,3169,4876,5391,5478,5658,5851,5673,"{""type"":""MultiPoint"",""coordinates"":[]}"
00000000000000003699_0,1538,584,177,379,180,738,2418,3045,2909,3289,"{""type"":""MultiPoint"",""coordinates"":[]}"
0000000000000000369c_0,5332,5174,2176,2949,3895,4184,4209,4277,4377,4236,"{""type"":""MultiPoint"",""coordinates"":[]}"
0000000000000000369f_0,6217,6307,1689,2744,4178,4550,4642,4716,4918,4754,"{""type"":""MultiPoint"",""coordinates"":[]}"
000000000000000036a4_0,5365,4174,1053,1723,2891,3205,3355,3411,3355,3169,"{""type"":""MultiPoint"",""coordinates"":[]}"
000000000000000036a6_0,1563,671,174,335,177,660,2400,3019,3251,3229,"{""type"":""MultiPoint"",""coordinates"":[]}"
000000000000000036a9_0,5656,5728,1254,2073,3599,3893,3967,4164,4486,4306,"{""type"":""MultiPoint"",""coordinates"":[]}"
000000000000000036aa_0,1636,694,152,404,166,773,2869,3475,3580,3847,"{""type"":""MultiPoint"",""coordinates"":[]}"
000000000000000036ac_0,6692,6290,1743,2898,4435,4849,5057,5181,5422,5118,"{""type"":""MultiPoint"",""coordinates"":[]}"
000000000000000036ae_0,1374,618,651,755,576,1019,2211,2648,2744,2756,"{""type"":""MultiPoint"",""coordinates"":[]}"
000000000000000036b1_0,2495,2583,960,1239,1677,1677,1607,1786,2057,1916,"{""type"":""MultiPoint"",""coordinates"":[]}"
000000000000000036b2_0,2848,1809,606,847,831,1337,2319,2577,2563,2831,"{""type"":""MultiPoint"",""coordinates"":[]}"
000000000000000036b9_0,6611,6097,1600,2702,4471,4998,5187,5287,5412,5256,"{""type"":""MultiPoint"",""coordinates"":[]}"
000000000000000036c1_0,5734,5413,1039,2034,3714,4071,4218,4340,4604,4445,"{""type"":""MultiPoint"",""coordinates"":[]}"
000000000000000036c3_0,1338,686,377,492,354,697,1737,2051,2153,2223,"{""type"":""MultiPoint"",""coordinates"":[]}"
000000000000000036c6_0,6937,6270,1659,2645,4313,4761,4921,5065,5294,5166,"{""type"":""MultiPoint"",""coordinates"":[]}"
000000000000000036cb_0,5214,4820,1423,2119,3247,3620,3701,3848,3953,3880,"{""type"":""MultiPoint"",""coordinates"":[]}"
000000000000000036cc_0,947,554,369,517,399,734,1372,1575,1543,1636,"{""type"":""MultiPoint"",""coordinates"":[]}"
000000000000000036ce_0,5162,4492,1470,2225,3176,3524,3602,3872,3857,3750,"{""type"":""MultiPoint"",""coordinates"":[]}"
000000000000000036d4_0,1886,796,281,541,260,908,3071,3874,3953,4173,"{""type"":""MultiPoint"",""coordinates"":[]}"
000000000000000036d6_0,4565,4432,1786,2495,3456,3747,3818,3875,3984,3860,"{""type"":""MultiPoint"",""coordinates"":[]}"
000000000000000036d8_0,2083,1244,433,666,594,1077,2094,2414,2416,2689,"{""type"":""MultiPoint"",""coordinates"":[]}"
000000000000000036db_0,4317,3936,1191,1763,2604,2947,2965,3123,3151,3102,"{""type"":""MultiPoint"",""coordinates"":[]}"
000000000000000036dd_0,1033,430,164,248,128,409,1243,1451,1544,1692,"{""type"":""MultiPoint"",""coordinates"":[]}"
000000000000000036e0_0,6168,6168,1925,3010,4278,4573,4707,4809,5067,4953,"{""type"":""MultiPoint"",""coordinates"":[]}"
000000000000000036e3_0,6878,6688,1688,2812,4344,4733,4955,5145,5355,5104,"{""type"":""MultiPoint"",""coordinates"":[]}"
000000000000000036e5_0,1584,882,285,467,376,767,1654,1836,1898,2101,"{""type"":""MultiPoint"",""coordinates"":[]}"
000000000000000036e8_0,6335,5778,1660,2923,4363,4750,4949,4942,5131,4951,"{""type"":""MultiPoint"",""coordinates"":[]}"
000000000000000036f0_0,5585,5361,1535,2363,3708,4085,4251,4358,4387,4323,"{""type"":""MultiPoint"",""coordinates"":[]}"
000000000000000036f2_0,2138,1208,442,674,573,1269,2431,2816,2696,2941,"{""type"":""MultiPoint"",""coordinates"":[]}"
000000000000000036fd_0,7104,6506,1453,2616,4645,5158,5377,5496,5558,5363,"{""type"":""MultiPoint"",""coordinates"":[]}"
00000000000000003702_0,4799,4405,1555,2378,3268,3491,3562,3647,3858,3689,"{""type"":""MultiPoint"",""coordinates"":[]}"
00000000000000003703_0,1517,770,230,488,355,948,1856,2143,2207,2480,"{""type"":""MultiPoint"",""coordinates"":[]}"
00000000000000003705_0,6287,6137,1910,2983,4403,4765,4873,5013,5187,5000,"{""type"":""MultiPoint"",""coordinates"":[]}"
0000000000000000370a_0,3098,2975,1202,1694,2115,2336,2514,2545,2607,2528,"{""type"":""MultiPoint"",""coordinates"":[]}"
0000000000000000370b_0,3012,2444,942,1229,1477,1863,2331,2602,2578,2675,"{""type"":""MultiPoint"",""coordinates"":[]}"
00000000000000003714_0,2297,1086,324,569,377,960,2813,3654,4074,4024,"{""type"":""MultiPoint"",""coordinates"":[]}"
00000000000000003717_0,6921,6416,1407,2462,4366,4780,4965,5122,5431,5293,"{""type"":""MultiPoint"",""coordinates"":[]}"
0000000000000000371a_0,5477,5334,704,1562,3443,3735,3853,4003,4322,4085,"{""type"":""MultiPoint"",""coordinates"":[]}"
0000000000000000371c_0,1801,977,392,641,471,1009,2262,2586,3039,3023,"{""type"":""MultiPoint"",""coordinates"":[]}"
0000000000000000371f_0,7258,6928,1994,3213,4863,5293,5497,5641,5840,5606,"{""type"":""MultiPoint"",""coordinates"":[]}"
00000000000000003721_0,1576,727,249,394,236,726,2094,2524,2531,2740,"{""type"":""MultiPoint"",""coordinates"":[]}"
00000000000000003727_0,5916,5490,1970,3005,4412,4820,4940,5071,5225,5049,"{""type"":""MultiPoint"",""coordinates"":[]}"
00000000000000003729_0,1991,884,143,442,196,884,2842,3526,3922,3915,"{""type"":""MultiPoint"",""coordinates"":[]}"
0000000000000000372c_0,2328,2151,653,942,1309,1424,1509,1562,1626,1716,"{""type"":""MultiPoint"",""coordinates"":[]}"
0000000000000000372f_0,5329,5266,1232,2187,3639,4032,4127,4205,4349,4247,"{""type"":""MultiPoint"",""coordinates"":[]}"
00000000000000003731_0,2229,1616,486,853,822,1391,2535,2828,2853,2973,"{""type"":""MultiPoint"",""coordinates"":[]}"
00000000000000003734_0,7320,6899,1764,3039,4765,5219,5421,5597,5711,5532,"{""type"":""MultiPoint"",""coordinates"":[]}"
00000000000000003739_0,6150,5797,1652,2797,4197,4800,4842,4987,5037,5227,"{""type"":""MultiPoint"",""coordinates"":[]}"
0000000000000000373e_0,1812,892,336,567,386,1003,2220,2596,2851,2833,"{""type"":""MultiPoint"",""coordinates"":[]}"
00000000000000003741_0,3318,2647,634,946,1441,1711,1864,1791,1841,1912,"{""type"":""MultiPoint"",""coordinates"":[]}"
00000000000000003742_0,2859,1326,366,729,368,1350,3860,4643,4613,4922,"{""type"":""MultiPoint"",""coordinates"":[]}"
00000000000000003749_0,4476,3312,889,1446,2328,2568,2707,2716,2725,2535,"{""type"":""MultiPoint"",""coordinates"":[]}"
0000000000000000374b_0,1824,874,194,446,310,950,2225,2637,2750,2902,"{""type"":""MultiPoint"",""coordinates"":[]}"
0000000000000000374e_0,3120,3378,1174,1504,1861,1997,2015,2142,2066,2103,"{""type"":""MultiPoint"",""coordinates"":[]}"
00000000000000003751_0,5281,4625,1025,1909,3130,3430,3513,3596,3694,3590,"{""type"":""MultiPoint"",""coordinates"":[]}"
00000000000000003753_0,1922,1144,266,579,370,1063,2622,3215,3405,3444,"{""type"":""MultiPoint"",""coordinates"":[]}"
00000000000000003756_0,3865,3699,843,1362,2127,2338,2404,2525,2626,2495,"{""type"":""MultiPoint"",""coordinates"":[]}"
00000000000000003758_0,2081,1028,274,596,507,1155,2446,2730,3055,3201,"{""type"":""MultiPoint"",""coordinates"":[]}"
0000000000000000375b_0,3431,3303,1288,1729,2318,2474,2506,2583,2710,2616,"{""type"":""MultiPoint"",""coordinates"":[]}"
0000000000000000375c_0,1581,663,152,422,196,807,2621,3189,3126,3488,"{""type"":""MultiPoint"",""coordinates"":[]}"
0000000000000000375e_0,6268,5650,1979,3022,4394,4872,4938,5100,5143,5070,"{""type"":""MultiPoint"",""coordinates"":[]}"
00000000000000003760_0,1194,701,256,574,465,897,1851,2220,2257,2428,"{""type"":""MultiPoint"",""coordinates"":[]}"
00000000000000003766_0,4892,4457,1492,2253,3274,3584,3641,3707,3865,3739,"{""type"":""MultiPoint"",""coordinates"":[]}"
00000000000000003768_0,2377,1896,658,946,1344,1559,1856,1998,1995,2156,"{""type"":""MultiPoint"",""coordinates"":[]}"
0000000000000000376b_0,3068,2991,863,1206,1705,1814,1848,2086,2170,2254,"{""type"":""MultiPoint"",""coordinates"":[]}"
0000000000000000376d_0,1831,806,242,463,203,711,2893,3867,4158,4327,"{""type"":""MultiPoint"",""coordinates"":[]}"
00000000000000003770_0,6705,6606,2169,3328,4730,5144,5273,5447,5697,5499,"{""type"":""MultiPoint"",""coordinates"":[]}"
00000000000000003773_0,6490,6386,1512,2611,4192,4631,4841,5011,5194,4978,"{""type"":""MultiPoint"",""coordinates"":[]}"
00000000000000003775_0,2817,2116,796,1017,1239,1522,1757,1921,2158,2138,"{""type"":""MultiPoint"",""coordinates"":[]}"
00000000000000003778_0,6552,6324,1663,2870,4484,4907,5039,5185,5420,5173,"{""type"":""MultiPoint"",""coordinates"":[]}"
00000000000000003780_0,7132,6827,1705,2859,4532,4968,5170,5366,5545,5277,"{""type"":""MultiPoint"",""coordinates"":[]}"
00000000000000003782_0,2682,1509,487,786,551,1307,3214,3893,3738,4108,"{""type"":""MultiPoint"",""coordinates"":[]}"
00000000000000003785_0,4506,4304,1755,2367,3102,3272,3354,3428,3530,3365,"{""type"":""MultiPoint"",""coordinates"":[]}"
00000000000000003788_0,7037,6596,2492,3759,5163,5524,5647,5777,6263,5952,"{""type"":""MultiPoint"",""coordinates"":[]}"
0000000000000000378d_0,6780,6185,1249,2343,4258,4714,4923,5027,5034,4839,"{""type"":""MultiPoint"",""coordinates"":[]}"
00000000000000003797_0,2120,989,277,468,253,772,2517,3312,3236,3606,"{""type"":""MultiPoint"",""coordinates"":[]}"
0000000000000000379b_0,1618,838,250,468,312,785,2364,2766,2736,2949,"{""type"":""MultiPoint"",""coordinates"":[]}"
000000000000000037a2_0,5623,5425,1719,2853,3912,4270,4319,4445,4632,4443,"{""type"":""MultiPoint"",""coordinates"":[]}"
000000000000000037a4_0,2639,1725,378,622,856,1177,1615,1775,1965,2192,"{""type"":""MultiPoint"",""coordinates"":[]}"
000000000000000037a7_0,6898,6714,2079,3134,4633,5058,5159,5328,5564,5376,"{""type"":""MultiPoint"",""coordinates"":[]}"
000000000000000037aa_0,5189,5228,1002,1918,3393,3657,3749,3888,4147,3936,"{""type"":""MultiPoint"",""coordinates"":[]}"
000000000000000037b1_0,1759,1000,319,528,423,962,2013,2488,2446,2579,"{""type"":""MultiPoint"",""coordinates"":[]}"
000000000000000037b4_0,5815,5235,2065,2962,3951,4297,4379,4437,4639,4616,"{""type"":""MultiPoint"",""coordinates"":[]}"
000000000000000037b7_0,6406,5946,1859,2927,4322,4746,4872,5005,5109,4956,"{""type"":""MultiPoint"",""coordinates"":[]}"
000000000000000037bc_0,4337,4025,1981,2648,3206,3443,3493,3488,3551,3500,"{""type"":""MultiPoint"",""coordinates"":[]}"
000000000000000037bd_0,2496,1200,436,875,501,1232,3390,3865,3713,4070,"{""type"":""MultiPoint"",""coordinates"":[]}"
000000000000000037bf_0,6487,6278,1516,2674,4481,4950,5049,5197,5365,5261,"{""type"":""MultiPoint"",""coordinates"":[]}"
000000000000000037c1_0,2401,1613,421,702,727,1206,2235,2514,2613,2850,"{""type"":""MultiPoint"",""coordinates"":[]}"
000000000000000037c4_0,3815,2946,1072,1653,2214,2434,2618,2453,2592,2679,"{""type"":""MultiPoint"",""coordinates"":[]}"
000000000000000037c6_0,1872,968,263,487,313,941,2307,2681,2727,2994,"{""type"":""MultiPoint"",""coordinates"":[]}"
000000000000000037c9_0,6155,6116,2111,3247,4403,4734,4741,4920,5107,4952,"{""type"":""MultiPoint"",""coordinates"":[]}"
000000000000000037cc_0,5709,5192,1990,2861,3837,4144,4173,4262,4413,4180,"{""type"":""MultiPoint"",""coordinates"":[]}"
000000000000000037ce_0,1663,973,340,511,433,896,1895,2126,2427,2325,"{""type"":""MultiPoint"",""coordinates"":[]}"
000000000000000037d1_0,6004,5500,1904,2982,4367,4781,4854,4993,5123,4896,"{""type"":""MultiPoint"",""coordinates"":[]}"
000000000000000037d9_0,6099,5682,1657,2825,4252,4579,4740,4809,4948,4725,"{""type"":""MultiPoint"",""coordinates"":[]}"
000000000000000037db_0,1954,998,268,488,311,878,2193,2530,2607,2800,"{""type"":""MultiPoint"",""coordinates"":[]}"
000000000000000037de_0,3469,3489,1442,1858,2458,2675,2659,2746,2916,2877,"{""type"":""MultiPoint"",""coordinates"":[]}"
000000000000000037e1_0,6753,6615,1595,2851,4723,5128,5294,5438,5803,5483,"{""type"":""MultiPoint"",""coordinates"":[]}"
000000000000000037e3_0,2787,2124,779,1047,1394,1815,2105,2261,2338,2413,"{""type"":""MultiPoint"",""coordinates"":[]}"
000000000000000037eb_0,5950,5671,2569,3349,4302,4586,4629,4757,5031,4834,"{""type"":""MultiPoint"",""coordinates"":[]}"
000000000000000037ee_0,5733,5341,1469,2372,3475,3793,3984,4086,4143,3874,"{""type"":""MultiPoint"",""coordinates"":[]}"
000000000000000037f3_0,2439,2180,552,703,889,970,981,1128,1247,1373,"{""type"":""MultiPoint"",""coordinates"":[]}"
000000000000000037f4_0,4124,3212,1060,1441,1906,2202,2707,2905,3110,3217,"{""type"":""MultiPoint"",""coordinates"":[]}"
000000000000000037f6_0,5816,5770,1769,2879,4221,4563,4603,4731,4932,4743,"{""type"":""MultiPoint"",""coordinates"":[]}"
000000000000000037fb_0,4095,3065,990,1556,2274,2614,2707,2694,2737,2808,"{""type"":""MultiPoint"",""coordinates"":[]}"
000000000000000037fd_0,1394,591,192,328,132,570,2283,3047,3265,3383,"{""type"":""MultiPoint"",""coordinates"":[]}"
00000000000000003800_0,7249,7199,2183,3444,5039,5524,5593,5698,6122,5841,"{""type"":""MultiPoint"",""coordinates"":[]}"
00000000000000003805_0,714,385,898,1018,827,1078,1427,1533,1483,1573,"{""type"":""MultiPoint"",""coordinates"":[]}"
00000000000000003808_0,7154,6864,2117,3331,4881,5365,5534,5665,5882,5574,"{""type"":""MultiPoint"",""coordinates"":[]}"
00000000000000003810_0,6635,6425,1723,2876,4456,4858,5025,5183,5387,5173,"{""type"":""MultiPoint"",""coordinates"":[]}"
00000000000000003812_0,1123,445,13,131,41,405,1477,2673,2039,2625,"{""type"":""MultiPoint"",""coordinates"":[]}"
00000000000000003815_0,4536,4839,1954,2595,3157,3342,3302,3384,3413,3376,"{""type"":""MultiPoint"",""coordinates"":[]}"
00000000000000003818_0,5577,5522,1547,2404,3666,4034,4115,4295,4497,4334,"{""type"":""MultiPoint"",""coordinates"":[]}"
0000000000000000381d_0,4867,4093,981,1578,2827,3161,3277,3312,3374,3241,"{""type"":""MultiPoint"",""coordinates"":[]}"
0000000000000000381f_0,2443,2146,707,855,993,1285,2040,2473,2586,2636,"{""type"":""MultiPoint"",""coordinates"":[]}"
00000000000000003822_0,5914,5742,984,1791,3622,4092,4265,4477,4755,4610,"{""type"":""MultiPoint"",""coordinates"":[]}"
00000000000000003825_0,6517,6360,1808,2822,4081,4516,4619,4813,4986,4757,"{""type"":""MultiPoint"",""coordinates"":[]}"
0000000000000000382a_0,4187,3896,1007,1828,2848,3088,3203,3207,3287,3209,"{""type"":""MultiPoint"",""coordinates"":[]}"
00000000000000003832_0,5644,4999,1324,2203,3647,4057,4180,4305,4418,4267,"{""type"":""MultiPoint"",""coordinates"":[]}"
0000000000000000383a_0,6526,6470,1785,2714,4300,4684,4768,4923,5172,4980,"{""type"":""MultiPoint"",""coordinates"":[]}"
0000000000000000383c_0,2024,1084,466,690,467,1084,2810,3254,3399,3676,"{""type"":""MultiPoint"",""coordinates"":[]}"
0000000000000000384d_0,1617,846,183,378,268,738,1957,2338,2379,2565,"{""type"":""MultiPoint"",""coordinates"":[]}"
0000000000000000384f_0,6874,6794,1904,3060,4727,5225,5278,5486,5685,5535,"{""type"":""MultiPoint"",""coordinates"":[]}"
00000000000000003851_0,2375,1611,410,584,586,967,2214,2586,2749,2785,"{""type"":""MultiPoint"",""coordinates"":[]}"
00000000000000003856_0,3774,2915,839,1152,1569,1913,2182,2401,2522,2656,"{""type"":""MultiPoint"",""coordinates"":[]}"
00000000000000003859_0,6450,6414,1927,3059,4475,4868,4945,5127,5353,5249,"{""type"":""MultiPoint"",""coordinates"":[]}"
0000000000000000385c_0,6121,5772,1502,2649,4142,4497,4621,4736,4955,4739,"{""type"":""MultiPoint"",""coordinates"":[]}"
0000000000000000385e_0,2519,1878,677,886,996,1254,2032,2375,2467,2490,"{""type"":""MultiPoint"",""coordinates"":[]}"
00000000000000003861_0,6599,6352,1710,2967,4547,4910,5053,5226,5452,5173,"{""type"":""MultiPoint"",""coordinates"":[]}"
0000000000000000386b_0,3335,2459,762,1114,1348,1631,2376,2708,2771,2983,"{""type"":""MultiPoint"",""coordinates"":[]}"
0000000000000000386e_0,4150,3580,2409,3011,3670,3801,3808,3682,3843,3783,"{""type"":""MultiPoint"",""coordinates"":[]}"
00000000000000003871_0,6652,6518,1603,2874,4715,5066,5180,5303,5605,5420,"{""type"":""MultiPoint"",""coordinates"":[]}"
00000000000000003873_0,2513,2382,1401,1628,1726,1951,2046,2197,2083,2282,"{""type"":""MultiPoint"",""coordinates"":[]}"
00000000000000003876_0,7028,6499,1536,2730,4589,4973,5212,5290,5454,5153,"{""type"":""MultiPoint"",""coordinates"":[]}"
0000000000000000387b_0,6386,6361,1830,2812,4268,4590,4696,4870,5139,4989,"{""type"":""MultiPoint"",""coordinates"":[]}"
0000000000000000387e_0,5490,5005,1517,2334,3432,3755,3875,4003,4142,4038,"{""type"":""MultiPoint"",""coordinates"":[]}"
00000000000000003890_0,7045,6577,1310,2312,4329,4828,5048,5233,5485,5320,"{""type"":""MultiPoint"",""coordinates"":[]}"
00000000000000003891_0,1213,509,219,485,261,891,2482,2874,2955,3199,"{""type"":""MultiPoint"",""coordinates"":[]}"
00000000000000003893_0,6497,6246,1208,2293,4163,4620,4754,4869,5037,4889,"{""type"":""MultiPoint"",""coordinates"":[]}"
00000000000000003895_0,2743,2013,566,782,1045,1364,1748,2057,2020,2273,"{""type"":""MultiPoint"",""coordinates"":[]}"
00000000000000003898_0,7377,6683,1840,3200,4731,5272,5489,5654,5848,5549,"{""type"":""MultiPoint"",""coordinates"":[]}"
000000000000000038a0_0,6291,5829,1718,2796,4062,4463,4595,4744,4901,4748,"{""type"":""MultiPoint"",""coordinates"":[]}"
000000000000000038a2_0,1240,507,81,242,91,468,1678,2091,2066,2434,"{""type"":""MultiPoint"",""coordinates"":[]}"
000000000000000038a5_0,3811,3711,1447,1919,2282,2643,2630,2823,2648,2881,"{""type"":""MultiPoint"",""coordinates"":[]}"
000000000000000038a8_0,6940,6198,1614,2985,4973,5413,5593,5604,6139,5875,"{""type"":""MultiPoint"",""coordinates"":[]}"
000000000000000038ad_0,6362,5931,1397,2398,3951,4365,4613,4760,4827,4625,"{""type"":""MultiPoint"",""coordinates"":[]}"
000000000000000038af_0,1389,597,238,402,200,591,2054,2834,3028,2912,"{""type"":""MultiPoint"",""coordinates"":[]}"
000000000000000038b2_0,6368,6137,1760,2992,4447,4826,4871,5038,5333,5195,"{""type"":""MultiPoint"",""coordinates"":[]}"
000000000000000038b5_0,6793,5946,2363,3520,4827,5251,5345,5485,5764,5632,"{""type"":""MultiPoint"",""coordinates"":[]}"
000000000000000038b7_0,1776,761,162,526,228,994,2878,3253,3529,3572,"{""type"":""MultiPoint"",""coordinates"":[]}"
000000000000000038ba_0,6725,6296,1735,2871,4763,5283,5412,5557,5726,5514,"{""type"":""MultiPoint"",""coordinates"":[]}"
000000000000000038c2_0,6901,6579,1874,2959,4613,5057,5192,5307,5440,5227,"{""type"":""MultiPoint"",""coordinates"":[]}"
000000000000000038c4_0,3462,2330,778,1195,1612,2028,2388,2666,2816,3037,"{""type"":""MultiPoint"",""coordinates"":[]}"
000000000000000038c7_0,5588,5562,2301,3038,4040,4377,4354,4444,4522,4474,"{""type"":""MultiPoint"",""coordinates"":[]}"
000000000000000038ca_0,6829,6558,1289,2310,4355,4845,4998,5189,5377,5321,"{""type"":""MultiPoint"",""coordinates"":[]}"
000000000000000038cf_0,6866,6332,1358,2417,4099,4571,4812,4967,5108,4974,"{""type"":""MultiPoint"",""coordinates"":[]}"
000000000000000038d4_0,5095,4712,1771,2376,3316,3596,3631,3753,3912,3766,"{""type"":""MultiPoint"",""coordinates"":[]}"
000000000000000038dc_0,3412,3256,1374,2057,2558,2540,2664,2673,3045,2851,"{""type"":""MultiPoint"",""coordinates"":[]}"
000000000000000038dd_0,1695,889,313,529,333,846,2294,2633,2717,2859,"{""type"":""MultiPoint"",""coordinates"":[]}"
000000000000000038df_0,6282,6072,2206,3323,4606,4928,4977,5074,5366,5141,"{""type"":""MultiPoint"",""coordinates"":[]}"
000000000000000038e4_0,2945,2716,838,1300,1969,2026,2173,2226,2399,2350,"{""type"":""MultiPoint"",""coordinates"":[]}"
000000000000000038e6_0,1560,650,210,483,250,774,2739,3685,3632,3856,"{""type"":""MultiPoint"",""coordinates"":[]}"
000000000000000038e9_0,6434,6387,1844,2950,4290,4672,4749,4936,5170,5067,"{""type"":""MultiPoint"",""coordinates"":[]}"
000000000000000038ea_0,1606,655,140,393,178,758,2677,3187,3309,3582,"{""type"":""MultiPoint"",""coordinates"":[]}"
000000000000000038f1_0,7095,6887,1966,3206,4903,5293,5422,5601,5844,5619,"{""type"":""MultiPoint"",""coordinates"":[]}"
000000000000000038f9_0,6323,5790,1678,2737,4095,4445,4570,4765,4892,4721,"{""type"":""MultiPoint"",""coordinates"":[]}"
000000000000000038fb_0,1044,409,123,261,143,438,1660,1967,1959,2225,"{""type"":""MultiPoint"",""coordinates"":[]}"
000000000000000038fe_0,2496,2364,844,1088,1436,1542,1610,1724,1841,1884,"{""type"":""MultiPoint"",""coordinates"":[]}"
00000000000000003901_0,7085,6659,1748,3071,5070,5494,5648,5790,6128,5849,"{""type"":""MultiPoint"",""coordinates"":[]}"
00000000000000003906_0,6221,5726,1090,2061,3867,4348,4559,4626,4678,4421,"{""type"":""MultiPoint"",""coordinates"":[]}"
00000000000000003908_0,1964,1196,801,1053,817,1367,2505,2934,3077,3095,"{""type"":""MultiPoint"",""coordinates"":[]}"
0000000000000000390b_0,7067,7150,1043,1892,4120,4739,4922,5183,5505,5406,"{""type"":""MultiPoint"",""coordinates"":[]}"
0000000000000000390e_0,5705,5304,1677,2540,3676,4133,4127,4252,4310,4255,"{""type"":""MultiPoint"",""coordinates"":[]}"
00000000000000003910_0,1413,768,545,798,769,1164,1792,2054,2017,2202,"{""type"":""MultiPoint"",""coordinates"":[]}"
00000000000000003913_0,5521,5066,2252,3121,4203,4471,4487,4586,4837,4496,"{""type"":""MultiPoint"",""coordinates"":[]}"
00000000000000003914_0,2012,963,356,647,424,949,3093,3951,3996,4228,"{""type"":""MultiPoint"",""coordinates"":[]}"
0000000000000000391d_0,993,366,126,205,96,343,1331,1817,1913,2063,"{""type"":""MultiPoint"",""coordinates"":[]}"
00000000000000003920_0,6429,6205,2024,3000,4385,4748,4876,4982,5176,5019,"{""type"":""MultiPoint"",""coordinates"":[]}"
00000000000000003923_0,6899,6772,1409,2430,4445,4913,5069,5248,5495,5262,"{""type"":""MultiPoint"",""coordinates"":[]}"
00000000000000003925_0,1817,1352,921,1007,998,1312,1700,1949,1934,1928,"{""type"":""MultiPoint"",""coordinates"":[]}"
00000000000000003928_0,7398,6960,1847,3042,4766,5297,5408,5593,5732,5590,"{""type"":""MultiPoint"",""coordinates"":[]}"
00000000000000003930_0,6901,6268,1584,2805,4386,4833,5028,5179,5313,5083,"{""type"":""MultiPoint"",""coordinates"":[]}"
00000000000000003936_0,1701,746,162,402,224,765,2377,2992,3041,3178,"{""type"":""MultiPoint"",""coordinates"":[]}"
00000000000000003938_0,7253,6588,1731,3222,5403,5846,5931,6121,6462,6134,"{""type"":""MultiPoint"",""coordinates"":[]}"
0000000000000000393d_0,3823,2811,1137,1790,2580,2780,2814,2978,3019,2975,"{""type"":""MultiPoint"",""coordinates"":[]}"
00000000000000003942_0,6073,6089,1857,2983,4357,4733,4805,4888,5102,5038,"{""type"":""MultiPoint"",""coordinates"":[]}"
00000000000000003947_0,2587,1704,658,857,1051,1411,1727,1862,1987,2249,"{""type"":""MultiPoint"",""coordinates"":[]}"
0000000000000000394a_0,4576,4196,2022,2738,3524,3749,3763,3832,3948,3748,"{""type"":""MultiPoint"",""coordinates"":[]}"
00000000000000003954_0,2480,1562,427,775,676,1310,2455,2689,2786,3019,"{""type"":""MultiPoint"",""coordinates"":[]}"
00000000000000003957_0,5934,5961,2332,3205,4269,4623,4616,4719,4787,4704,"{""type"":""MultiPoint"",""coordinates"":[]}"
0000000000000000395a_0,7467,7198,1704,2930,5049,5631,5779,5959,6162,6023,"{""type"":""MultiPoint"",""coordinates"":[]}"
0000000000000000395f_0,6807,6477,1402,2582,4513,4970,5183,5311,5409,5184,"{""type"":""MultiPoint"",""coordinates"":[]}"
00000000000000003964_0,6285,5420,2375,3233,4502,4920,4943,5062,5200,5130,"{""type"":""MultiPoint"",""coordinates"":[]}"
0000000000000000396c_0,4769,4782,1927,2642,3289,3705,3577,3707,3627,3610,"{""type"":""MultiPoint"",""coordinates"":[]}"
0000000000000000396d_0,4025,3463,1475,2011,2721,3165,3407,3627,3686,3660,"{""type"":""MultiPoint"",""coordinates"":[]}"
00000000000000003974_0,5309,5242,1544,2422,3688,3996,4127,4259,4345,4202,"{""type"":""MultiPoint"",""coordinates"":[]}"
00000000000000003976_0,1201,453,188,319,173,488,1906,2441,2694,2727,"{""type"":""MultiPoint"",""coordinates"":[]}"
00000000000000003979_0,6552,6231,1835,2961,4387,4789,4928,5095,5415,5170,"{""type"":""MultiPoint"",""coordinates"":[]}"
0000000000000000397a_0,1572,646,178,290,176,508,2086,2712,2789,2956,"{""type"":""MultiPoint"",""coordinates"":[]}"
0000000000000000397c_0,7006,6829,1986,3163,4879,5308,5439,5588,5803,5580,"{""type"":""MultiPoint"",""coordinates"":[]}"
00000000000000003981_0,7250,6645,1938,3299,4923,5416,5575,5724,5868,5672,"{""type"":""MultiPoint"",""coordinates"":[]}"
00000000000000003989_0,6680,6005,1676,3013,4644,5031,5263,5333,5530,5289,"{""type"":""MultiPoint"",""coordinates"":[]}"
0000000000000000398e_0,1748,1678,654,978,1085,1390,1556,1600,1649,1600,"{""type"":""MultiPoint"",""coordinates"":[]}"
00000000000000003991_0,7404,7131,2267,3626,5530,6015,5979,6138,6501,6195,"{""type"":""MultiPoint"",""coordinates"":[]}"
00000000000000003993_0,1740,1206,398,575,550,883,1516,1747,1828,2038,"{""type"":""MultiPoint"",""coordinates"":[]}"
00000000000000003998_0,1511,997,425,685,774,1048,1451,1579,1739,1794,"{""type"":""MultiPoint"",""coordinates"":[]}"
0000000000000000399b_0,6635,6669,1270,2227,4264,4811,4931,5104,5323,5303,"{""type"":""MultiPoint"",""coordinates"":[]}"
0000000000000000399e_0,5244,4883,1282,2033,3016,3388,3525,3670,3680,3648,"{""type"":""MultiPoint"",""coordinates"":[]}"
000000000000000039a0_0,2053,1263,416,762,781,1356,2378,2738,2785,3001,"{""type"":""MultiPoint"",""coordinates"":[]}"
000000000000000039a3_0,4627,4189,1208,1952,2935,3189,3310,3403,3479,3266,"{""type"":""MultiPoint"",""coordinates"":[]}"
000000000000000039ab_0,6716,6071,1739,2899,4435,4936,5125,5216,5346,5123,"{""type"":""MultiPoint"",""coordinates"":[]}"
000000000000000039ad_0,1686,698,177,461,180,763,2410,3140,2988,3283,"{""type"":""MultiPoint"",""coordinates"":[]}"
000000000000000039b3_0,6993,6826,1521,2782,4735,5157,5291,5437,5666,5371,"{""type"":""MultiPoint"",""coordinates"":[]}"
000000000000000039ba_0,2043,1163,322,611,457,1048,3099,3818,3697,3985,"{""type"":""MultiPoint"",""coordinates"":[]}"
000000000000000039bd_0,5965,5930,1431,2411,3905,4152,4235,4717,4763,4407,"{""type"":""MultiPoint"",""coordinates"":[]}"
000000000000000039c6_0,3459,2480,873,1143,1356,1781,2241,2452,2532,2732,"{""type"":""MultiPoint"",""coordinates"":[]}"
000000000000000039cd_0,2987,2610,926,1325,1852,1987,2187,2224,2218,2364,"{""type"":""MultiPoint"",""coordinates"":[]}"
000000000000000039cf_0,2161,970,200,408,223,719,2826,3817,3822,4307,"{""type"":""MultiPoint"",""coordinates"":[]}"
000000000000000039d2_0,6176,5985,1974,3139,4432,4826,4921,4992,5220,5166,"{""type"":""MultiPoint"",""coordinates"":[]}"
000000000000000039d3_0,1400,553,251,367,207,591,2346,3109,3292,3418,"{""type"":""MultiPoint"",""coordinates"":[]}"
000000000000000039d5_0,7171,6438,1875,3255,4967,5425,5579,5731,6000,5671,"{""type"":""MultiPoint"",""coordinates"":[]}"
000000000000000039d7_0,1349,648,159,370,239,696,1865,2215,2228,2439,"{""type"":""MultiPoint"",""coordinates"":[]}"
000000000000000039e0_0,1208,469,176,310,138,588,2034,2632,2770,3056,"{""type"":""MultiPoint"",""coordinates"":[]}"
000000000000000039e2_0,7216,6932,2020,3414,5098,5496,5658,5793,6030,5789,"{""type"":""MultiPoint"",""coordinates"":[]}"
000000000000000039e4_0,2157,1182,450,680,587,1065,2345,2627,2657,3009,"{""type"":""MultiPoint"",""coordinates"":[]}"
000000000000000039e7_0,2918,2803,989,1334,1694,1840,1850,1907,1956,1972,"{""type"":""MultiPoint"",""coordinates"":[]}"
000000000000000039ea_0,7129,6996,2143,3420,5179,5630,5682,5828,6048,5895,"{""type"":""MultiPoint"",""coordinates"":[]}"
000000000000000039ef_0,7735,7388,1914,3244,5227,5709,5846,6038,6097,6001,"{""type"":""MultiPoint"",""coordinates"":[]}"
000000000000000039f4_0,6914,6792,1966,3269,5373,5691,5254,6017,6445,5984,"{""type"":""MultiPoint"",""coordinates"":[]}"
000000000000000039fc_0,3849,3734,1072,1557,2171,2367,2425,2613,2599,2597,"{""type"":""MultiPoint"",""coordinates"":[]}"
00000000000000003a04_0,6872,6549,1513,2570,3905,4305,4515,4729,4810,4614,"{""type"":""MultiPoint"",""coordinates"":[]}"
00000000000000003a06_0,2064,1246,334,459,578,911,1176,1544,1420,1901,"{""type"":""MultiPoint"",""coordinates"":[]}"
00000000000000003a09_0,6574,6322,1659,2670,4177,4679,4764,4937,5102,5022,"{""type"":""MultiPoint"",""coordinates"":[]}"
00000000000000003a0c_0,6452,5968,1725,2865,4378,4768,4949,5103,5285,5092,"{""type"":""MultiPoint"",""coordinates"":[]}"
00000000000000003a0e_0,1883,938,324,515,379,874,2055,2424,2538,2656,"{""type"":""MultiPoint"",""coordinates"":[]}"
00000000000000003a11_0,7112,6476,1867,2996,4563,5040,5175,5385,5465,5309,"{""type"":""MultiPoint"",""coordinates"":[]}"
00000000000000003a19_0,6203,5089,1275,2202,3456,3820,3903,3988,4097,3903,"{""type"":""MultiPoint"",""coordinates"":[]}"
00000000000000003a1f_0,695,299,11,99,61,223,718,914,1075,1123,"{""type"":""MultiPoint"",""coordinates"":[]}"
00000000000000003a21_0,5083,4904,1300,2377,3741,4160,4187,4256,4419,4316,"{""type"":""MultiPoint"",""coordinates"":[]}"
00000000000000003a26_0,5907,5362,1173,2244,4071,4533,4750,4766,4909,4794,"{""type"":""MultiPoint"",""coordinates"":[]}"
00000000000000003a28_0,1982,889,199,484,224,908,2849,3306,3489,3634,"{""type"":""MultiPoint"",""coordinates"":[]}"
00000000000000003a2e_0,4763,4250,1363,2176,3068,3355,3506,3517,3631,3610,"{""type"":""MultiPoint"",""coordinates"":[]}"
00000000000000003a33_0,5504,5339,2025,2969,4131,4420,4466,4561,4737,4595,"{""type"":""MultiPoint"",""coordinates"":[]}"
00000000000000003a40_0,5728,5093,1492,2225,3455,3882,3960,4043,4041,4041,"{""type"":""MultiPoint"",""coordinates"":[]}"
00000000000000003a43_0,7475,7085,1671,2942,5149,5709,5854,6090,6257,6093,"{""type"":""MultiPoint"",""coordinates"":[]}"
00000000000000003a45_0,1997,1053,423,633,430,1003,2796,3327,3323,3525,"{""type"":""MultiPoint"",""coordinates"":[]}"
00000000000000003a48_0,7168,6414,1259,2187,4175,4684,4896,5024,5074,4864,"{""type"":""MultiPoint"",""coordinates"":[]}"
00000000000000003a50_0,6134,5348,1323,2381,3770,4236,4333,4416,4477,4367,"{""type"":""MultiPoint"",""coordinates"":[]}"
00000000000000003a55_0,2538,2410,774,1135,1523,1550,1654,1746,1900,1830,"{""type"":""MultiPoint"",""coordinates"":[]}"
00000000000000003a58_0,6506,6032,1558,2788,4465,4939,5039,5198,5493,5288,"{""type"":""MultiPoint"",""coordinates"":[]}"
00000000000000003a5d_0,6683,6519,1918,3138,5004,5434,5521,5613,5852,5629,"{""type"":""MultiPoint"",""coordinates"":[]}"
00000000000000003a62_0,7103,7082,2260,3552,5090,5559,5626,5801,5994,5863,"{""type"":""MultiPoint"",""coordinates"":[]}"
00000000000000003a65_0,7057,6409,2132,3622,5250,5635,5822,5900,6144,5870,"{""type"":""MultiPoint"",""coordinates"":[]}"
00000000000000003a67_0,2436,1647,469,611,651,1077,1680,1942,1938,2250,"{""type"":""MultiPoint"",""coordinates"":[]}"
00000000000000003a72_0,7299,6918,1909,3180,4914,5366,5566,5729,5952,5730,"{""type"":""MultiPoint"",""coordinates"":[]}"
00000000000000003a74_0,1514,652,114,327,139,685,2211,3109,3237,3401,"{""type"":""MultiPoint"",""coordinates"":[]}"
00000000000000003a77_0,3574,3041,1090,1549,1847,2256,2561,2949,2885,3039,"{""type"":""MultiPoint"",""coordinates"":[]}"
00000000000000003a7a_0,7416,6917,2639,4148,5734,6094,6220,6070,6494,6422,"{""type"":""MultiPoint"",""coordinates"":[]}"
00000000000000003a7f_0,7311,6730,1693,2938,4783,5241,5440,5510,5712,5458,"{""type"":""MultiPoint"",""coordinates"":[]}"
00000000000000003a84_0,7131,6973,1245,2236,4412,5042,5231,5491,5795,5724,"{""type"":""MultiPoint"",""coordinates"":[]}"
00000000000000003a87_0,3442,3062,842,1180,1582,1688,1733,1904,2206,2213,"{""type"":""MultiPoint"",""coordinates"":[]}"
00000000000000003a8d_0,1929,878,211,471,268,833,2760,3289,3353,3576,"{""type"":""MultiPoint"",""coordinates"":[]}"
00000000000000003a92_0,2433,1533,425,653,638,1031,1543,1767,1786,1986,"{""type"":""MultiPoint"",""coordinates"":[]}"
00000000000000003a96_0,1938,1075,247,445,475,913,1528,1716,1923,2003,"{""type"":""MultiPoint"",""coordinates"":[]}"
00000000000000003a99_0,7559,7304,1423,2426,4582,5205,5316,5557,5734,5650,"{""type"":""MultiPoint"",""coordinates"":[]}"
00000000000000003a9e_0,2506,1408,437,629,490,1182,2567,3001,3036,3362,"{""type"":""MultiPoint"",""coordinates"":[]}"
00000000000000003aa1_0,7520,7095,1978,3160,4679,5131,5316,5499,5650,5463,"{""type"":""MultiPoint"",""coordinates"":[]}"
00000000000000003aa9_0,6473,5307,1988,3020,4272,4726,4883,4957,5237,5117,"{""type"":""MultiPoint"",""coordinates"":[]}"
00000000000000003aaf_0,2422,1847,819,1170,1085,1566,2686,3086,3446,3628,"{""type"":""MultiPoint"",""coordinates"":[]}"
00000000000000003ab1_0,4887,4842,1096,1811,2786,3011,3115,3209,3380,3233,"{""type"":""MultiPoint"",""coordinates"":[]}"
00000000000000003abb_0,6114,6145,1649,2742,4314,4662,4685,4933,5082,4981,"{""type"":""MultiPoint"",""coordinates"":[]}"
00000000000000003ac0_0,2378,1399,361,667,578,1317,2480,2844,2929,3112,"{""type"":""MultiPoint"",""coordinates"":[]}"
00000000000000003ac3_0,5422,5069,1585,2412,3425,3726,3787,3871,3914,3728,"{""type"":""MultiPoint"",""coordinates"":[]}"
00000000000000003acb_0,8038,7768,2689,4131,5764,6191,6318,6527,6771,6531,"{""type"":""MultiPoint"",""coordinates"":[]}"
00000000000000003ad0_0,4695,4669,1400,2057,3058,3330,3486,3543,3598,3553,"{""type"":""MultiPoint"",""coordinates"":[]}"
00000000000000003ad3_0,7356,7144,1896,3163,5195,5728,5776,5985,6124,5997,"{""type"":""MultiPoint"",""coordinates"":[]}"
00000000000000003ad5_0,2035,989,283,588,360,1012,3215,3755,3874,3871,"{""type"":""MultiPoint"",""coordinates"":[]}"
00000000000000003ad8_0,6827,5824,1119,2255,4292,4675,4912,5080,5188,4958,"{""type"":""MultiPoint"",""coordinates"":[]}"
00000000000000003add_0,6804,5875,3183,4063,5161,5607,5564,5741,5882,5807,"{""type"":""MultiPoint"",""coordinates"":[]}"
00000000000000003ae0_0,4789,3944,1310,2009,2905,3124,3242,3434,3562,3478,"{""type"":""MultiPoint"",""coordinates"":[]}"
00000000000000003ae6_0,1941,1127,369,595,560,1043,2013,2351,2391,2524,"{""type"":""MultiPoint"",""coordinates"":[]}"
00000000000000003aed_0,7724,7134,1660,3110,5398,6018,6167,6352,6639,6319,"{""type"":""MultiPoint"",""coordinates"":[]}"
00000000000000003aef_0,1833,1031,281,473,357,902,2250,2690,2584,2913,"{""type"":""MultiPoint"",""coordinates"":[]}"
00000000000000003af2_0,6884,6579,1897,3021,4639,5076,5176,5372,5606,5500,"{""type"":""MultiPoint"",""coordinates"":[]}"
00000000000000003af3_0,1340,576,292,439,240,741,2348,2976,2819,3164,"{""type"":""MultiPoint"",""coordinates"":[]}"
00000000000000003af5_0,7420,6820,2746,4171,5855,6157,6343,6411,6722,6470,"{""type"":""MultiPoint"",""coordinates"":[]}"
00000000000000003af7_0,2024,1082,338,549,418,935,2156,2591,2665,2807,"{""type"":""MultiPoint"",""coordinates"":[]}"
00000000000000003afa_0,6868,6636,1626,2899,4678,5164,5296,5435,5561,5339,"{""type"":""MultiPoint"",""coordinates"":[]}"
00000000000000003b02_0,5685,5154,1610,2529,3773,4192,4372,4545,4664,4484,"{""type"":""MultiPoint"",""coordinates"":[]}"
00000000000000003b0a_0,5659,4773,1086,1984,3115,3418,3596,3617,3635,3355,"{""type"":""MultiPoint"",""coordinates"":[]}"
00000000000000003b0f_0,6787,6204,1356,2377,4251,4651,4841,4987,5099,4968,"{""type"":""MultiPoint"",""coordinates"":[]}"
00000000000000003b14_0,6196,5606,2767,3719,4813,5120,5161,5267,5557,5291,"{""type"":""MultiPoint"",""coordinates"":[]}"
00000000000000003b19_0,1338,670,453,692,542,1053,2305,2821,2950,3060,"{""type"":""MultiPoint"",""coordinates"":[]}"
00000000000000003b1c_0,5743,5559,1706,2773,4098,4496,4560,4618,4809,4627,"{""type"":""MultiPoint"",""coordinates"":[]}"
00000000000000003b1d_0,2174,1101,460,754,443,1133,2889,3420,3380,3679,"{""type"":""MultiPoint"",""coordinates"":[]}"
00000000000000003b22_0,2312,1457,508,783,850,1364,2103,2346,2354,2629,"{""type"":""MultiPoint"",""coordinates"":[]}"
00000000000000003b24_0,7146,6850,2189,3433,5007,5367,5500,5616,5892,5684,"{""type"":""MultiPoint"",""coordinates"":[]}"
00000000000000003b26_0,2172,1099,373,709,548,1321,2684,3096,3228,3419,"{""type"":""MultiPoint"",""coordinates"":[]}"
00000000000000003b29_0,6901,6723,1407,2563,4434,4860,5024,5236,5466,5363,"{""type"":""MultiPoint"",""coordinates"":[]}"
00000000000000003b2e_0,1675,905,524,853,516,1161,2897,3414,3593,3592,"{""type"":""MultiPoint"",""coordinates"":[]}"
00000000000000003b31_0,7424,6983,1762,2941,4855,5310,5479,5627,5788,5584,"{""type"":""MultiPoint"",""coordinates"":[]}"
00000000000000003b33_0,2160,927,204,479,209,869,2940,3791,3685,4166,"{""type"":""MultiPoint"",""coordinates"":[]}"
00000000000000003b36_0,5841,4962,1856,2668,3617,4009,4108,4240,4431,4460,"{""type"":""MultiPoint"",""coordinates"":[]}"
00000000000000003b39_0,6694,6499,1936,3162,4835,5202,5368,5564,5760,5528,"{""type"":""MultiPoint"",""coordinates"":[]}"
00000000000000003b3e_0,3363,2905,889,1445,1753,2378,2874,3084,3037,3161,"{""type"":""MultiPoint"",""coordinates"":[]}"
00000000000000003b3f_0,2068,1212,361,679,508,1057,2463,2898,3194,3236,"{""type"":""MultiPoint"",""coordinates"":[]}"
00000000000000003b48_0,3760,2498,549,888,1178,1723,2337,2600,2814,3067,"{""type"":""MultiPoint"",""coordinates"":[]}"
00000000000000003b4b_0,6230,5963,1734,3010,4503,4893,4999,5095,5345,5187,"{""type"":""MultiPoint"",""coordinates"":[]}"
00000000000000003b4c_0,1399,798,197,423,434,879,1532,1809,1723,2051,"{""type"":""MultiPoint"",""coordinates"":[]}"
00000000000000003b4e_0,6993,6301,2310,3788,5257,5647,5759,5879,6113,5911,"{""type"":""MultiPoint"",""coordinates"":[]}"
00000000000000003b50_0,2450,1713,578,800,1074,1435,1759,1986,2190,2259,"{""type"":""MultiPoint"",""coordinates"":[]}"
00000000000000003b53_0,6327,5824,1630,2821,4298,4661,4755,4844,5072,4924,"{""type"":""MultiPoint"",""coordinates"":[]}"
00000000000000003b5b_0,7694,7087,2398,3871,5661,6152,6274,6432,6666,6490,"{""type"":""MultiPoint"",""coordinates"":[]}"
00000000000000003b63_0,7439,7061,2221,3520,5274,5757,5858,6027,6225,6128,"{""type"":""MultiPoint"",""coordinates"":[]}"
00000000000000003b68_0,6911,6306,1188,2472,4285,4688,4980,5109,5213,4915,"{""type"":""MultiPoint"",""coordinates"":[]}"
00000000000000003b6d_0,6488,5474,2508,3438,4697,5160,5177,5351,5611,5489,"{""type"":""MultiPoint"",""coordinates"":[]}"
00000000000000003b70_0,3700,3497,991,1412,1941,2151,2172,2411,2521,2441,"{""type"":""MultiPoint"",""coordinates"":[]}"
00000000000000003b75_0,4663,4566,1553,2296,3200,3442,3572,3646,3778,3628,"{""type"":""MultiPoint"",""coordinates"":[]}"
00000000000000003b76_0,1370,560,166,368,213,665,1916,2410,2516,2624,"{""type"":""MultiPoint"",""coordinates"":[]}"
00000000000000003b79_0,1388,939,240,343,339,581,893,963,1044,1082,"{""type"":""MultiPoint"",""coordinates"":[]}"
00000000000000003b7b_0,1352,612,154,277,170,538,1709,1812,1986,2313,"{""type"":""MultiPoint"",""coordinates"":[]}"
00000000000000003b7d_0,7571,6965,2189,3624,5215,5656,5824,6010,6201,6016,"{""type"":""MultiPoint"",""coordinates"":[]}"
00000000000000003b7f_0,1297,513,109,235,125,463,1505,2078,2013,2299,"{""type"":""MultiPoint"",""coordinates"":[]}"
00000000000000003b82_0,6879,6744,1693,2865,4595,5066,5194,5379,5496,5461,"{""type"":""MultiPoint"",""coordinates"":[]}"
00000000000000003b83_0,1552,594,198,418,190,748,2908,3595,3678,4065,"{""type"":""MultiPoint"",""coordinates"":[]}"
00000000000000003b85_0,7244,6864,2066,3524,5365,5810,5888,6020,6249,5958,"{""type"":""MultiPoint"",""coordinates"":[]}"
00000000000000003b8a_0,6998,6298,1458,2782,4555,4986,5190,5311,5495,5270,"{""type"":""MultiPoint"",""coordinates"":[]}"
00000000000000003b92_0,6549,6139,1472,2554,4054,4499,4689,4853,5094,4783,"{""type"":""MultiPoint"",""coordinates"":[]}"
00000000000000003b9a_0,6300,6054,1958,3076,4254,4589,4650,4795,5108,4876,"{""type"":""MultiPoint"",""coordinates"":[]}"
00000000000000003ba1_0,2338,1072,373,682,381,1123,3277,3918,4346,4437,"{""type"":""MultiPoint"",""coordinates"":[]}"
00000000000000003ba7_0,7415,6794,1469,2972,5325,5543,5956,6022,6222,5650,"{""type"":""MultiPoint"",""coordinates"":[]}"
00000000000000003bac_0,5828,5620,1586,2702,4106,4424,4564,4600,4787,4547,"{""type"":""MultiPoint"",""coordinates"":[]}"
00000000000000003bb4_0,6837,6160,1926,3119,4550,5061,5233,5384,5566,5403,"{""type"":""MultiPoint"",""coordinates"":[]}"
00000000000000003bb6_0,2289,1170,347,639,407,1143,2755,3254,3343,3604,"{""type"":""MultiPoint"",""coordinates"":[]}"
00000000000000003bbc_0,7173,6565,1822,3197,5214,5720,5841,5914,6190,5974,"{""type"":""MultiPoint"",""coordinates"":[]}"
00000000000000003bbe_0,1893,1156,302,520,446,883,2015,2512,2332,2789,"{""type"":""MultiPoint"",""coordinates"":[]}"
00000000000000003bc1_0,7289,6498,1367,2648,4904,5386,5567,5671,5838,5583,"{""type"":""MultiPoint"",""coordinates"":[]}"
00000000000000003bc3_0,3689,2468,684,989,1102,1727,2808,3315,3300,3710,"{""type"":""MultiPoint"",""coordinates"":[]}"
00000000000000003bc6_0,6334,5400,2385,3321,4336,4676,4747,4913,5280,5151,"{""type"":""MultiPoint"",""coordinates"":[]}"
00000000000000003bc9_0,6034,5795,1886,2850,3966,4367,4502,4683,4682,4675,"{""type"":""MultiPoint"",""coordinates"":[]}"
00000000000000003bce_0,2934,3066,882,1146,1490,1648,1638,1714,1818,1850,"{""type"":""MultiPoint"",""coordinates"":[]}"
00000000000000003bcf_0,1968,1103,409,552,510,957,1797,2018,2104,2261,"{""type"":""MultiPoint"",""coordinates"":[]}"
00000000000000003bd6_0,7110,6530,2005,3367,5136,5663,5805,5949,6134,5962,"{""type"":""MultiPoint"",""coordinates"":[]}"
00000000000000003bd8_0,1230,505,134,315,164,636,1962,2472,2542,2719,"{""type"":""MultiPoint"",""coordinates"":[]}"
00000000000000003bdb_0,6643,6522,1991,3240,4778,5164,5234,5398,5665,5501,"{""type"":""MultiPoint"",""coordinates"":[]}"
00000000000000003be0_0,1670,722,287,463,285,833,2451,3067,3067,3323,"{""type"":""MultiPoint"",""coordinates"":[]}"
00000000000000003be3_0,6877,6419,1821,3163,4788,5188,5340,5488,5778,5437,"{""type"":""MultiPoint"",""coordinates"":[]}"
00000000000000003beb_0,3991,3446,994,1404,2063,2263,2352,2487,2509,2581,"{""type"":""MultiPoint"",""coordinates"":[]}"
00000000000000003bf1_0,1785,969,413,690,454,943,2338,2775,2715,2960,"{""type"":""MultiPoint"",""coordinates"":[]}"
00000000000000003bf3_0,6237,5618,1280,2284,3760,4206,4581,4625,4767,4554,"{""type"":""MultiPoint"",""coordinates"":[]}"
00000000000000003bf5_0,2128,1274,520,704,727,1121,1994,2273,2337,2511,"{""type"":""MultiPoint"",""coordinates"":[]}"
00000000000000003bfd_0,5995,5893,1246,2188,4044,4288,4420,4582,5124,4828,"{""type"":""MultiPoint"",""coordinates"":[]}"
00000000000000003c00_0,5432,4448,1341,2218,3271,3867,4212,4444,4672,4585,"{""type"":""MultiPoint"",""coordinates"":[]}"
00000000000000003c0d_0,7403,6899,2297,3690,5222,5628,5775,5943,6203,5989,"{""type"":""MultiPoint"",""coordinates"":[]}"
00000000000000003c0f_0,917,398,80,160,89,282,1099,1547,1446,1773,"{""type"":""MultiPoint"",""coordinates"":[]}"
00000000000000003c12_0,7105,6613,1378,2631,4695,5207,5394,5532,5677,5643,"{""type"":""MultiPoint"",""coordinates"":[]}"
00000000000000003c15_0,7735,7095,3164,4480,6055,6489,6541,6630,6949,6764,"{""type"":""MultiPoint"",""coordinates"":[]}"
00000000000000003c17_0,2088,1371,656,861,912,1409,2006,2332,2430,2709,"{""type"":""MultiPoint"",""coordinates"":[]}"
00000000000000003c1a_0,7100,6546,2192,3448,5017,5439,5581,5754,6036,5855,"{""type"":""MultiPoint"",""coordinates"":[]}"
00000000000000003c22_0,5813,5243,1601,2500,3632,3949,4115,4353,4520,4387,"{""type"":""MultiPoint"",""coordinates"":[]}"
00000000000000003c28_0,2427,1524,392,594,642,1105,2084,2462,2562,2595,"{""type"":""MultiPoint"",""coordinates"":[]}"
00000000000000003c2f_0,5970,5029,1439,2340,3524,3878,4015,4088,4123,3913,"{""type"":""MultiPoint"",""coordinates"":[]}"
00000000000000003c31_0,956,445,100,217,120,427,1356,1663,1751,1892,"{""type"":""MultiPoint"",""coordinates"":[]}"
00000000000000003c37_0,6058,5302,1384,2422,3839,4439,4747,4968,5129,4936,"{""type"":""MultiPoint"",""coordinates"":[]}"
00000000000000003c3c_0,4984,4665,1167,1947,2980,3301,3393,3506,3583,3369,"{""type"":""MultiPoint"",""coordinates"":[]}"
00000000000000003c44_0,7242,6692,1981,3424,5108,5575,5770,5914,6140,5914,"{""type"":""MultiPoint"",""coordinates"":[]}"
00000000000000003c49_0,3486,3170,1233,1694,1983,2323,2661,2780,2639,2816,"{""type"":""MultiPoint"",""coordinates"":[]}"
00000000000000003c4c_0,7077,6589,2553,3452,4969,5403,5552,5742,6109,5948,"{""type"":""MultiPoint"",""coordinates"":[]}"
00000000000000003c51_0,6934,6394,1177,2140,4365,4878,5094,5238,5320,5241,"{""type"":""MultiPoint"",""coordinates"":[]}"
00000000000000003c56_0,6265,5249,2006,3028,4140,4564,4631,4824,5083,4880,"{""type"":""MultiPoint"",""coordinates"":[]}"
00000000000000003c59_0,6393,6048,1450,2415,3940,4406,4568,4775,4955,4866,"{""type"":""MultiPoint"",""coordinates"":[]}"
00000000000000003c5e_0,4233,3819,1306,2157,3163,3450,3514,3666,3818,3730,"{""type"":""MultiPoint"",""coordinates"":[]}"
00000000000000003c66_0,7615,7028,2406,4064,5895,6357,6546,6657,6921,6666,"{""type"":""MultiPoint"",""coordinates"":[]}"
00000000000000003c68_0,1542,667,188,381,202,677,1890,2277,2397,2553,"{""type"":""MultiPoint"",""coordinates"":[]}"
00000000000000003c6b_0,6085,6067,1920,2897,4164,4538,4624,4752,4882,4779,"{""type"":""MultiPoint"",""coordinates"":[]}"
00000000000000003c6e_0,7307,6668,2153,3598,5376,5779,5960,6058,6405,6181,"{""type"":""MultiPoint"",""coordinates"":[]}"
00000000000000003c70_0,1938,824,262,524,249,856,3188,3992,3875,4310,"{""type"":""MultiPoint"",""coordinates"":[]}"
00000000000000003c79_0,1359,532,269,480,228,753,2822,3604,3753,3867,"{""type"":""MultiPoint"",""coordinates"":[]}"
00000000000000003c88_0,5990,5355,1263,2068,3441,3773,3969,3979,4148,3913,"{""type"":""MultiPoint"",""coordinates"":[]}"
00000000000000003c8a_0,1770,795,167,411,216,848,2781,3312,3217,3517,"{""type"":""MultiPoint"",""coordinates"":[]}"
00000000000000003c90_0,6453,5958,1503,2630,4003,4599,4896,5122,5143,5038,"{""type"":""MultiPoint"",""coordinates"":[]}"
00000000000000003c95_0,5505,5163,2123,3092,4016,4318,4406,4463,4593,4426,"{""type"":""MultiPoint"",""coordinates"":[]}"
00000000000000003c9f_0,1723,733,123,380,208,906,3198,3535,3746,3533,"{""type"":""MultiPoint"",""coordinates"":[]}"
00000000000000003ca2_0,6366,6099,1976,2964,4091,4426,4570,4752,4877,4907,"{""type"":""MultiPoint"",""coordinates"":[]}"
00000000000000003ca3_0,1649,941,310,559,582,1046,1841,2092,2042,2366,"{""type"":""MultiPoint"",""coordinates"":[]}"
00000000000000003ca5_0,7201,6389,1999,3400,5187,5618,5806,6024,6364,6078,"{""type"":""MultiPoint"",""coordinates"":[]}"
00000000000000003caa_0,7037,6343,1261,2340,4124,4641,4840,4961,4827,4675,"{""type"":""MultiPoint"",""coordinates"":[]}"
00000000000000003cac_0,2119,1391,512,746,784,1259,2358,3011,2994,3130,"{""type"":""MultiPoint"",""coordinates"":[]}"
00000000000000003cb2_0,5524,4970,1725,2469,3475,3832,3951,4167,4289,4257,"{""type"":""MultiPoint"",""coordinates"":[]}"
00000000000000003cb7_0,4927,5372,1917,2614,3464,3722,3756,3880,3902,3889,"{""type"":""MultiPoint"",""coordinates"":[]}"
00000000000000003cb8_0,1828,1122,361,669,509,1153,2386,2743,2638,2823,"{""type"":""MultiPoint"",""coordinates"":[]}"
00000000000000003cbf_0,6919,6157,2174,3711,5252,5688,5814,5954,6119,5911,"{""type"":""MultiPoint"",""coordinates"":[]}"
00000000000000003cc4_0,5841,5665,1674,2521,3818,4158,4252,4432,4618,4571,"{""type"":""MultiPoint"",""coordinates"":[]}"
00000000000000003cc7_0,7022,6584,1866,3164,4746,5182,5367,5560,5788,5589,"{""type"":""MultiPoint"",""coordinates"":[]}"
00000000000000003cc9_0,1861,790,357,596,343,843,2983,3549,3373,3479,"{""type"":""MultiPoint"",""coordinates"":[]}"
00000000000000003ccc_0,6400,5998,1579,2784,4279,4655,4816,4963,5214,4954,"{""type"":""MultiPoint"",""coordinates"":[]}"
00000000000000003cd4_0,3592,2808,808,1178,1596,1763,1913,1904,2009,2051,"{""type"":""MultiPoint"",""coordinates"":[]}"
00000000000000003cd9_0,2180,2000,719,1001,1350,1518,1500,1600,1623,1741,"{""type"":""MultiPoint"",""coordinates"":[]}"
00000000000000003cda_0,1767,933,266,525,364,871,2662,3404,3260,3604,"{""type"":""MultiPoint"",""coordinates"":[]}"
00000000000000003cdc_0,6825,6768,2146,3312,4979,5430,5504,5666,5984,5713,"{""type"":""MultiPoint"",""coordinates"":[]}"
00000000000000003cde_0,2279,1364,508,789,891,1469,2160,2395,2620,2662,"{""type"":""MultiPoint"",""coordinates"":[]}"
00000000000000003ce1_0,5710,5384,1175,2053,3610,4004,4173,4306,4447,4352,"{""type"":""MultiPoint"",""coordinates"":[]}"
00000000000000003ce6_0,6421,5731,2287,3033,4114,4493,4606,4797,5080,4988,"{""type"":""MultiPoint"",""coordinates"":[]}"
00000000000000003ce9_0,4040,3804,1154,1733,2403,2644,2693,2795,2969,2871,"{""type"":""MultiPoint"",""coordinates"":[]}"
00000000000000003cf4_0,1674,728,213,452,197,769,2951,3365,3680,3892,"{""type"":""MultiPoint"",""coordinates"":[]}"
00000000000000003cf6_0,7812,7413,2702,4183,5896,6309,6416,6614,6869,6672,"{""type"":""MultiPoint"",""coordinates"":[]}"
00000000000000003cf8_0,1383,585,141,270,130,442,1921,2304,2017,2449,"{""type"":""MultiPoint"",""coordinates"":[]}"
00000000000000003cfb_0,6975,6604,1862,3024,4843,5257,5406,5509,5819,5677,"{""type"":""MultiPoint"",""coordinates"":[]}"
00000000000000003cfc_0,987,557,143,330,258,627,1244,1455,1477,1608,"{""type"":""MultiPoint"",""coordinates"":[]}"
00000000000000003cfe_0,7468,6750,2514,3909,5666,6124,6221,6319,6633,6390,"{""type"":""MultiPoint"",""coordinates"":[]}"
00000000000000003d03_0,7229,6590,1351,2608,4568,5081,5247,5378,5509,5299,"{""type"":""MultiPoint"",""coordinates"":[]}"
00000000000000003d0b_0,5660,5130,1378,2240,3513,3834,4040,4179,4375,4099,"{""type"":""MultiPoint"",""coordinates"":[]}"
00000000000000003d11_0,2154,1301,554,751,642,1148,2401,2650,2800,2894,"{""type"":""MultiPoint"",""coordinates"":[]}"
00000000000000003d13_0,6681,5986,2037,3075,4252,4768,4955,5184,5064,5377,"{""type"":""MultiPoint"",""coordinates"":[]}"
00000000000000003d16_0,3352,2537,1786,2130,2018,2562,3487,3577,3794,4052,"{""type"":""MultiPoint"",""coordinates"":[]}"
00000000000000003d18_0,6585,5090,2700,3987,5200,5762,5874,5965,5779,5719,"{""type"":""MultiPoint"",""coordinates"":[]}"
00000000000000003d1d_0,6309,5643,2558,3636,4801,5051,5134,5301,5587,5356,"{""type"":""MultiPoint"",""coordinates"":[]}"
00000000000000003d20_0,6905,6044,1396,2695,4459,4997,5184,5401,5459,5320,"{""type"":""MultiPoint"",""coordinates"":[]}"
00000000000000003d2d_0,7674,7370,2489,3864,5504,5957,6050,6169,6387,6274,"{""type"":""MultiPoint"",""coordinates"":[]}"
00000000000000003d2f_0,1891,901,265,467,243,785,2110,2689,2817,2929,"{""type"":""MultiPoint"",""coordinates"":[]}"
00000000000000003d32_0,3206,3227,1199,1636,1954,2280,2558,2715,2645,2807,"{""type"":""MultiPoint"",""coordinates"":[]}"
00000000000000003d33_0,2326,1295,428,658,533,1081,2249,2697,2562,2891,"{""type"":""MultiPoint"",""coordinates"":[]}"
00000000000000003d35_0,7246,6553,2580,3749,5037,5605,5776,5874,5973,6091,"{""type"":""MultiPoint"",""coordinates"":[]}"
00000000000000003d3a_0,7255,6746,1792,3129,4831,5318,5447,5606,5776,5514,"{""type"":""MultiPoint"",""coordinates"":[]}"
00000000000000003d3f_0,7432,6334,3751,4909,6018,6548,6522,6562,6829,6662,"{""type"":""MultiPoint"",""coordinates"":[]}"
00000000000000003d42_0,5811,5039,1442,2385,3580,3949,4131,4300,4468,4377,"{""type"":""MultiPoint"",""coordinates"":[]}"
00000000000000003d48_0,2017,835,286,560,227,830,3626,4703,4705,4936,"{""type"":""MultiPoint"",""coordinates"":[]}"
00000000000000003d51_0,2420,1178,309,612,351,1048,3229,3778,3935,4107,"{""type"":""MultiPoint"",""coordinates"":[]}"
00000000000000003d55_0,1559,647,275,477,260,834,2467,3157,3227,3590,"{""type"":""MultiPoint"",""coordinates"":[]}"
00000000000000003d57_0,7516,6999,1961,3416,5472,5961,6125,6315,6557,6241,"{""type"":""MultiPoint"",""coordinates"":[]}"
00000000000000003d59_0,1424,649,247,434,293,712,1873,2219,2330,2489,"{""type"":""MultiPoint"",""coordinates"":[]}"
00000000000000003d5c_0,6885,6596,1969,3017,4473,4870,5014,5168,5492,5268,"{""type"":""MultiPoint"",""coordinates"":[]}"
00000000000000003d6a_0,1189,630,187,335,257,605,1346,1509,1383,1585,"{""type"":""MultiPoint"",""coordinates"":[]}"
00000000000000003d6c_0,5239,4627,1177,1857,2712,3836,4466,4832,4572,4887,"{""type"":""MultiPoint"",""coordinates"":[]}"
00000000000000003d71_0,6950,6569,1726,2900,4749,5306,5359,5586,5664,5477,"{""type"":""MultiPoint"",""coordinates"":[]}"
00000000000000003d76_0,6067,5547,2185,3022,4188,4579,4589,4791,4964,4900,"{""type"":""MultiPoint"",""coordinates"":[]}"
00000000000000003d79_0,5660,5000,1196,2041,3191,3666,3976,4225,4400,4237,"{""type"":""MultiPoint"",""coordinates"":[]}"
00000000000000003d7e_0,2720,2508,874,1205,1701,1846,1919,2019,2132,2062,"{""type"":""MultiPoint"",""coordinates"":[]}"
00000000000000003d86_0,8147,7645,3124,4620,6174,6598,6645,6834,7153,6950,"{""type"":""MultiPoint"",""coordinates"":[]}"
00000000000000003d8b_0,6753,6715,1736,2771,4360,4849,4886,5123,5179,5202,"{""type"":""MultiPoint"",""coordinates"":[]}"
00000000000000003d8c_0,499,247,210,387,275,605,1158,1129,1071,1189,"{""type"":""MultiPoint"",""coordinates"":[]}"
00000000000000003d8e_0,5953,4940,1490,2550,3915,4316,4458,4716,5089,4812,"{""type"":""MultiPoint"",""coordinates"":[]}"
00000000000000003d93_0,7374,6793,1793,3133,4856,5336,5552,5727,5876,5687,"{""type"":""MultiPoint"",""coordinates"":[]}"
00000000000000003d9b_0,5977,5710,1519,2407,3782,4193,4355,4592,4662,4679,"{""type"":""MultiPoint"",""coordinates"":[]}"
00000000000000003da0_0,3796,3741,1463,2006,2488,2697,2783,2832,2872,2871,"{""type"":""MultiPoint"",""coordinates"":[]}"
00000000000000003da3_0,6004,5264,1155,2111,3718,4327,4970,5183,5181,5302,"{""type"":""MultiPoint"",""coordinates"":[]}"
00000000000000003da8_0,5696,5414,2112,3112,4142,4481,4564,4691,4828,4632,"{""type"":""MultiPoint"",""coordinates"":[]}"
00000000000000003daa_0,1938,1175,338,534,568,1001,1730,2060,2101,2310,"{""type"":""MultiPoint"",""coordinates"":[]}"
00000000000000003dad_0,5887,5409,1961,2874,4047,4425,4511,4669,4823,4783,"{""type"":""MultiPoint"",""coordinates"":[]}"
00000000000000003db0_0,6988,6504,1962,3203,4750,5306,5495,5745,6016,5855,"{""type"":""MultiPoint"",""coordinates"":[]}"
00000000000000003db5_0,6255,5881,1286,2383,4007,4401,4642,4778,4918,4745,"{""type"":""MultiPoint"",""coordinates"":[]}"
00000000000000003dbd_0,6856,6278,1803,3125,4626,5069,5239,5397,5578,5287,"{""type"":""MultiPoint"",""coordinates"":[]}"
00000000000000003dbf_0,2673,1227,169,458,165,771,3400,4657,4896,4999,"{""type"":""MultiPoint"",""coordinates"":[]}"
00000000000000003dc2_0,3821,3180,394,1102,1805,2151,2267,2381,2475,2591,"{""type"":""MultiPoint"",""coordinates"":[]}"
00000000000000003dc5_0,5880,4884,1332,2422,4004,4597,4989,5162,5491,5346,"{""type"":""MultiPoint"",""coordinates"":[]}"
00000000000000003dc7_0,1920,1515,624,1016,1284,1503,1782,1825,1825,1820,"{""type"":""MultiPoint"",""coordinates"":[]}"
00000000000000003dcf_0,5423,4095,1586,2102,2822,3140,3262,3561,3633,3803,"{""type"":""MultiPoint"",""coordinates"":[]}"
00000000000000003dd2_0,5221,4010,1215,2026,3125,3515,3755,3951,4130,4074,"{""type"":""MultiPoint"",""coordinates"":[]}"
00000000000000003dd7_0,4215,4209,1480,2199,3026,3322,3373,3484,3581,3457,"{""type"":""MultiPoint"",""coordinates"":[]}"
00000000000000003de1_0,1834,775,191,444,207,778,2650,3304,3397,3683,"{""type"":""MultiPoint"",""coordinates"":[]}"
00000000000000003de5_0,2308,1192,419,779,618,1369,2658,3074,3168,3365,"{""type"":""MultiPoint"",""coordinates"":[]}"
00000000000000003de7_0,7320,6463,2401,3769,5390,6019,6190,6311,6463,6478,"{""type"":""MultiPoint"",""coordinates"":[]}"
00000000000000003de9_0,2445,1531,488,703,722,1177,2164,2366,2567,2673,"{""type"":""MultiPoint"",""coordinates"":[]}"
00000000000000003dec_0,7006,6479,1538,2684,4288,4724,4976,5149,5293,5113,"{""type"":""MultiPoint"",""coordinates"":[]}"
00000000000000003df4_0,4089,3891,1061,1683,3016,3291,3441,3539,3683,3581,"{""type"":""MultiPoint"",""coordinates"":[]}"
00000000000000003dfa_0,1463,766,216,374,368,743,1591,1790,1848,2019,"{""type"":""MultiPoint"",""coordinates"":[]}"
00000000000000003dfc_0,2846,1630,668,1203,1096,2004,3751,4315,4283,4615,"{""type"":""MultiPoint"",""coordinates"":[]}"
00000000000000003e01_0,6708,5952,1722,2793,4136,4473,4716,4881,5124,4834,"{""type"":""MultiPoint"",""coordinates"":[]}"
00000000000000003e03_0,1932,1221,297,546,534,994,2032,2400,2246,2497,"{""type"":""MultiPoint"",""coordinates"":[]}"
00000000000000003e06_0,5337,4330,1677,2258,3145,3437,3535,3845,4122,4082,"{""type"":""MultiPoint"",""coordinates"":[]}"
00000000000000003e0e_0,6196,5763,1264,2341,4137,4572,4745,4848,5066,4854,"{""type"":""MultiPoint"",""coordinates"":[]}"
00000000000000003e16_0,7812,7306,3017,4739,6356,6772,6866,6925,7230,6932,"{""type"":""MultiPoint"",""coordinates"":[]}"
00000000000000003e18_0,3171,2785,892,1279,1607,1862,2000,2148,2250,2274,"{""type"":""MultiPoint"",""coordinates"":[]}"
00000000000000003e1b_0,3718,3408,975,1330,1816,2001,2071,2192,2298,2380,"{""type"":""MultiPoint"",""coordinates"":[]}"
00000000000000003e1c_0,1839,886,303,631,351,1043,2905,3406,3340,3543,"{""type"":""MultiPoint"",""coordinates"":[]}"
00000000000000003e1e_0,6788,5869,2024,2980,4135,4966,5058,5177,5261,5553,"{""type"":""MultiPoint"",""coordinates"":[]}"
00000000000000003e20_0,1852,1064,331,502,385,802,2151,2474,2418,2650,"{""type"":""MultiPoint"",""coordinates"":[]}"
00000000000000003e23_0,6651,5604,1380,2458,4138,4576,4791,4846,4840,4653,"{""type"":""MultiPoint"",""coordinates"":[]}"
00000000000000003e2b_0,5702,4870,1646,2582,3788,4227,4430,4608,4928,4802,"{""type"":""MultiPoint"",""coordinates"":[]}"
00000000000000003e30_0,2524,2334,706,1036,1431,1488,1474,1704,1766,1811,"{""type"":""MultiPoint"",""coordinates"":[]}"
00000000000000003e32_0,1954,839,146,415,153,807,3059,3924,3751,4302,"{""type"":""MultiPoint"",""coordinates"":[]}"
00000000000000003e33_0,1180,856,5197,5587,5825,6059,5737,5664,5685,5480,"{""type"":""MultiPoint"",""coordinates"":[]}"
00000000000000003e3d_0,5552,4931,1466,2009,2873,3196,3305,3583,3718,3832,"{""type"":""MultiPoint"",""coordinates"":[]}"
00000000000000003e40_0,6356,5155,1550,2705,4327,4939,5221,5433,5636,5607,"{""type"":""MultiPoint"",""coordinates"":[]}"
00000000000000003e42_0,1515,667,395,542,370,736,2143,2533,2556,2791,"{""type"":""MultiPoint"",""coordinates"":[]}"
00000000000000003e45_0,6791,6637,1763,2941,4431,4839,5031,5190,5430,5243,"{""type"":""MultiPoint"",""coordinates"":[]}"
00000000000000003e4d_0,3878,3458,1128,1784,2537,2804,2893,2981,2954,2919,"{""type"":""MultiPoint"",""coordinates"":[]}"
00000000000000003e53_0,899,425,2,166,85,451,1454,1696,1620,1887,"{""type"":""MultiPoint"",""coordinates"":[]}"
00000000000000003e55_0,4315,3448,1019,1502,1949,2622,3209,3545,3597,3831,"{""type"":""MultiPoint"",""coordinates"":[]}"
00000000000000003e5a_0,6920,6021,1841,3177,4942,5406,5697,5851,6100,5945,"{""type"":""MultiPoint"",""coordinates"":[]}"
00000000000000003e67_0,4479,3942,1264,2029,2955,3288,3329,3418,3484,3408,"{""type"":""MultiPoint"",""coordinates"":[]}"
00000000000000003e6f_0,7607,7245,2757,4202,5595,6020,6150,6311,6587,6293,"{""type"":""MultiPoint"",""coordinates"":[]}"
00000000000000003e71_0,3286,1992,496,844,1085,1763,3037,3587,3376,4083,"{""type"":""MultiPoint"",""coordinates"":[]}"
00000000000000003e74_0,6249,6216,1862,2853,4219,4638,4686,4891,4946,4832,"{""type"":""MultiPoint"",""coordinates"":[]}"
00000000000000003e77_0,5797,4775,1274,2119,3240,3917,4347,4517,4354,4731,"{""type"":""MultiPoint"",""coordinates"":[]}"
00000000000000003e79_0,3481,2592,703,968,1403,1799,2136,2331,2442,2641,"{""type"":""MultiPoint"",""coordinates"":[]}"
00000000000000003e84_0,5640,5291,1495,2453,3493,4116,4488,4785,4602,4819,"{""type"":""MultiPoint"",""coordinates"":[]}"
00000000000000003e89_0,2909,2655,1222,1643,1867,2208,2458,2595,2588,2599,"{""type"":""MultiPoint"",""coordinates"":[]}"
00000000000000003e8a_0,1879,831,200,564,250,1027,3042,3462,3540,3772,"{""type"":""MultiPoint"",""coordinates"":[]}"
00000000000000003e8c_0,4412,3283,976,1657,2076,2915,3828,4208,4059,4325,"{""type"":""MultiPoint"",""coordinates"":[]}"
00000000000000003e91_0,5662,4608,3107,3803,4194,4533,4487,4538,4632,4658,"{""type"":""MultiPoint"",""coordinates"":[]}"
00000000000000003e93_0,2442,1352,353,576,551,931,2057,2624,2492,3052,"{""type"":""MultiPoint"",""coordinates"":[]}"
00000000000000003e99_0,6369,5481,1749,2805,3777,4508,4969,5343,5089,5460,"{""type"":""MultiPoint"",""coordinates"":[]}"
00000000000000003ea8_0,2135,1316,613,791,767,1204,1999,2275,2581,2583,"{""type"":""MultiPoint"",""coordinates"":[]}"
00000000000000003eac_0,1146,498,138,261,138,460,1699,2223,2150,2610,"{""type"":""MultiPoint"",""coordinates"":[]}"
00000000000000003eae_0,6227,4947,1366,2279,2963,3888,4953,5273,5109,5577,"{""type"":""MultiPoint"",""coordinates"":[]}"
00000000000000003eb0_0,2460,1708,609,1039,1104,1624,2231,2479,2509,2658,"{""type"":""MultiPoint"",""coordinates"":[]}"
00000000000000003eb3_0,6108,4949,1736,2769,4283,4689,4849,5097,5327,5172,"{""type"":""MultiPoint"",""coordinates"":[]}"
00000000000000003ecd_0,5913,5869,1752,2646,4035,4409,4458,4579,4666,4639,"{""type"":""MultiPoint"",""coordinates"":[]}"
00000000000000003ece_0,3561,2456,1069,1464,1554,2210,3639,4238,4455,4720,"{""type"":""MultiPoint"",""coordinates"":[]}"
00000000000000003ed0_0,6116,4992,1442,2332,3563,4113,4281,4572,4753,4845,"{""type"":""MultiPoint"",""coordinates"":[]}"
00000000000000003ed2_0,2167,1164,472,756,459,1179,2889,3442,3353,3689,"{""type"":""MultiPoint"",""coordinates"":[]}"
00000000000000003ed5_0,7748,7437,1972,3306,5072,5575,5740,5962,6216,5989,"{""type"":""MultiPoint"",""coordinates"":[]}"
00000000000000003ed8_0,2483,1996,1131,1454,1738,2024,2556,2615,2864,2778,"{""type"":""MultiPoint"",""coordinates"":[]}"
00000000000000003edd_0,4797,4044,1314,2006,3171,3745,3897,4136,4193,4250,"{""type"":""MultiPoint"",""coordinates"":[]}"
00000000000000003ee3_0,2004,1282,308,496,588,933,1381,1580,1749,1853,"{""type"":""MultiPoint"",""coordinates"":[]}"
00000000000000003ee5_0,6519,5966,1678,2498,3653,4249,4261,4494,4169,4347,"{""type"":""MultiPoint"",""coordinates"":[]}"
00000000000000003eea_0,7150,6180,1615,3007,4656,5071,5322,5506,5758,5497,"{""type"":""MultiPoint"",""coordinates"":[]}"
00000000000000003eec_0,2477,1399,312,572,618,1172,2298,2602,2701,3144,"{""type"":""MultiPoint"",""coordinates"":[]}"
00000000000000003eef_0,5715,4462,1824,2406,3281,3503,3669,3950,4309,4306,"{""type"":""MultiPoint"",""coordinates"":[]}"
00000000000000003ef2_0,5893,4922,1317,2154,3534,3938,4090,4208,4167,4008,"{""type"":""MultiPoint"",""coordinates"":[]}"
00000000000000003ef7_0,5652,5268,982,1923,3617,4025,4265,4427,4670,4402,"{""type"":""MultiPoint"",""coordinates"":[]}"
00000000000000003eff_0,8011,7605,2937,4597,6151,6596,6691,6863,7200,6910,"{""type"":""MultiPoint"",""coordinates"":[]}"
00000000000000003f07_0,5121,4594,1406,2100,2825,3427,4077,4376,4314,4604,"{""type"":""MultiPoint"",""coordinates"":[]}"
00000000000000003f0c_0,7335,6944,1638,3014,4739,5217,5417,5617,5783,5577,"{""type"":""MultiPoint"",""coordinates"":[]}"
00000000000000003f14_0,4618,3901,1035,1842,2441,3223,4126,4436,4248,4584,"{""type"":""MultiPoint"",""coordinates"":[]}"
00000000000000003f19_0,4575,4194,1475,2164,2793,3244,3554,3706,3698,3809,"{""type"":""MultiPoint"",""coordinates"":[]}"
00000000000000003f1b_0,1605,644,205,511,232,876,3291,4215,4085,4687,"{""type"":""MultiPoint"",""coordinates"":[]}"
00000000000000003f1c_0,4539,3714,1332,1764,2296,2729,3028,3212,3211,3379,"{""type"":""MultiPoint"",""coordinates"":[]}"
00000000000000003f29_0,2170,1826,2016,2709,2699,3049,2386,2498,2274,2264,"{""type"":""MultiPoint"",""coordinates"":[]}"
00000000000000003f2b_0,1521,833,158,459,328,845,1685,1814,1978,2056,"{""type"":""MultiPoint"",""coordinates"":[]}"
00000000000000003f2e_0,5638,5119,1748,2634,3830,4150,4279,4393,4530,4354,"{""type"":""MultiPoint"",""coordinates"":[]}"
00000000000000003f36_0,7464,7060,1940,3466,5297,5772,5926,6139,6361,6154,"{""type"":""MultiPoint"",""coordinates"":[]}"
00000000000000003f38_0,1781,884,263,430,379,860,1837,2210,2299,2513,"{""type"":""MultiPoint"",""coordinates"":[]}"
00000000000000003f3c_0,1605,701,223,443,227,772,2461,2858,2911,3112,"{""type"":""MultiPoint"",""coordinates"":[]}"
00000000000000003f40_0,1776,940,349,566,524,927,1869,2269,2398,2527,"{""type"":""MultiPoint"",""coordinates"":[]}"
00000000000000003f43_0,5600,5048,1180,1992,3036,3401,3569,3694,3724,3608,"{""type"":""MultiPoint"",""coordinates"":[]}"
00000000000000003f45_0,1825,929,155,419,241,783,2636,2997,3047,3235,"{""type"":""MultiPoint"",""coordinates"":[]}"
00000000000000003f50_0,3682,3406,1282,1907,2669,2884,3043,3128,3240,3131,"{""type"":""MultiPoint"",""coordinates"":[]}"
00000000000000003f5d_0,5934,5586,1974,3024,4266,4616,4674,4793,4945,4869,"{""type"":""MultiPoint"",""coordinates"":[]}"
00000000000000003f65_0,6574,5760,1422,2456,4041,4675,5127,5367,5418,5417,"{""type"":""MultiPoint"",""coordinates"":[]}"
00000000000000003f6d_0,5568,4801,1454,2369,3703,4226,4442,4574,4595,4632,"{""type"":""MultiPoint"",""coordinates"":[]}"
00000000000000003f72_0,5069,4919,1472,2168,3029,3338,3422,3631,3493,3707,"{""type"":""MultiPoint"",""coordinates"":[]}"
00000000000000003f73_0,2128,1159,440,634,569,1085,2045,2428,2463,2813,"{""type"":""MultiPoint"",""coordinates"":[]}"
00000000000000003f75_0,5425,4486,1348,2165,3181,3785,4219,4380,4188,4361,"{""type"":""MultiPoint"",""coordinates"":[]}"
00000000000000003f7a_0,7509,7102,2113,3483,5114,5530,5658,5853,6098,5926,"{""type"":""MultiPoint"",""coordinates"":[]}"
00000000000000003f7c_0,3356,2172,488,920,1035,1682,3385,3870,3962,4259,"{""type"":""MultiPoint"",""coordinates"":[]}"
00000000000000003f7f_0,5590,5032,1336,1859,2726,3045,3156,3412,3528,3684,"{""type"":""MultiPoint"",""coordinates"":[]}"
00000000000000003f82_0,5225,4145,1049,1774,2598,3010,3173,3308,2871,3248,"{""type"":""MultiPoint"",""coordinates"":[]}"
00000000000000003f87_0,6380,5772,1332,2521,4427,4855,5063,5166,5375,5132,"{""type"":""MultiPoint"",""coordinates"":[]}"
00000000000000003f8f_0,7180,6336,2647,3851,5289,5868,6075,6252,6356,6300,"{""type"":""MultiPoint"",""coordinates"":[]}"
00000000000000003f91_0,3577,2344,739,1080,1518,1959,2309,2564,2541,2976,"{""type"":""MultiPoint"",""coordinates"":[]}"
00000000000000003f94_0,2129,1974,804,1106,1397,1627,1732,1828,1775,1873,"{""type"":""MultiPoint"",""coordinates"":[]}"
00000000000000003f99_0,1173,755,445,677,759,1244,1227,1405,1374,1208,"{""type"":""MultiPoint"",""coordinates"":[]}"
00000000000000003f9c_0,7132,6555,1239,2442,4655,5174,5366,5477,5535,5330,"{""type"":""MultiPoint"",""coordinates"":[]}"
00000000000000003fa4_0,4427,3373,978,1617,2318,2619,2749,2776,2737,2634,"{""type"":""MultiPoint"",""coordinates"":[]}"
00000000000000003fa9_0,4274,3619,1134,1722,2083,2629,3112,3354,3366,3632,"{""type"":""MultiPoint"",""coordinates"":[]}"
00000000000000003fb3_0,2558,1422,626,888,810,1277,2275,2672,2631,2920,"{""type"":""MultiPoint"",""coordinates"":[]}"
00000000000000003fb6_0,5326,4804,1350,1886,2821,3121,3310,3440,3701,3783,"{""type"":""MultiPoint"",""coordinates"":[]}"
00000000000000003fb7_0,1337,571,249,415,233,681,2213,2904,3052,3248,"{""type"":""MultiPoint"",""coordinates"":[]}"
00000000000000003fb9_0,4412,3241,793,1405,2003,2706,3274,3486,3488,3824,"{""type"":""MultiPoint"",""coordinates"":[]}"
00000000000000003fbe_0,6747,6234,1670,2897,4392,4810,4957,5137,5385,5148,"{""type"":""MultiPoint"",""coordinates"":[]}"
00000000000000003fc6_0,5530,5054,1558,2474,3469,4062,4428,4702,4635,4715,"{""type"":""MultiPoint"",""coordinates"":[]}"
00000000000000003fcc_0,1226,580,91,232,163,479,1458,1790,1742,2000,"{""type"":""MultiPoint"",""coordinates"":[]}"
00000000000000003fce_0,4001,2859,704,1176,1360,2040,3289,3931,3770,4103,"{""type"":""MultiPoint"",""coordinates"":[]}"
00000000000000003fd3_0,7028,6571,1898,3065,4608,5120,5210,5478,5588,5503,"{""type"":""MultiPoint"",""coordinates"":[]}"
00000000000000003fd5_0,3367,2475,769,1055,1291,1570,2066,2272,2424,2644,"{""type"":""MultiPoint"",""coordinates"":[]}"
00000000000000003fdb_0,4817,3720,987,1616,2544,3017,3189,3315,3299,3545,"{""type"":""MultiPoint"",""coordinates"":[]}"
00000000000000003fee_0,2188,1285,296,575,561,1026,1962,2273,2453,2592,"{""type"":""MultiPoint"",""coordinates"":[]}"
00000000000000003ff0_0,5461,4556,1107,1782,2772,3307,3491,3670,3521,3740,"{""type"":""MultiPoint"",""coordinates"":[]}"
00000000000000003ff5_0,6682,6095,1355,2255,4205,4767,4951,5149,5195,5153,"{""type"":""MultiPoint"",""coordinates"":[]}"
00000000000000003ffd_0,4312,3277,1160,1858,2321,3078,3846,4147,4080,4459,"{""type"":""MultiPoint"",""coordinates"":[]}"
0000000000000000400c_0,1427,890,443,748,524,819,1876,2311,2393,2353,"{""type"":""MultiPoint"",""coordinates"":[]}"
0000000000000000400f_0,6051,4854,1561,2212,3110,3562,3664,3902,4046,4268,"{""type"":""MultiPoint"",""coordinates"":[]}"
0000000000000000401f_0,7221,6520,2117,3501,5195,5807,6008,6214,6307,6253,"{""type"":""MultiPoint"",""coordinates"":[]}"
00000000000000004027_0,3435,2290,690,1058,1199,1780,2712,3146,3232,3536,"{""type"":""MultiPoint"",""coordinates"":[]}"
00000000000000004029_0,2203,1254,409,598,604,1130,1954,2277,2433,2652,"{""type"":""MultiPoint"",""coordinates"":[]}"
00000000000000004041_0,6650,5747,2785,4004,5093,5513,5694,5826,6189,5955,"{""type"":""MultiPoint"",""coordinates"":[]}"
00000000000000004043_0,3605,2576,863,1086,1316,1620,1955,2157,2328,2469,"{""type"":""MultiPoint"",""coordinates"":[]}"
00000000000000004046_0,5809,5470,1686,2713,4001,4395,4449,4544,4492,4599,"{""type"":""MultiPoint"",""coordinates"":[]}"
0000000000000000404b_0,2250,1181,389,750,461,1184,3166,3926,3974,4217,"{""type"":""MultiPoint"",""coordinates"":[]}"
0000000000000000404e_0,6535,5989,1791,2818,4183,4815,5046,5294,5314,5269,"{""type"":""MultiPoint"",""coordinates"":[]}"
00000000000000004056_0,5147,4240,1187,1814,2790,3242,3400,3642,3799,3888,"{""type"":""MultiPoint"",""coordinates"":[]}"
0000000000000000405e_0,5014,4086,1201,1822,2387,3094,3586,4056,4135,4424,"{""type"":""MultiPoint"",""coordinates"":[]}"
00000000000000004068_0,4206,3469,822,1192,1594,1829,2069,2271,2521,2653,"{""type"":""MultiPoint"",""coordinates"":[]}"
0000000000000000406b_0,4519,3391,1048,1578,2329,2967,3249,3575,3542,3796,"{""type"":""MultiPoint"",""coordinates"":[]}"
00000000000000004070_0,4379,3666,883,1567,2516,2792,2934,3021,3087,2960,"{""type"":""MultiPoint"",""coordinates"":[]}"
00000000000000004078_0,7115,6380,1915,3266,5073,5607,5690,5909,6083,6016,"{""type"":""MultiPoint"",""coordinates"":[]}"
0000000000000000407e_0,2006,797,143,418,165,931,3531,4452,4274,4812,"{""type"":""MultiPoint"",""coordinates"":[]}"
00000000000000004082_0,2151,1549,531,694,704,987,1547,1737,1815,2044,"{""type"":""MultiPoint"",""coordinates"":[]}"
00000000000000004095_0,4799,4005,1022,1719,2288,2983,3830,4113,4078,4407,"{""type"":""MultiPoint"",""coordinates"":[]}"
0000000000000000409a_0,5959,5188,2894,3589,4236,4551,4592,4688,4851,4856,"{""type"":""MultiPoint"",""coordinates"":[]}"
0000000000000000409f_0,5769,4496,1661,2417,3360,3659,3871,4094,4297,4363,"{""type"":""MultiPoint"",""coordinates"":[]}"
000000000000000040a0_0,2073,933,541,829,459,1279,3739,4812,4855,4986,"{""type"":""MultiPoint"",""coordinates"":[]}"
000000000000000040af_0,5594,4626,1442,2417,3299,4032,4576,4828,4646,5067,"{""type"":""MultiPoint"",""coordinates"":[]}"
000000000000000040b7_0,2844,1633,453,799,1022,1564,2268,2611,2878,2999,"{""type"":""MultiPoint"",""coordinates"":[]}"
000000000000000040b9_0,1809,1145,301,494,517,974,1651,1819,1893,2088,"{""type"":""MultiPoint"",""coordinates"":[]}"
000000000000000040bc_0,5353,4401,1406,2113,2855,3416,3808,4135,4153,4453,"{""type"":""MultiPoint"",""coordinates"":[]}"
000000000000000040c4_0,5271,4478,1143,2010,3153,3668,3621,3902,3780,3806,"{""type"":""MultiPoint"",""coordinates"":[]}"
000000000000000040c9_0,2654,1472,595,1066,690,1468,3926,4690,4438,4748,"{""type"":""MultiPoint"",""coordinates"":[]}"
000000000000000040d3_0,1780,827,216,385,283,700,1986,2487,2303,2632,"{""type"":""MultiPoint"",""coordinates"":[]}"
000000000000000040d6_0,4875,5094,1552,2291,3320,3635,3681,3861,3773,3823,"{""type"":""MultiPoint"",""coordinates"":[]}"
000000000000000040d9_0,3706,2506,792,1171,1554,2030,2582,2996,3065,3433,"{""type"":""MultiPoint"",""coordinates"":[]}"
000000000000000040db_0,1624,901,556,776,741,1309,2211,2607,2867,2985,"{""type"":""MultiPoint"",""coordinates"":[]}"
000000000000000040de_0,5333,4485,1127,1873,3179,3879,4460,4799,4889,4932,"{""type"":""MultiPoint"",""coordinates"":[]}"
000000000000000040e6_0,4867,4029,1219,1939,2631,3276,3851,4108,4032,4389,"{""type"":""MultiPoint"",""coordinates"":[]}"
000000000000000040eb_0,2769,1584,488,968,780,1575,3826,4405,4318,4667,"{""type"":""MultiPoint"",""coordinates"":[]}"
000000000000000040ee_0,4330,3378,813,1239,1730,2162,2629,3017,3138,3247,"{""type"":""MultiPoint"",""coordinates"":[]}"
000000000000000040f3_0,6522,5655,1692,2674,3951,4378,4616,4882,5117,5114,"{""type"":""MultiPoint"",""coordinates"":[]}"
000000000000000040f5_0,3059,2572,728,963,1191,1701,2155,2668,2571,2533,"{""type"":""MultiPoint"",""coordinates"":[]}"
000000000000000040f8_0,5385,4346,1204,1809,2678,3036,3152,3370,3539,3657,"{""type"":""MultiPoint"",""coordinates"":[]}"
000000000000000040fb_0,4252,3175,817,1312,1785,2420,2930,3248,3366,3648,"{""type"":""MultiPoint"",""coordinates"":[]}"
00000000000000004100_0,5164,4047,1336,2069,3357,3839,4042,4167,4377,4255,"{""type"":""MultiPoint"",""coordinates"":[]}"
00000000000000004108_0,6873,6341,2018,3241,4735,5385,5631,5878,5954,5983,"{""type"":""MultiPoint"",""coordinates"":[]}"
0000000000000000410d_0,3475,3112,797,1501,2037,2424,2719,2914,2822,3100,"{""type"":""MultiPoint"",""coordinates"":[]}"
00000000000000004110_0,4031,2968,807,1279,1820,2227,2634,2834,3006,3146,"{""type"":""MultiPoint"",""coordinates"":[]}"
00000000000000004115_0,4823,3215,1203,1914,2902,3356,3765,4097,4345,4413,"{""type"":""MultiPoint"",""coordinates"":[]}"
00000000000000004117_0,2505,1249,296,606,339,1093,3562,4561,4447,4767,"{""type"":""MultiPoint"",""coordinates"":[]}"
0000000000000000411d_0,4831,4032,1023,1670,2614,3094,3429,3736,3513,3615,"{""type"":""MultiPoint"",""coordinates"":[]}"
00000000000000004122_0,1936,1616,763,1026,1144,1407,1787,2026,1924,2114,"{""type"":""MultiPoint"",""coordinates"":[]}"
00000000000000004124_0,2975,1811,567,953,785,1554,2926,3472,3333,3750,"{""type"":""MultiPoint"",""coordinates"":[]}"
0000000000000000412a_0,5980,5139,1881,2867,3904,4377,4546,4787,4918,4943,"{""type"":""MultiPoint"",""coordinates"":[]}"
0000000000000000412c_0,2730,1420,175,529,220,1044,3878,4584,4690,4972,"{""type"":""MultiPoint"",""coordinates"":[]}"
0000000000000000412f_0,5877,5040,1733,2252,3080,3410,3552,3789,4109,4136,"{""type"":""MultiPoint"",""coordinates"":[]}"
00000000000000004130_0,1468,585,114,342,145,661,2498,3185,3159,3389,"{""type"":""MultiPoint"",""coordinates"":[]}"
00000000000000004132_0,3402,2295,712,1117,1537,1975,2273,2512,2656,2856,"{""type"":""MultiPoint"",""coordinates"":[]}"
0000000000000000413f_0,5527,4485,1168,1883,2989,3408,3646,3813,4045,4197,"{""type"":""MultiPoint"",""coordinates"":[]}"
0000000000000000414c_0,6252,5054,1510,2444,3087,3743,4445,4526,4456,4833,"{""type"":""MultiPoint"",""coordinates"":[]}"
00000000000000004152_0,1658,693,237,585,246,969,3081,3610,3888,3900,"{""type"":""MultiPoint"",""coordinates"":[]}"
00000000000000004154_0,5594,4556,1146,1932,2984,3773,4203,4515,4398,4562,"{""type"":""MultiPoint"",""coordinates"":[]}"
00000000000000004161_0,6683,5995,1893,3014,4283,4999,5283,5633,5639,5751,"{""type"":""MultiPoint"",""coordinates"":[]}"
00000000000000004166_0,3713,3459,1147,1618,2044,2405,2794,3021,2991,3137,"{""type"":""MultiPoint"",""coordinates"":[]}"
00000000000000004167_0,2258,1055,219,464,201,844,3608,4817,4065,4920,"{""type"":""MultiPoint"",""coordinates"":[]}"
00000000000000004176_0,5241,4081,900,1548,2462,3153,3350,3625,3881,3975,"{""type"":""MultiPoint"",""coordinates"":[]}"
0000000000000000417e_0,2493,1410,363,1011,850,1920,3315,3594,3857,4043,"{""type"":""MultiPoint"",""coordinates"":[]}"
00000000000000004183_0,5970,4663,2089,3063,4050,4511,4761,4947,5189,5222,"{""type"":""MultiPoint"",""coordinates"":[]}"
00000000000000004188_0,3425,2876,1089,1507,1962,2077,2269,2427,2637,2611,"{""type"":""MultiPoint"",""coordinates"":[]}"
00000000000000004189_0,1793,879,327,618,397,944,2434,2815,2837,3054,"{""type"":""MultiPoint"",""coordinates"":[]}"
0000000000000000418b_0,3710,2790,853,1316,1463,1972,2743,2964,2987,3166,"{""type"":""MultiPoint"",""coordinates"":[]}"
00000000000000004190_0,5163,4382,1375,2087,3158,3657,4005,4252,4538,4514,"{""type"":""MultiPoint"",""coordinates"":[]}"
000000000000000041a2_0,1476,628,244,369,210,683,2094,2590,2464,2940,"{""type"":""MultiPoint"",""coordinates"":[]}"
000000000000000041a5_0,3899,2877,750,1384,1663,2416,3175,3548,3383,3607,"{""type"":""MultiPoint"",""coordinates"":[]}"
000000000000000041ad_0,6094,4840,1771,2637,4069,4554,4697,4839,4852,4712,"{""type"":""MultiPoint"",""coordinates"":[]}"
000000000000000041b2_0,2256,1697,537,796,863,1176,2100,2538,2480,2745,"{""type"":""MultiPoint"",""coordinates"":[]}"
000000000000000041ba_0,4778,3852,1234,1923,2305,3196,4100,4440,4313,4624,"{""type"":""MultiPoint"",""coordinates"":[]}"
000000000000000041bc_0,1793,764,313,576,265,909,3042,3711,3831,3910,"{""type"":""MultiPoint"",""coordinates"":[]}"
000000000000000041bf_0,6037,5256,2066,2756,3839,4181,4330,4513,4699,4729,"{""type"":""MultiPoint"",""coordinates"":[]}"
000000000000000041c0_0,1897,925,312,503,307,901,2314,3016,2856,3257,"{""type"":""MultiPoint"",""coordinates"":[]}"
000000000000000041c2_0,5030,4246,1577,2408,3080,3564,3951,4161,4054,4319,"{""type"":""MultiPoint"",""coordinates"":[]}"
000000000000000041c7_0,2092,1311,587,923,850,1425,2651,3134,3318,3430,"{""type"":""MultiPoint"",""coordinates"":[]}"
000000000000000041d7_0,3846,2916,866,1384,1495,2131,3325,3666,3525,3948,"{""type"":""MultiPoint"",""coordinates"":[]}"
000000000000000041dc_0,3995,2770,974,1602,1932,2666,3733,4107,4149,4451,"{""type"":""MultiPoint"",""coordinates"":[]}"
000000000000000041de_0,3027,1925,472,858,886,1595,2796,3167,3149,3620,"{""type"":""MultiPoint"",""coordinates"":[]}"
000000000000000041e2_0,1932,1030,365,614,452,1029,2538,2928,2881,3205,"{""type"":""MultiPoint"",""coordinates"":[]}"
000000000000000041e9_0,5021,4252,904,1671,3129,3519,3696,3785,3822,3638,"{""type"":""MultiPoint"",""coordinates"":[]}"
000000000000000041f6_0,1529,1088,294,534,569,1028,2095,2445,2504,2511,"{""type"":""MultiPoint"",""coordinates"":[]}"
000000000000000041fb_0,3496,2479,642,1021,1360,1946,2733,3001,3070,3245,"{""type"":""MultiPoint"",""coordinates"":[]}"
000000000000000041fe_0,5632,4539,1139,1953,3288,3857,4060,4353,4496,4517,"{""type"":""MultiPoint"",""coordinates"":[]}"
00000000000000004200_0,1334,604,121,304,156,592,2074,2446,2526,2838,"{""type"":""MultiPoint"",""coordinates"":[]}"
00000000000000004206_0,4698,3748,1174,1935,2444,3164,4166,4505,4436,4660,"{""type"":""MultiPoint"",""coordinates"":[]}"
0000000000000000420b_0,3217,2803,957,1396,1637,1925,2259,2403,2300,2490,"{""type"":""MultiPoint"",""coordinates"":[]}"
0000000000000000420d_0,2222,1091,340,659,425,1084,2761,3469,3467,3761,"{""type"":""MultiPoint"",""coordinates"":[]}"
0000000000000000420e_0,4985,4119,1239,1904,2321,3026,4039,4372,4225,4581,"{""type"":""MultiPoint"",""coordinates"":[]}"
00000000000000004213_0,5065,4068,1618,2249,2858,3414,3684,3954,3981,4262,"{""type"":""MultiPoint"",""coordinates"":[]}"
00000000000000004215_0,2321,1382,724,879,746,1205,2284,2683,2651,3020,"{""type"":""MultiPoint"",""coordinates"":[]}"
00000000000000004218_0,4372,3548,1351,1868,2545,2827,3173,3328,3606,3608,"{""type"":""MultiPoint"",""coordinates"":[]}"
00000000000000004219_0,2362,1315,419,766,688,1335,2471,2870,2845,3127,"{""type"":""MultiPoint"",""coordinates"":[]}"
0000000000000000421b_0,4244,3403,850,1440,2109,2583,2999,3379,3323,3613,"{""type"":""MultiPoint"",""coordinates"":[]}"
00000000000000004220_0,5302,4364,1189,2031,3089,3545,3996,4277,4609,4507,"{""type"":""MultiPoint"",""coordinates"":[]}"
00000000000000004228_0,5245,3699,1192,1845,2944,3500,3920,4196,4450,4565,"{""type"":""MultiPoint"",""coordinates"":[]}"
0000000000000000422d_0,3682,3377,1526,2008,2411,2612,2913,3113,2918,3097,"{""type"":""MultiPoint"",""coordinates"":[]}"
00000000000000004230_0,2099,1038,249,757,481,1310,3065,3535,3556,3926,"{""type"":""MultiPoint"",""coordinates"":[]}"
00000000000000004235_0,4423,2949,1106,1949,1976,3022,4598,4985,4819,5290,"{""type"":""MultiPoint"",""coordinates"":[]}"
0000000000000000423b_0,1776,737,250,407,216,762,2775,3624,3426,3924,"{""type"":""MultiPoint"",""coordinates"":[]}"
0000000000000000423d_0,5617,4789,1125,1939,2875,3405,3953,4259,4306,4405,"{""type"":""MultiPoint"",""coordinates"":[]}"
00000000000000004242_0,2246,1609,422,789,843,1421,2360,2840,2943,2955,"{""type"":""MultiPoint"",""coordinates"":[]}"
0000000000000000424a_0,5968,5074,2011,3107,4131,4882,5051,5400,5227,5493,"{""type"":""MultiPoint"",""coordinates"":[]}"
0000000000000000424c_0,1900,797,243,527,244,961,3051,3636,3571,4020,"{""type"":""MultiPoint"",""coordinates"":[]}"
0000000000000000424f_0,2425,2267,867,1100,1230,1518,1685,1672,1581,1791,"{""type"":""MultiPoint"",""coordinates"":[]}"
00000000000000004250_0,1814,906,336,602,354,977,3053,3904,3934,4170,"{""type"":""MultiPoint"",""coordinates"":[]}"
00000000000000004252_0,3478,2369,651,1023,1193,1863,2721,3073,3076,3460,"{""type"":""MultiPoint"",""coordinates"":[]}"
00000000000000004254_0,2438,1636,601,907,909,1401,2493,2909,2865,3169,"{""type"":""MultiPoint"",""coordinates"":[]}"
00000000000000004257_0,3151,2411,1037,1477,2200,2449,2739,2946,3144,3174,"{""type"":""MultiPoint"",""coordinates"":[]}"
0000000000000000425f_0,3645,2630,660,1062,1481,1960,2475,2696,2875,2920,"{""type"":""MultiPoint"",""coordinates"":[]}"
00000000000000004267_0,2747,1644,426,769,774,1446,2289,2608,2610,3026,"{""type"":""MultiPoint"",""coordinates"":[]}"
0000000000000000426c_0,4910,3882,1247,1968,2376,3098,3677,3917,3868,4207,"{""type"":""MultiPoint"",""coordinates"":[]}"
0000000000000000426e_0,1316,929,495,617,511,818,1522,2047,2074,2273,"{""type"":""MultiPoint"",""coordinates"":[]}"
00000000000000004272_0,1893,1166,1034,1375,1360,1830,2744,3035,2862,3161,"{""type"":""MultiPoint"",""coordinates"":[]}"
00000000000000004274_0,5188,4561,1350,2112,2917,3368,3786,4081,3986,4162,"{""type"":""MultiPoint"",""coordinates"":[]}"
00000000000000004279_0,6027,5558,1445,2357,3893,4306,4593,4864,5032,4927,"{""type"":""MultiPoint"",""coordinates"":[]}"
00000000000000004281_0,5120,4353,1592,2112,2842,3221,3495,3653,3836,3899,"{""type"":""MultiPoint"",""coordinates"":[]}"
00000000000000004289_0,2022,1024,407,744,581,1226,2218,2650,2711,3035,"{""type"":""MultiPoint"",""coordinates"":[]}"
0000000000000000428b_0,2037,1121,399,691,544,1119,2330,2558,2585,2823,"{""type"":""MultiPoint"",""coordinates"":[]}"
0000000000000000428e_0,4777,3853,1157,1646,2216,2687,3104,3429,3466,3674,"{""type"":""MultiPoint"",""coordinates"":[]}"
00000000000000004290_0,2569,1130,261,697,334,1195,4097,5070,5120,5540,"{""type"":""MultiPoint"",""coordinates"":[]}"
00000000000000004296_0,4807,3643,769,1321,2366,3067,3259,3586,3582,3664,"{""type"":""MultiPoint"",""coordinates"":[]}"
0000000000000000429b_0,2279,1426,359,823,587,1182,2600,2767,2905,3027,"{""type"":""MultiPoint"",""coordinates"":[]}"
000000000000000042a3_0,5972,4929,1714,2599,3679,4082,4278,4462,4745,4692,"{""type"":""MultiPoint"",""coordinates"":[]}"
000000000000000042a5_0,1955,877,399,739,369,1091,3593,4677,4604,4555,"{""type"":""MultiPoint"",""coordinates"":[]}"
000000000000000042a8_0,6055,5586,2291,3043,3910,4463,4536,4698,4780,4830,"{""type"":""MultiPoint"",""coordinates"":[]}"
000000000000000042a9_0,1669,749,165,391,191,707,2681,3192,2732,3223,"{""type"":""MultiPoint"",""coordinates"":[]}"
000000000000000042ad_0,998,541,903,1505,1694,1860,1919,2091,2133,1952,"{""type"":""MultiPoint"",""coordinates"":[]}"
000000000000000042b8_0,6164,5425,1615,2555,3586,4016,4341,4774,4859,5052,"{""type"":""MultiPoint"",""coordinates"":[]}"
000000000000000042bd_0,2306,1675,601,905,851,1300,2234,2488,2566,2715,"{""type"":""MultiPoint"",""coordinates"":[]}"
000000000000000042c5_0,4296,2995,984,1387,1897,2344,2528,2770,2839,3146,"{""type"":""MultiPoint"",""coordinates"":[]}"
000000000000000042cb_0,1500,642,233,433,230,789,2278,2900,2902,3258,"{""type"":""MultiPoint"",""coordinates"":[]}"
000000000000000042d2_0,4733,4545,1681,2286,2922,3267,3340,3579,3517,3722,"{""type"":""MultiPoint"",""coordinates"":[]}"
000000000000000042df_0,2190,1829,1058,1388,1494,1872,2533,2678,2681,2761,"{""type"":""MultiPoint"",""coordinates"":[]}"
000000000000000042e4_0,2397,1546,375,602,591,1129,2139,2443,2604,2713,"{""type"":""MultiPoint"",""coordinates"":[]}"
000000000000000042e7_0,2460,1652,616,1029,944,1612,2637,2987,2818,3053,"{""type"":""MultiPoint"",""coordinates"":[]}"
000000000000000042f4_0,1979,1131,282,657,550,1170,2084,2387,2234,2533,"{""type"":""MultiPoint"",""coordinates"":[]}"
000000000000000042fc_0,5755,5044,1438,2232,3224,3622,3831,4010,4201,4286,"{""type"":""MultiPoint"",""coordinates"":[]}"
000000000000000042fe_0,3215,2153,580,782,946,1303,1739,1917,2025,2297,"{""type"":""MultiPoint"",""coordinates"":[]}"
00000000000000004309_0,4145,3139,763,1370,1756,2599,3931,4241,4117,4446,"{""type"":""MultiPoint"",""coordinates"":[]}"
00000000000000004311_0,4089,3134,868,1341,1699,2162,2653,2897,2920,3271,"{""type"":""MultiPoint"",""coordinates"":[]}"
00000000000000004319_0,2096,1107,288,605,585,1282,2237,2594,2804,3087,"{""type"":""MultiPoint"",""coordinates"":[]}"
00000000000000004320_0,1244,596,204,365,264,625,1512,1765,1701,1981,"{""type"":""MultiPoint"",""coordinates"":[]}"
00000000000000004326_0,2134,1177,359,722,445,1109,3030,3727,3809,3939,"{""type"":""MultiPoint"",""coordinates"":[]}"
0000000000000000432b_0,2935,2132,493,920,1322,1828,2155,2376,2432,2753,"{""type"":""MultiPoint"",""coordinates"":[]}"
0000000000000000433b_0,2321,1244,555,1179,795,1664,3596,4013,3908,4241,"{""type"":""MultiPoint"",""coordinates"":[]}"
0000000000000000433d_0,2551,1618,470,781,644,1311,2832,3276,3300,3405,"{""type"":""MultiPoint"",""coordinates"":[]}"
00000000000000004340_0,4689,3933,1086,1680,2583,3052,3195,3367,3534,3556,"{""type"":""MultiPoint"",""coordinates"":[]}"
00000000000000004348_0,4887,3840,1232,1872,2482,3160,3847,4085,4327,4439,"{""type"":""MultiPoint"",""coordinates"":[]}"
0000000000000000434d_0,2796,2074,631,1029,1161,1621,2354,2769,2794,2886,"{""type"":""MultiPoint"",""coordinates"":[]}"
00000000000000004355_0,4347,3090,951,1424,2063,2483,2755,2940,3122,3338,"{""type"":""MultiPoint"",""coordinates"":[]}"
00000000000000004357_0,1865,1065,450,749,750,1302,2064,2468,2373,2647,"{""type"":""MultiPoint"",""coordinates"":[]}"
0000000000000000435d_0,2395,1367,485,875,710,1459,3267,3976,3980,4261,"{""type"":""MultiPoint"",""coordinates"":[]}"
00000000000000004362_0,5087,4498,1120,1983,2630,3424,4077,4340,4186,4527,"{""type"":""MultiPoint"",""coordinates"":[]}"
0000000000000000436f_0,2311,2220,1219,1640,2079,2173,2027,2021,2001,2101,"{""type"":""MultiPoint"",""coordinates"":[]}"
00000000000000004372_0,2063,971,442,811,481,1106,3410,4123,4164,4612,"{""type"":""MultiPoint"",""coordinates"":[]}"
00000000000000004374_0,1705,868,391,574,386,816,2084,2482,2618,2770,"{""type"":""MultiPoint"",""coordinates"":[]}"
00000000000000004377_0,3412,2506,646,1055,1264,1831,2960,3270,3205,3361,"{""type"":""MultiPoint"",""coordinates"":[]}"
00000000000000004384_0,1970,1433,400,622,805,1106,1354,1482,1486,1687,"{""type"":""MultiPoint"",""coordinates"":[]}"
0000000000000000438c_0,5909,5187,1701,2411,3217,3647,3788,4020,4178,4317,"{""type"":""MultiPoint"",""coordinates"":[]}"
0000000000000000438e_0,2012,1562,725,888,879,1404,1811,2176,1880,2232,"{""type"":""MultiPoint"",""coordinates"":[]}"
00000000000000004392_0,1305,591,127,320,165,564,2057,2476,2407,2844,"{""type"":""MultiPoint"",""coordinates"":[]}"
00000000000000004394_0,4454,2979,499,901,1477,1785,2098,2332,2649,2788,"{""type"":""MultiPoint"",""coordinates"":[]}"
00000000000000004399_0,3870,2693,757,1312,1441,2135,3404,3774,3649,4103,"{""type"":""MultiPoint"",""coordinates"":[]}"
000000000000000043a1_0,5700,4902,1582,2514,3375,3813,4726,5093,5069,5283,"{""type"":""MultiPoint"",""coordinates"":[]}"
000000000000000043a6_0,611,572,339,453,541,616,583,624,595,609,"{""type"":""MultiPoint"",""coordinates"":[]}"
000000000000000043ae_0,4637,3679,1019,1553,1950,2492,2968,3260,3206,3537,"{""type"":""MultiPoint"",""coordinates"":[]}"
000000000000000043b4_0,2805,1522,375,708,538,1219,2820,3258,3345,3688,"{""type"":""MultiPoint"",""coordinates"":[]}"
000000000000000043b6_0,3370,2168,458,816,1143,1611,2170,2457,2795,2869,"{""type"":""MultiPoint"",""coordinates"":[]}"
000000000000000043bb_0,2359,1617,438,926,727,1445,2444,2759,2753,2913,"{""type"":""MultiPoint"",""coordinates"":[]}"
000000000000000043c3_0,3085,2001,760,1164,1127,1819,3052,3521,3531,3840,"{""type"":""MultiPoint"",""coordinates"":[]}"
000000000000000043c8_0,2172,1798,802,1094,1117,1438,1897,2017,1905,2092,"{""type"":""MultiPoint"",""coordinates"":[]}"
000000000000000043cb_0,3848,2713,624,975,1345,1988,2549,2889,3042,3340,"{""type"":""MultiPoint"",""coordinates"":[]}"
000000000000000043cd_0,2903,2035,408,712,1031,1484,2123,2367,2373,2567,"{""type"":""MultiPoint"",""coordinates"":[]}"
000000000000000043d0_0,5566,5109,1158,1946,3022,3587,4105,4425,4529,4600,"{""type"":""MultiPoint"",""coordinates"":[]}"
000000000000000043d8_0,5279,3774,1083,1855,3171,3719,3970,4066,3890,4129,"{""type"":""MultiPoint"",""coordinates"":[]}"
000000000000000043dd_0,2208,1277,389,785,738,1439,2612,2909,2923,3216,"{""type"":""MultiPoint"",""coordinates"":[]}"
000000000000000043df_0,420,183,320,515,416,740,1010,1186,1028,1142,"{""type"":""MultiPoint"",""coordinates"":[]}"
000000000000000043e0_0,2078,890,343,731,360,1158,4461,5350,5182,5574,"{""type"":""MultiPoint"",""coordinates"":[]}"
000000000000000043eb_0,1769,747,336,651,373,858,3046,4061,3980,4363,"{""type"":""MultiPoint"",""coordinates"":[]}"
000000000000000043ed_0,3421,2423,744,1234,1295,1986,3467,3905,4053,4276,"{""type"":""MultiPoint"",""coordinates"":[]}"
000000000000000043f2_0,4431,3335,849,1414,1848,2559,3259,3581,3578,3976,"{""type"":""MultiPoint"",""coordinates"":[]}"
00000000000000004402_0,2586,1208,654,1050,637,1552,3931,4501,4401,4987,"{""type"":""MultiPoint"",""coordinates"":[]}"
00000000000000004407_0,2581,1451,475,904,762,1525,3070,3624,3645,3928,"{""type"":""MultiPoint"",""coordinates"":[]}"
00000000000000004409_0,2371,1114,336,649,306,965,2988,3791,3840,4087,"{""type"":""MultiPoint"",""coordinates"":[]}"
0000000000000000440f_0,3449,2206,745,1317,1363,2114,3663,4320,4211,4588,"{""type"":""MultiPoint"",""coordinates"":[]}"
00000000000000004414_0,2077,1171,934,1440,1653,2000,2205,2406,2453,2560,"{""type"":""MultiPoint"",""coordinates"":[]}"
0000000000000000441e_0,2257,1130,337,549,340,924,2839,3450,3687,3814,"{""type"":""MultiPoint"",""coordinates"":[]}"
00000000000000004424_0,4536,3640,1071,1675,2071,2547,2969,3304,3212,3480,"{""type"":""MultiPoint"",""coordinates"":[]}"
00000000000000004426_0,2688,2310,961,1165,1188,1636,2223,2235,2441,2651,"{""type"":""MultiPoint"",""coordinates"":[]}"
00000000000000004429_0,3517,2468,826,1181,1637,2026,2283,2486,2513,2787,"{""type"":""MultiPoint"",""coordinates"":[]}"
00000000000000004439_0,2005,1085,447,621,513,913,1988,2336,2515,2654,"{""type"":""MultiPoint"",""coordinates"":[]}"
0000000000000000443e_0,5064,4128,1083,1683,2042,2819,3707,4132,4110,4405,"{""type"":""MultiPoint"",""coordinates"":[]}"
00000000000000004440_0,1261,674,211,385,291,668,1533,1899,1995,2059,"{""type"":""MultiPoint"",""coordinates"":[]}"
00000000000000004444_0,1474,628,186,414,218,839,2653,3399,3504,3838,"{""type"":""MultiPoint"",""coordinates"":[]}"
0000000000000000444b_0,5032,4469,792,1480,2393,3084,3848,4197,4011,4295,"{""type"":""MultiPoint"",""coordinates"":[]}"
00000000000000004453_0,6408,5605,1332,2028,3327,3837,4100,4324,4340,4613,"{""type"":""MultiPoint"",""coordinates"":[]}"
00000000000000004458_0,2374,2083,796,1079,1293,1610,2000,2161,2208,2286,"{""type"":""MultiPoint"",""coordinates"":[]}"
00000000000000004460_0,2003,1049,347,737,461,1191,3378,4062,4004,4283,"{""type"":""MultiPoint"",""coordinates"":[]}"
00000000000000004468_0,4012,2907,1179,1589,2004,2537,3133,3356,3610,3655,"{""type"":""MultiPoint"",""coordinates"":[]}"
0000000000000000446d_0,1909,1099,438,838,617,1325,2514,2853,2865,3119,"{""type"":""MultiPoint"",""coordinates"":[]}"
00000000000000004470_0,2263,1174,413,807,557,1272,3265,3828,3892,4098,"{""type"":""MultiPoint"",""coordinates"":[]}"
00000000000000004475_0,3513,2491,1227,1686,1724,2201,3408,3665,3708,4038,"{""type"":""MultiPoint"",""coordinates"":[]}"
00000000000000004477_0,1879,869,227,442,249,758,2569,3201,3186,3442,"{""type"":""MultiPoint"",""coordinates"":[]}"
0000000000000000447d_0,2319,1246,418,898,739,1437,2609,3020,3117,3395,"{""type"":""MultiPoint"",""coordinates"":[]}"
00000000000000004482_0,3994,2947,1084,1694,1916,2716,3930,4381,4324,4799,"{""type"":""MultiPoint"",""coordinates"":[]}"
0000000000000000448a_0,3948,2793,718,1262,1544,2266,3127,3563,3528,3879,"{""type"":""MultiPoint"",""coordinates"":[]}"
00000000000000004499_0,1933,898,283,534,298,908,2353,2871,2783,3098,"{""type"":""MultiPoint"",""coordinates"":[]}"
0000000000000000449d_0,2027,880,305,547,269,920,3202,3919,3958,4225,"{""type"":""MultiPoint"",""coordinates"":[]}"
0000000000000000449f_0,4615,3584,926,1363,2009,2494,2847,3016,2938,3121,"{""type"":""MultiPoint"",""coordinates"":[]}"
000000000000000044b4_0,2735,1592,420,712,748,1309,2487,2955,2972,3382,"{""type"":""MultiPoint"",""coordinates"":[]}"
000000000000000044b6_0,1807,1105,418,621,515,912,1643,1893,1909,2056,"{""type"":""MultiPoint"",""coordinates"":[]}"
000000000000000044c1_0,2818,1710,518,804,806,1359,2064,2427,2378,2673,"{""type"":""MultiPoint"",""coordinates"":[]}"
000000000000000044ce_0,2634,1566,534,810,877,1417,2058,2402,2422,2807,"{""type"":""MultiPoint"",""coordinates"":[]}"
000000000000000044d0_0,1480,761,283,570,331,983,2364,2950,2953,3205,"{""type"":""MultiPoint"",""coordinates"":[]}"
000000000000000044d4_0,1961,939,153,411,229,848,2460,2892,2772,3099,"{""type"":""MultiPoint"",""coordinates"":[]}"
000000000000000044db_0,3836,3169,804,1261,1599,2030,2397,2644,2629,2945,"{""type"":""MultiPoint"",""coordinates"":[]}"
000000000000000044e3_0,3184,2198,579,1024,1051,1677,2783,3158,3182,3495,"{""type"":""MultiPoint"",""coordinates"":[]}"
000000000000000044e8_0,1547,1183,946,1180,1505,1673,1634,1700,1620,1625,"{""type"":""MultiPoint"",""coordinates"":[]}"
000000000000000044eb_0,2934,2128,770,1249,1337,1904,2971,3359,3192,3557,"{""type"":""MultiPoint"",""coordinates"":[]}"
000000000000000044ed_0,1323,506,169,349,197,638,1966,2408,2491,2763,"{""type"":""MultiPoint"",""coordinates"":[]}"
000000000000000044f0_0,1797,858,287,715,401,1052,3181,3611,3582,3909,"{""type"":""MultiPoint"",""coordinates"":[]}"
000000000000000044f2_0,1238,683,433,520,524,728,952,1128,987,1262,"{""type"":""MultiPoint"",""coordinates"":[]}"
000000000000000044fd_0,1916,1208,489,854,593,1217,2388,2695,2574,2848,"{""type"":""MultiPoint"",""coordinates"":[]}"
00000000000000004505_0,3246,2245,579,899,1083,1499,2096,2366,2537,2681,"{""type"":""MultiPoint"",""coordinates"":[]}"
0000000000000000450d_0,1550,887,344,694,436,1285,2587,2919,2804,3072,"{""type"":""MultiPoint"",""coordinates"":[]}"
00000000000000004512_0,5378,4411,1215,2027,2738,3590,4321,4575,4487,4777,"{""type"":""MultiPoint"",""coordinates"":[]}"
0000000000000000451a_0,2752,1662,580,992,1018,1682,3090,3520,3399,3701,"{""type"":""MultiPoint"",""coordinates"":[]}"
0000000000000000451f_0,3955,3583,1401,1919,2353,2667,2982,3197,3207,3296,"{""type"":""MultiPoint"",""coordinates"":[]}"
00000000000000004522_0,2076,911,116,682,242,1181,3863,4590,4478,4901,"{""type"":""MultiPoint"",""coordinates"":[]}"
00000000000000004527_0,2158,1121,334,617,413,1022,2529,3007,3005,3315,"{""type"":""MultiPoint"",""coordinates"":[]}"
00000000000000004529_0,2570,1430,453,709,642,1269,2380,2710,2675,2987,"{""type"":""MultiPoint"",""coordinates"":[]}"
0000000000000000452f_0,4697,3692,881,1482,2084,2619,3021,3236,3470,3510,"{""type"":""MultiPoint"",""coordinates"":[]}"
00000000000000004534_0,2621,1927,708,1025,1035,1523,2457,2808,2722,3026,"{""type"":""MultiPoint"",""coordinates"":[]}"
0000000000000000453c_0,3002,1948,1010,1389,1265,1964,3229,3539,3588,3888,"{""type"":""MultiPoint"",""coordinates"":[]}"
00000000000000004544_0,2848,1942,529,852,898,1414,2495,2809,2977,3217,"{""type"":""MultiPoint"",""coordinates"":[]}"
00000000000000004549_0,3323,2262,605,996,1146,1836,2734,3064,3060,3239,"{""type"":""MultiPoint"",""coordinates"":[]}"
00000000000000004556_0,1840,1150,319,693,684,1143,1820,2049,2097,2298,"{""type"":""MultiPoint"",""coordinates"":[]}"
00000000000000004559_0,1600,729,324,485,332,773,2095,2469,2671,2825,"{""type"":""MultiPoint"",""coordinates"":[]}"
0000000000000000455e_0,3444,2063,539,1204,858,1923,4127,4677,4670,4975,"{""type"":""MultiPoint"",""coordinates"":[]}"
00000000000000004560_0,525,349,316,431,345,434,844,828,1010,781,"{""type"":""MultiPoint"",""coordinates"":[]}"
00000000000000004566_0,3636,2828,913,1289,1419,1922,2632,2908,3069,3207,"{""type"":""MultiPoint"",""coordinates"":[]}"
00000000000000004573_0,4144,3288,1189,1865,2237,2706,3241,3312,3238,3576,"{""type"":""MultiPoint"",""coordinates"":[]}"
00000000000000004578_0,2107,1956,732,883,1115,1272,1246,1374,1449,1548,"{""type"":""MultiPoint"",""coordinates"":[]}"
00000000000000004580_0,2480,1365,433,1047,744,1740,3384,3831,3890,4258,"{""type"":""MultiPoint"",""coordinates"":[]}"
00000000000000004597_0,915,358,195,326,178,450,1501,2141,2178,2269,"{""type"":""MultiPoint"",""coordinates"":[]}"
0000000000000000459f_0,3005,2118,577,901,1113,1600,2155,2454,2528,2673,"{""type"":""MultiPoint"",""coordinates"":[]}"
000000000000000045aa_0,3873,2734,658,1164,1300,2115,3329,3910,3988,4342,"{""type"":""MultiPoint"",""coordinates"":[]}"
000000000000000045af_0,2187,1837,571,869,1191,1477,1710,1874,1930,1999,"{""type"":""MultiPoint"",""coordinates"":[]}"
000000000000000045b7_0,4430,3811,1004,1740,2484,2899,3166,3418,3258,3449,"{""type"":""MultiPoint"",""coordinates"":[]}"
000000000000000045b9_0,1934,865,376,685,371,1073,3028,4101,3764,4082,"{""type"":""MultiPoint"",""coordinates"":[]}"
000000000000000045bf_0,2231,1304,542,798,749,1226,2020,2371,2312,2526,"{""type"":""MultiPoint"",""coordinates"":[]}"
000000000000000045cc_0,5580,4999,1460,2168,2929,3448,3944,4256,4440,4516,"{""type"":""MultiPoint"",""coordinates"":[]}"
000000000000000045d6_0,1879,1139,475,800,613,1127,2326,2892,2993,3063,"{""type"":""MultiPoint"",""coordinates"":[]}"
000000000000000045d9_0,2081,1065,405,764,571,1211,2802,3351,3325,3627,"{""type"":""MultiPoint"",""coordinates"":[]}"
000000000000000045db_0,1094,434,174,340,203,595,1854,2272,2493,2565,"{""type"":""MultiPoint"",""coordinates"":[]}"
000000000000000045e1_0,3490,2515,941,1251,1379,1980,2748,3056,3261,3443,"{""type"":""MultiPoint"",""coordinates"":[]}"
000000000000000045f6_0,2700,1618,438,799,757,1367,2352,2625,2646,2913,"{""type"":""MultiPoint"",""coordinates"":[]}"
000000000000000045fb_0,2928,1982,519,930,922,1805,3102,3402,3262,3651,"{""type"":""MultiPoint"",""coordinates"":[]}"
00000000000000004608_0,1528,1402,848,1018,1201,1316,1291,1386,1309,1397,"{""type"":""MultiPoint"",""coordinates"":[]}"
0000000000000000460b_0,1649,761,238,564,469,1020,2067,2450,2427,2862,"{""type"":""MultiPoint"",""coordinates"":[]}"
00000000000000004610_0,2512,1417,555,926,1070,1557,2345,2632,2621,2929,"{""type"":""MultiPoint"",""coordinates"":[]}"
00000000000000004616_0,2644,1344,515,985,580,1546,3556,4265,4298,4526,"{""type"":""MultiPoint"",""coordinates"":[]}"
00000000000000004618_0,3733,2649,690,1096,1354,1859,2467,2795,3067,3180,"{""type"":""MultiPoint"",""coordinates"":[]}"
0000000000000000461d_0,2033,1406,485,776,840,1275,1908,2083,2023,2328,"{""type"":""MultiPoint"",""coordinates"":[]}"
0000000000000000462f_0,2122,1073,333,627,392,1106,2852,3320,3276,3565,"{""type"":""MultiPoint"",""coordinates"":[]}"
00000000000000004632_0,4513,3495,791,1392,1874,2694,3671,4181,3973,4370,"{""type"":""MultiPoint"",""coordinates"":[]}"
0000000000000000463a_0,2644,1518,445,795,776,1424,2627,2948,2999,3381,"{""type"":""MultiPoint"",""coordinates"":[]}"
0000000000000000463f_0,1733,1364,386,731,936,1251,1728,1870,1881,1904,"{""type"":""MultiPoint"",""coordinates"":[]}"
00000000000000004649_0,1888,779,139,430,184,859,3203,4027,3935,4316,"{""type"":""MultiPoint"",""coordinates"":[]}"
0000000000000000464f_0,3180,2047,603,1046,800,1606,3012,3375,3422,3763,"{""type"":""MultiPoint"",""coordinates"":[]}"
00000000000000004654_0,2413,2060,678,914,1067,1276,1417,1574,1547,1709,"{""type"":""MultiPoint"",""coordinates"":[]}"
0000000000000000465c_0,3527,2511,687,1189,1215,1948,3689,4155,4092,4428,"{""type"":""MultiPoint"",""coordinates"":[]}"
00000000000000004661_0,2136,1822,1090,1401,1710,1851,1912,1977,1980,1996,"{""type"":""MultiPoint"",""coordinates"":[]}"
00000000000000004664_0,1968,932,298,683,449,1230,2912,3302,3110,3499,"{""type"":""MultiPoint"",""coordinates"":[]}"
0000000000000000466b_0,1506,783,236,403,298,692,1877,2412,2415,2549,"{""type"":""MultiPoint"",""coordinates"":[]}"
00000000000000004671_0,2135,1211,571,829,687,1244,2399,2752,2796,3110,"{""type"":""MultiPoint"",""coordinates"":[]}"
00000000000000004676_0,1975,995,424,682,432,1016,2622,3151,3026,3365,"{""type"":""MultiPoint"",""coordinates"":[]}"
00000000000000004678_0,1808,873,243,529,289,879,2328,2760,2772,2975,"{""type"":""MultiPoint"",""coordinates"":[]}"
00000000000000004686_0,1949,953,220,547,364,981,2520,2999,3142,3273,"{""type"":""MultiPoint"",""coordinates"":[]}"
0000000000000000468b_0,5302,4271,1012,1746,2469,3282,4027,4253,4211,4559,"{""type"":""MultiPoint"",""coordinates"":[]}"
00000000000000004693_0,4075,3183,1053,1473,1857,2277,2812,3083,3251,3389,"{""type"":""MultiPoint"",""coordinates"":[]}"
00000000000000004698_0,2135,1356,656,1024,909,1472,2763,3103,3063,3320,"{""type"":""MultiPoint"",""coordinates"":[]}"
0000000000000000469b_0,1587,691,344,560,363,878,2184,2626,2713,2956,"{""type"":""MultiPoint"",""coordinates"":[]}"
000000000000000046a2_0,3733,2846,1306,2103,2445,2933,3420,3756,3419,3641,"{""type"":""MultiPoint"",""coordinates"":[]}"
000000000000000046a8_0,2700,1627,637,1088,893,1793,2977,3403,3345,3671,"{""type"":""MultiPoint"",""coordinates"":[]}"
000000000000000046b5_0,3686,2591,956,1409,1487,2041,3298,3665,3726,4023,"{""type"":""MultiPoint"",""coordinates"":[]}"
000000000000000046bd_0,2252,1250,385,611,662,1177,1936,2222,2433,2563,"{""type"":""MultiPoint"",""coordinates"":[]}"
000000000000000046bf_0,2945,1983,548,776,922,1283,1733,1992,2172,2264,"{""type"":""MultiPoint"",""coordinates"":[]}"
000000000000000046ca_0,4490,3763,917,1402,2278,2817,3511,3849,3977,4061,"{""type"":""MultiPoint"",""coordinates"":[]}"
000000000000000046d7_0,1256,717,159,481,402,974,1763,2123,2105,2272,"{""type"":""MultiPoint"",""coordinates"":[]}"
000000000000000046e4_0,2077,988,408,853,437,1316,3717,4352,4362,4788,"{""type"":""MultiPoint"",""coordinates"":[]}"
000000000000000046f1_0,1553,767,458,741,460,1053,3124,3814,4066,3927,"{""type"":""MultiPoint"",""coordinates"":[]}"
000000000000000046fb_0,2176,1220,409,629,420,920,2541,3115,3153,3360,"{""type"":""MultiPoint"",""coordinates"":[]}"
00000000000000004701_0,2372,1310,478,841,874,1522,2346,2708,2864,3054,"{""type"":""MultiPoint"",""coordinates"":[]}"
00000000000000004706_0,3341,2324,440,764,909,1319,2123,2424,2451,2789,"{""type"":""MultiPoint"",""coordinates"":[]}"
0000000000000000470e_0,2520,1557,427,874,779,1582,2752,3105,3204,3480,"{""type"":""MultiPoint"",""coordinates"":[]}"
00000000000000004718_0,1712,832,347,632,302,1038,3037,3537,3425,3695,"{""type"":""MultiPoint"",""coordinates"":[]}"
0000000000000000471b_0,3988,2894,698,1124,1419,2228,2855,3236,3212,3535,"{""type"":""MultiPoint"",""coordinates"":[]}"
00000000000000004723_0,2409,1247,269,768,495,1208,3112,3858,3816,4127,"{""type"":""MultiPoint"",""coordinates"":[]}"
00000000000000004728_0,1711,1009,489,823,709,1301,2472,2809,2769,2959,"{""type"":""MultiPoint"",""coordinates"":[]}"
0000000000000000472b_0,2128,1117,471,683,502,1028,2218,2677,2761,2917,"{""type"":""MultiPoint"",""coordinates"":[]}"
00000000000000004730_0,2096,1103,323,581,563,1002,1988,2309,2370,2578,"{""type"":""MultiPoint"",""coordinates"":[]}"
00000000000000004732_0,2179,1072,343,667,501,1229,2917,3375,3479,3745,"{""type"":""MultiPoint"",""coordinates"":[]}"
00000000000000004735_0,3448,2352,866,1434,1783,2297,3098,3276,3468,3512,"{""type"":""MultiPoint"",""coordinates"":[]}"
00000000000000004738_0,2636,1737,695,1023,984,1396,2525,2776,2796,3135,"{""type"":""MultiPoint"",""coordinates"":[]}"
0000000000000000474d_0,1971,1014,419,754,513,1188,3026,3800,3644,4000,"{""type"":""MultiPoint"",""coordinates"":[]}"
00000000000000004754_0,3312,2256,511,806,1012,1602,2110,2440,2465,2659,"{""type"":""MultiPoint"",""coordinates"":[]}"
0000000000000000475a_0,3298,2494,687,994,1309,1821,2400,2695,2780,2913,"{""type"":""MultiPoint"",""coordinates"":[]}"
0000000000000000475f_0,2117,992,346,642,351,1052,3716,4442,4189,4538,"{""type"":""MultiPoint"",""coordinates"":[]}"
00000000000000004765_0,2366,1527,313,537,507,902,2033,2354,2430,2524,"{""type"":""MultiPoint"",""coordinates"":[]}"
00000000000000004767_0,2113,1194,485,821,673,1299,2608,3098,3156,3483,"{""type"":""MultiPoint"",""coordinates"":[]}"
0000000000000000476f_0,2226,1097,388,656,610,1155,2801,3260,2963,3290,"{""type"":""MultiPoint"",""coordinates"":[]}"
0000000000000000477c_0,3122,2432,815,1168,1411,1756,2621,2982,2935,3122,"{""type"":""MultiPoint"",""coordinates"":[]}"
00000000000000004781_0,1749,1025,7,448,261,1004,2829,3217,3178,3521,"{""type"":""MultiPoint"",""coordinates"":[]}"
0000000000000000478b_0,4649,3425,842,1257,1774,2189,2526,2719,2862,3130,"{""type"":""MultiPoint"",""coordinates"":[]}"
0000000000000000478f_0,1386,539,191,354,141,593,2301,2873,3127,3297,"{""type"":""MultiPoint"",""coordinates"":[]}"
00000000000000004791_0,2829,1780,358,780,693,1459,2679,3102,3137,3382,"{""type"":""MultiPoint"",""coordinates"":[]}"
000000000000000047ab_0,1325,706,200,513,310,893,2073,2447,2394,2729,"{""type"":""MultiPoint"",""coordinates"":[]}"
000000000000000047b3_0,2263,1273,373,733,521,1153,2804,3223,3240,3413,"{""type"":""MultiPoint"",""coordinates"":[]}"
000000000000000047bb_0,1190,745,271,485,560,774,903,994,1039,1103,"{""type"":""MultiPoint"",""coordinates"":[]}"
000000000000000047c5_0,3619,2678,941,1378,1700,1938,2129,2263,2591,2632,"{""type"":""MultiPoint"",""coordinates"":[]}"
000000000000000047c8_0,2115,1219,477,769,629,1181,2465,2930,2824,3059,"{""type"":""MultiPoint"",""coordinates"":[]}"
000000000000000047cd_0,2327,1225,318,853,473,1342,3402,3847,3880,4191,"{""type"":""MultiPoint"",""coordinates"":[]}"
000000000000000047da_0,2017,1752,593,869,1278,1429,1438,1539,1617,1680,"{""type"":""MultiPoint"",""coordinates"":[]}"
000000000000000047dd_0,1702,752,186,506,273,937,2563,3063,2968,3414,"{""type"":""MultiPoint"",""coordinates"":[]}"
000000000000000047e2_0,1358,672,339,626,404,995,2101,2399,2443,2607,"{""type"":""MultiPoint"",""coordinates"":[]}"
000000000000000047e4_0,2507,1652,433,673,609,1071,2324,2566,2498,2650,"{""type"":""MultiPoint"",""coordinates"":[]}"
000000000000000047ea_0,2487,1387,339,636,483,1437,2992,3487,3424,3779,"{""type"":""MultiPoint"",""coordinates"":[]}"
000000000000000047ef_0,1957,829,371,606,319,887,3382,4345,4381,4647,"{""type"":""MultiPoint"",""coordinates"":[]}"
000000000000000047f5_0,1496,599,173,379,195,670,2605,3282,3485,3602,"{""type"":""MultiPoint"",""coordinates"":[]}"
000000000000000047f7_0,3212,2160,444,787,999,1402,2008,2324,2510,2737,"{""type"":""MultiPoint"",""coordinates"":[]}"
000000000000000047fc_0,4610,3495,2383,2857,3395,3678,3883,4004,4212,4086,"{""type"":""MultiPoint"",""coordinates"":[]}"
000000000000000047ff_0,3090,2122,474,855,888,1493,2481,2807,2773,3055,"{""type"":""MultiPoint"",""coordinates"":[]}"
00000000000000004801_0,2833,1792,494,863,781,1425,2607,2937,3176,3314,"{""type"":""MultiPoint"",""coordinates"":[]}"
0000000000000000480c_0,1994,1015,445,747,503,1222,2745,3330,3162,3512,"{""type"":""MultiPoint"",""coordinates"":[]}"
00000000000000004811_0,1970,1478,432,757,1028,1341,1901,2057,2265,2237,"{""type"":""MultiPoint"",""coordinates"":[]}"
00000000000000004819_0,1590,735,101,562,361,1265,2663,3118,3217,3469,"{""type"":""MultiPoint"",""coordinates"":[]}"
0000000000000000481b_0,4918,3629,1139,1500,2129,2518,2808,3214,3365,3650,"{""type"":""MultiPoint"",""coordinates"":[]}"
00000000000000004821_0,2440,1448,490,840,920,1579,2499,2848,2951,3205,"{""type"":""MultiPoint"",""coordinates"":[]}"
00000000000000004826_0,2233,1183,349,698,600,1357,2426,2768,2763,3129,"{""type"":""MultiPoint"",""coordinates"":[]}"
0000000000000000482c_0,1783,789,225,548,234,980,2851,3467,3288,3564,"{""type"":""MultiPoint"",""coordinates"":[]}"
00000000000000004838_0,1657,867,532,721,494,1009,2438,2903,2845,3152,"{""type"":""MultiPoint"",""coordinates"":[]}"
0000000000000000483b_0,2585,1293,480,878,492,1268,3829,4533,4517,4921,"{""type"":""MultiPoint"",""coordinates"":[]}"
00000000000000004843_0,2231,1073,396,652,398,1077,2898,3447,3365,3759,"{""type"":""MultiPoint"",""coordinates"":[]}"
00000000000000004848_0,2119,1102,367,653,410,1021,2847,3438,3406,3723,"{""type"":""MultiPoint"",""coordinates"":[]}"
0000000000000000484e_0,1644,756,275,449,280,709,2252,2810,2828,3065,"{""type"":""MultiPoint"",""coordinates"":[]}"
00000000000000004850_0,2326,1427,329,615,595,1142,2003,2311,2387,2618,"{""type"":""MultiPoint"",""coordinates"":[]}"
00000000000000004855_0,5279,4224,1740,2559,3618,4067,4186,4315,4417,4534,"{""type"":""MultiPoint"",""coordinates"":[]}"
00000000000000004858_0,2652,1441,462,907,647,1465,2970,3464,3474,3746,"{""type"":""MultiPoint"",""coordinates"":[]}"
0000000000000000485d_0,2963,1809,618,1137,976,1785,3850,4130,4160,4689,"{""type"":""MultiPoint"",""coordinates"":[]}"
0000000000000000486a_0,2404,2021,1369,1674,1893,2187,2290,2359,2183,2327,"{""type"":""MultiPoint"",""coordinates"":[]}"
00000000000000004874_0,1787,938,300,718,609,1323,2739,3146,3289,3650,"{""type"":""MultiPoint"",""coordinates"":[]}"
00000000000000004878_0,2222,948,368,635,303,1076,3522,4609,4425,4955,"{""type"":""MultiPoint"",""coordinates"":[]}"
00000000000000004887_0,3662,2709,639,1162,1227,2083,3085,3414,3483,3610,"{""type"":""MultiPoint"",""coordinates"":[]}"
0000000000000000488f_0,2070,1068,431,713,457,1148,2972,3584,3619,3832,"{""type"":""MultiPoint"",""coordinates"":[]}"
00000000000000004891_0,2462,1718,521,891,1006,1464,2426,2749,2594,2730,"{""type"":""MultiPoint"",""coordinates"":[]}"
000000000000000048a1_0,1266,707,239,537,370,874,2287,2861,3116,3015,"{""type"":""MultiPoint"",""coordinates"":[]}"
000000000000000048a4_0,2215,892,104,516,168,1037,3523,4319,4290,4727,"{""type"":""MultiPoint"",""coordinates"":[]}"
000000000000000048ae_0,4411,3235,1245,1859,2394,2803,3378,3586,3693,3803,"{""type"":""MultiPoint"",""coordinates"":[]}"
000000000000000048b1_0,2890,2162,476,770,864,1232,1746,2104,2044,2322,"{""type"":""MultiPoint"",""coordinates"":[]}"
000000000000000048bc_0,2404,1195,351,650,429,1019,2759,3324,3141,3610,"{""type"":""MultiPoint"",""coordinates"":[]}"
000000000000000048c3_0,3906,3436,1380,1823,2303,2698,2940,3190,3132,3311,"{""type"":""MultiPoint"",""coordinates"":[]}"
000000000000000048cb_0,1989,1078,441,780,603,1301,2508,2963,2925,3347,"{""type"":""MultiPoint"",""coordinates"":[]}"
000000000000000048d3_0,2616,1648,578,843,787,1507,2699,3105,3220,3382,"{""type"":""MultiPoint"",""coordinates"":[]}"
000000000000000048d8_0,1711,872,270,440,321,707,1639,1937,1922,2102,"{""type"":""MultiPoint"",""coordinates"":[]}"
000000000000000048de_0,1685,874,210,404,289,637,1951,2290,2364,2502,"{""type"":""MultiPoint"",""coordinates"":[]}"
000000000000000048e5_0,5244,4931,1519,2336,3676,4007,4166,4321,4448,4383,"{""type"":""MultiPoint"",""coordinates"":[]}"
000000000000000048e8_0,1916,909,447,694,452,1033,2557,3128,3071,3449,"{""type"":""MultiPoint"",""coordinates"":[]}"
000000000000000048ed_0,2455,1422,476,910,731,1497,3117,3523,3545,3847,"{""type"":""MultiPoint"",""coordinates"":[]}"
000000000000000048f5_0,2278,1301,296,553,578,1073,1910,2157,2234,2576,"{""type"":""MultiPoint"",""coordinates"":[]}"
000000000000000048fa_0,2423,1418,371,990,930,1766,3079,3394,3447,3670,"{""type"":""MultiPoint"",""coordinates"":[]}"
000000000000000048fd_0,3097,2412,609,922,1046,1451,2144,2406,2352,2590,"{""type"":""MultiPoint"",""coordinates"":[]}"
00000000000000004902_0,1179,640,1,307,249,772,1556,1881,1818,2046,"{""type"":""MultiPoint"",""coordinates"":[]}"
00000000000000004904_0,1830,856,255,546,274,915,2892,3364,3145,3932,"{""type"":""MultiPoint"",""coordinates"":[]}"
00000000000000004908_0,2196,1273,616,1010,891,1383,2878,3331,3349,3677,"{""type"":""MultiPoint"",""coordinates"":[]}"
0000000000000000490f_0,1966,1014,257,559,373,1007,2428,2884,2876,3132,"{""type"":""MultiPoint"",""coordinates"":[]}"
0000000000000000491c_0,2157,1756,539,816,1055,1313,1501,1724,1739,1783,"{""type"":""MultiPoint"",""coordinates"":[]}"
00000000000000004921_0,1908,946,232,496,313,917,2429,2969,3060,3182,"{""type"":""MultiPoint"",""coordinates"":[]}"
00000000000000004924_0,2410,1440,430,703,627,1100,2665,3330,3253,3598,"{""type"":""MultiPoint"",""coordinates"":[]}"
00000000000000004931_0,1646,998,305,502,508,970,2042,2398,2352,2589,"{""type"":""MultiPoint"",""coordinates"":[]}"
00000000000000004937_0,2069,1169,369,615,601,1058,1788,2042,2110,2320,"{""type"":""MultiPoint"",""coordinates"":[]}"
00000000000000004939_0,3012,2086,479,728,890,1227,1815,2036,2243,2410,"{""type"":""MultiPoint"",""coordinates"":[]}"
0000000000000000493e_0,5131,4187,1579,2346,3310,3619,3791,3958,4145,4150,"{""type"":""MultiPoint"",""coordinates"":[]}"
00000000000000004941_0,1772,945,338,591,504,1101,1979,2339,2378,2610,"{""type"":""MultiPoint"",""coordinates"":[]}"
00000000000000004946_0,1951,1030,403,790,726,1353,2710,3091,2998,3093,"{""type"":""MultiPoint"",""coordinates"":[]}"
0000000000000000494e_0,3073,2083,689,1157,1317,1732,2713,2976,2971,3296,"{""type"":""MultiPoint"",""coordinates"":[]}"
00000000000000004953_0,4352,3929,1373,1996,2775,3194,3427,3573,3544,3823,"{""type"":""MultiPoint"",""coordinates"":[]}"
00000000000000004956_0,1493,656,267,473,295,724,1968,2336,2455,2541,"{""type"":""MultiPoint"",""coordinates"":[]}"
00000000000000004959_0,2322,1122,310,620,287,959,3092,3725,3706,3960,"{""type"":""MultiPoint"",""coordinates"":[]}"
0000000000000000495b_0,2005,943,115,792,377,1443,3594,4070,4073,4568,"{""type"":""MultiPoint"",""coordinates"":[]}"
0000000000000000495d_0,821,330,187,373,185,716,2470,3145,3089,3402,"{""type"":""MultiPoint"",""coordinates"":[]}"
00000000000000004968_0,2593,1275,471,896,405,1199,3705,4523,4471,4840,"{""type"":""MultiPoint"",""coordinates"":[]}"
0000000000000000496e_0,2510,1170,364,874,353,1439,4766,5702,5490,6005,"{""type"":""MultiPoint"",""coordinates"":[]}"
00000000000000004972_0,2247,1014,335,720,310,1228,3502,4016,4064,4355,"{""type"":""MultiPoint"",""coordinates"":[]}"
00000000000000004978_0,2329,1101,371,754,491,1268,2927,3303,3375,3680,"{""type"":""MultiPoint"",""coordinates"":[]}"
0000000000000000497d_0,2286,1047,324,907,322,1201,4286,5110,5146,5382,"{""type"":""MultiPoint"",""coordinates"":[]}"
00000000000000004985_0,4156,3077,892,1271,1552,2100,2755,3039,3137,3335,"{""type"":""MultiPoint"",""coordinates"":[]}"
000000000000000049a5_0,2167,945,320,732,300,1196,3543,4294,4104,4518,"{""type"":""MultiPoint"",""coordinates"":[]}"
000000000000000049a7_0,4840,3928,1061,1529,2199,2622,2958,3210,3443,3615,"{""type"":""MultiPoint"",""coordinates"":[]}"
000000000000000049ac_0,4072,3378,1047,1569,2150,2606,3222,3456,3641,3721,"{""type"":""MultiPoint"",""coordinates"":[]}"
000000000000000049af_0,1866,958,375,569,409,900,2290,2790,2794,3059,"{""type"":""MultiPoint"",""coordinates"":[]}"
000000000000000049c1_0,1733,871,294,461,355,766,1679,1898,1917,2152,"{""type"":""MultiPoint"",""coordinates"":[]}"
000000000000000049c7_0,2521,1585,483,799,693,1254,2225,2450,2445,2678,"{""type"":""MultiPoint"",""coordinates"":[]}"
000000000000000049ce_0,5204,4833,1191,1914,3452,3836,4012,4141,4224,4242,"{""type"":""MultiPoint"",""coordinates"":[]}"
000000000000000049d6_0,1995,1071,337,676,493,1090,2228,2632,2629,2959,"{""type"":""MultiPoint"",""coordinates"":[]}"
000000000000000049de_0,2505,1572,482,759,788,1279,1977,2195,2355,2485,"{""type"":""MultiPoint"",""coordinates"":[]}"
000000000000000049e5_0,1519,638,158,453,206,801,3152,3838,3932,4283,"{""type"":""MultiPoint"",""coordinates"":[]}"
000000000000000049e6_0,2263,1510,479,646,638,942,1574,1879,1826,2055,"{""type"":""MultiPoint"",""coordinates"":[]}"
000000000000000049eb_0,1626,806,196,438,268,763,1965,2383,2572,2752,"{""type"":""MultiPoint"",""coordinates"":[]}"
000000000000000049ed_0,1871,907,321,796,431,1338,3444,4491,4600,4879,"{""type"":""MultiPoint"",""coordinates"":[]}"
000000000000000049f3_0,2707,1906,492,886,709,1385,2893,3356,3278,3560,"{""type"":""MultiPoint"",""coordinates"":[]}"
000000000000000049f8_0,2098,1173,287,579,489,1048,2153,2553,2549,2907,"{""type"":""MultiPoint"",""coordinates"":[]}"
00000000000000004a05_0,3995,3428,924,1461,2202,2752,3383,3584,3470,3762,"{""type"":""MultiPoint"",""coordinates"":[]}"
00000000000000004a08_0,2889,1897,506,894,778,1411,2498,2912,2786,3093,"{""type"":""MultiPoint"",""coordinates"":[]}"
00000000000000004a0a_0,1681,1166,562,770,725,1077,1796,2005,1883,2157,"{""type"":""MultiPoint"",""coordinates"":[]}"
00000000000000004a15_0,3422,2756,601,869,1028,1519,2265,2545,2557,2816,"{""type"":""MultiPoint"",""coordinates"":[]}"
00000000000000004a1a_0,1470,781,126,291,190,533,1522,1844,1969,2049,"{""type"":""MultiPoint"",""coordinates"":[]}"
00000000000000004a1c_0,1596,816,256,492,314,817,2113,2646,2816,2898,"{""type"":""MultiPoint"",""coordinates"":[]}"
00000000000000004a22_0,3001,2353,636,885,1021,1479,2123,2320,2458,2631,"{""type"":""MultiPoint"",""coordinates"":[]}"
00000000000000004a27_0,5485,4441,1378,2108,3229,3694,3783,3937,4014,4105,"{""type"":""MultiPoint"",""coordinates"":[]}"
00000000000000004a35_0,3036,1734,505,772,783,1324,2141,2542,2513,2797,"{""type"":""MultiPoint"",""coordinates"":[]}"
00000000000000004a3c_0,2287,1401,367,673,701,1172,2126,2484,2475,2601,"{""type"":""MultiPoint"",""coordinates"":[]}"
00000000000000004a3f_0,1636,647,210,456,224,747,2360,2858,2874,3068,"{""type"":""MultiPoint"",""coordinates"":[]}"
00000000000000004a44_0,1767,816,242,543,397,1001,2363,2727,2824,3071,"{""type"":""MultiPoint"",""coordinates"":[]}"
00000000000000004a57_0,2236,1338,538,850,774,1286,2809,3126,3315,3494,"{""type"":""MultiPoint"",""coordinates"":[]}"
00000000000000004a59_0,2699,1752,499,786,810,1323,2366,2734,2914,3040,"{""type"":""MultiPoint"",""coordinates"":[]}"
00000000000000004a5b_0,2177,950,223,687,274,1226,3241,3801,3806,4121,"{""type"":""MultiPoint"",""coordinates"":[]}"
00000000000000004a5e_0,5078,4287,1567,2231,2950,3378,3649,3845,3962,4121,"{""type"":""MultiPoint"",""coordinates"":[]}"
00000000000000004a61_0,3250,2357,660,1049,1364,1800,2764,3033,2923,3198,"{""type"":""MultiPoint"",""coordinates"":[]}"
00000000000000004a66_0,2555,1610,458,870,839,1594,2767,3163,3119,3486,"{""type"":""MultiPoint"",""coordinates"":[]}"
00000000000000004a6e_0,2182,1199,389,796,578,1286,2688,3041,3065,3224,"{""type"":""MultiPoint"",""coordinates"":[]}"
00000000000000004a76_0,1973,810,294,668,247,1196,3406,4210,3894,4529,"{""type"":""MultiPoint"",""coordinates"":[]}"
00000000000000004a79_0,2143,1001,273,700,253,1082,3636,4084,4177,4297,"{""type"":""MultiPoint"",""coordinates"":[]}"
00000000000000004a7b_0,1243,673,264,570,336,974,1879,2139,2365,2397,"{""type"":""MultiPoint"",""coordinates"":[]}"
00000000000000004a83_0,2322,1382,525,966,681,1420,3051,3536,3462,3814,"{""type"":""MultiPoint"",""coordinates"":[]}"
00000000000000004a90_0,2912,1637,565,868,1270,1765,2254,2470,2755,2831,"{""type"":""MultiPoint"",""coordinates"":[]}"
00000000000000004a95_0,3954,3278,864,1409,2164,2642,3173,3291,3248,3498,"{""type"":""MultiPoint"",""coordinates"":[]}"
00000000000000004a98_0,1764,852,352,583,356,915,2321,2773,2763,3048,"{""type"":""MultiPoint"",""coordinates"":[]}"
00000000000000004a9d_0,2018,1014,309,596,509,1136,2344,2837,2937,3191,"{""type"":""MultiPoint"",""coordinates"":[]}"
00000000000000004aa5_0,2312,1413,485,731,591,1166,2268,2664,2657,2922,"{""type"":""MultiPoint"",""coordinates"":[]}"
00000000000000004aaa_0,1789,858,239,583,367,1079,2812,3333,3377,3599,"{""type"":""MultiPoint"",""coordinates"":[]}"
00000000000000004ab0_0,1632,690,210,555,252,972,2928,3522,3569,3813,"{""type"":""MultiPoint"",""coordinates"":[]}"
00000000000000004ab2_0,3565,2827,712,1065,1158,1640,2457,2815,2781,3001,"{""type"":""MultiPoint"",""coordinates"":[]}"
00000000000000004aba_0,2041,986,256,632,486,1209,2501,2929,2929,3286,"{""type"":""MultiPoint"",""coordinates"":[]}"
00000000000000004abf_0,2541,1443,409,743,584,1182,2213,2553,2489,2813,"{""type"":""MultiPoint"",""coordinates"":[]}"
00000000000000004ac7_0,2135,1210,394,572,546,1069,1906,2173,2345,2497,"{""type"":""MultiPoint"",""coordinates"":[]}"
00000000000000004acc_0,2396,1490,426,730,656,1256,2592,3004,3065,3257,"{""type"":""MultiPoint"",""coordinates"":[]}"
00000000000000004acf_0,1676,744,390,556,390,796,2248,2680,2856,2967,"{""type"":""MultiPoint"",""coordinates"":[]}"
00000000000000004ad4_0,1901,967,413,705,563,1127,2382,2661,2601,2882,"{""type"":""MultiPoint"",""coordinates"":[]}"
00000000000000004adc_0,2221,1271,348,667,585,1210,2136,2416,2589,2766,"{""type"":""MultiPoint"",""coordinates"":[]}"
00000000000000004ae7_0,1381,564,324,503,311,755,2101,2632,2294,2698,"{""type"":""MultiPoint"",""coordinates"":[]}"
00000000000000004aeb_0,3078,1464,477,772,451,1223,3938,5028,4848,5295,"{""type"":""MultiPoint"",""coordinates"":[]}"
00000000000000004af6_0,2389,1349,368,579,713,1171,1778,2133,2231,2516,"{""type"":""MultiPoint"",""coordinates"":[]}"
00000000000000004afe_0,2111,1178,526,837,642,1382,2713,3030,3013,3326,"{""type"":""MultiPoint"",""coordinates"":[]}"
00000000000000004b03_0,1577,915,330,720,577,1185,1945,2181,2246,2370,"{""type"":""MultiPoint"",""coordinates"":[]}"
00000000000000004b0b_0,2552,1600,424,664,750,1260,1993,2258,2416,2633,"{""type"":""MultiPoint"",""coordinates"":[]}"
00000000000000004b13_0,1934,1139,409,671,502,1096,2373,2752,2841,3035,"{""type"":""MultiPoint"",""coordinates"":[]}"
00000000000000004b18_0,1756,1031,188,460,600,972,1704,1947,2093,2331,"{""type"":""MultiPoint"",""coordinates"":[]}"
00000000000000004b1e_0,1663,855,404,734,441,972,2829,3223,3660,3811,"{""type"":""MultiPoint"",""coordinates"":[]}"
00000000000000004b25_0,1808,1521,428,608,782,981,1264,1363,1397,1527,"{""type"":""MultiPoint"",""coordinates"":[]}"
00000000000000004b35_0,2273,1456,481,715,572,1136,2282,2591,2603,2857,"{""type"":""MultiPoint"",""coordinates"":[]}"
00000000000000004b47_0,5413,4529,1498,2040,2701,3067,3175,3389,3588,3864,"{""type"":""MultiPoint"",""coordinates"":[]}"
00000000000000004b4a_0,2282,1334,411,627,661,1167,1760,2058,2130,2335,"{""type"":""MultiPoint"",""coordinates"":[]}"
00000000000000004b5e_0,1392,569,208,476,272,859,2326,2735,2970,3115,"{""type"":""MultiPoint"",""coordinates"":[]}"
00000000000000004b64_0,1475,630,42,323,159,691,2111,2533,2506,2812,"{""type"":""MultiPoint"",""coordinates"":[]}"
00000000000000004b71_0,1358,719,85,362,288,766,1356,1496,1515,1713,"{""type"":""MultiPoint"",""coordinates"":[]}"
00000000000000004b79_0,2888,2161,562,851,996,1382,1986,2241,2314,2502,"{""type"":""MultiPoint"",""coordinates"":[]}"
00000000000000004b7e_0,3655,2770,662,1049,1522,2034,3039,3371,3268,3532,"{""type"":""MultiPoint"",""coordinates"":[]}"
00000000000000004b81_0,1981,1040,352,770,516,1294,2843,3240,3297,3534,"{""type"":""MultiPoint"",""coordinates"":[]}"
00000000000000004b84_0,1086,400,203,364,166,597,2447,3124,3252,3498,"{""type"":""MultiPoint"",""coordinates"":[]}"
00000000000000004b86_0,1931,1129,358,488,516,878,1456,1700,1805,1991,"{""type"":""MultiPoint"",""coordinates"":[]}"
00000000000000004b8c_0,2195,1075,384,731,497,1277,2937,3400,3488,3703,"{""type"":""MultiPoint"",""coordinates"":[]}"
00000000000000004b8e_0,1789,857,422,633,375,945,2593,3088,3018,3389,"{""type"":""MultiPoint"",""coordinates"":[]}"
00000000000000004b9b_0,2810,2159,438,778,923,1627,2939,3141,3129,3340,"{""type"":""MultiPoint"",""coordinates"":[]}"
00000000000000004ba0_0,4648,3836,1068,1808,2749,3276,3640,3848,3985,4089,"{""type"":""MultiPoint"",""coordinates"":[]}"
00000000000000004bb0_0,2770,1941,543,830,930,1446,2256,2560,2681,2838,"{""type"":""MultiPoint"",""coordinates"":[]}"
00000000000000004bb5_0,2670,1920,512,742,739,1254,2083,2340,2368,2574,"{""type"":""MultiPoint"",""coordinates"":[]}"
00000000000000004bb8_0,1703,749,244,443,224,791,2517,2991,3053,3298,"{""type"":""MultiPoint"",""coordinates"":[]}"
00000000000000004bbd_0,1521,690,256,488,294,783,2170,2605,2628,2885,"{""type"":""MultiPoint"",""coordinates"":[]}"
00000000000000004bc5_0,1997,1034,373,727,509,1249,2584,2987,2979,3246,"{""type"":""MultiPoint"",""coordinates"":[]}"
00000000000000004bca_0,2113,981,391,827,375,1016,3439,4271,4106,4509,"{""type"":""MultiPoint"",""coordinates"":[]}"
00000000000000004bd2_0,1960,1010,398,656,428,934,2613,3244,3175,3417,"{""type"":""MultiPoint"",""coordinates"":[]}"
00000000000000004bd4_0,1968,856,329,592,263,926,3004,3782,3617,4032,"{""type"":""MultiPoint"",""coordinates"":[]}"
00000000000000004bda_0,1916,1065,310,611,335,888,2406,2925,3059,3069,"{""type"":""MultiPoint"",""coordinates"":[]}"
00000000000000004bdf_0,1618,705,176,485,290,957,2509,2970,2923,3246,"{""type"":""MultiPoint"",""coordinates"":[]}"
00000000000000004be7_0,3226,2367,625,993,1108,1648,2415,2713,2693,3009,"{""type"":""MultiPoint"",""coordinates"":[]}"
00000000000000004bf4_0,1703,817,263,466,340,846,1906,2264,2317,2550,"{""type"":""MultiPoint"",""coordinates"":[]}"
00000000000000004c01_0,2049,1111,124,468,444,1019,1924,2217,2293,2579,"{""type"":""MultiPoint"",""coordinates"":[]}"
00000000000000004c09_0,1794,1040,602,749,602,1073,2074,2410,2400,2636,"{""type"":""MultiPoint"",""coordinates"":[]}"
00000000000000004c0e_0,3801,3181,642,1148,2014,2427,2752,2879,2911,2969,"{""type"":""MultiPoint"",""coordinates"":[]}"
00000000000000004c11_0,2643,1508,654,1017,938,1620,2913,3293,3335,3670,"{""type"":""MultiPoint"",""coordinates"":[]}"
00000000000000004c16_0,1760,887,400,595,482,987,1987,2353,2404,2654,"{""type"":""MultiPoint"",""coordinates"":[]}"
00000000000000004c1c_0,2192,1104,231,496,392,924,2084,2340,2404,2750,"{""type"":""MultiPoint"",""coordinates"":[]}"
00000000000000004c23_0,2057,1103,370,665,493,1156,3022,3618,3848,3906,"{""type"":""MultiPoint"",""coordinates"":[]}"
00000000000000004c29_0,2329,1200,210,626,394,1180,2736,3203,3137,3588,"{""type"":""MultiPoint"",""coordinates"":[]}"
00000000000000004c2b_0,2359,1479,472,650,730,1154,1961,2271,2368,2557,"{""type"":""MultiPoint"",""coordinates"":[]}"
00000000000000004c30_0,4877,4144,1066,1798,2899,3178,3499,3576,3635,3754,"{""type"":""MultiPoint"",""coordinates"":[]}"
00000000000000004c35_0,4188,3039,918,1266,1705,2137,2498,2758,2903,3098,"{""type"":""MultiPoint"",""coordinates"":[]}"
00000000000000004c45_0,2171,1415,463,717,679,1113,1791,2035,2161,2310,"{""type"":""MultiPoint"",""coordinates"":[]}"
00000000000000004c48_0,2131,1111,328,612,483,1033,2332,2782,2964,3045,"{""type"":""MultiPoint"",""coordinates"":[]}"
00000000000000004c4b_0,1806,869,334,567,358,975,2223,2667,2595,2865,"{""type"":""MultiPoint"",""coordinates"":[]}"
00000000000000004c4d_0,2693,1868,451,597,711,918,1500,1815,1964,2194,"{""type"":""MultiPoint"",""coordinates"":[]}"
00000000000000004c67_0,4120,3514,735,1045,1776,2242,2603,2776,2722,3006,"{""type"":""MultiPoint"",""coordinates"":[]}"
00000000000000004c77_0,1884,1095,403,616,575,1040,1712,1975,2134,2220,"{""type"":""MultiPoint"",""coordinates"":[]}"
00000000000000004c7c_0,1707,840,186,391,345,909,2103,2526,2460,2802,"{""type"":""MultiPoint"",""coordinates"":[]}"
00000000000000004c7e_0,2717,1578,528,798,882,1447,2354,2891,2767,3357,"{""type"":""MultiPoint"",""coordinates"":[]}"
00000000000000004c82_0,2464,1430,420,757,528,1326,2637,3125,3113,3412,"{""type"":""MultiPoint"",""coordinates"":[]}"
00000000000000004c84_0,2426,1592,620,917,889,1322,2548,2864,2866,3212,"{""type"":""MultiPoint"",""coordinates"":[]}"
00000000000000004c91_0,881,499,311,650,409,879,1344,1493,1363,1403,"{""type"":""MultiPoint"",""coordinates"":[]}"
00000000000000004c97_0,1808,783,278,532,311,899,2944,3636,3573,4005,"{""type"":""MultiPoint"",""coordinates"":[]}"
00000000000000004c99_0,2465,1769,609,867,935,1377,2030,2328,2238,2603,"{""type"":""MultiPoint"",""coordinates"":[]}"
00000000000000004ca1_0,1216,558,168,305,255,534,1450,1707,1830,2023,"{""type"":""MultiPoint"",""coordinates"":[]}"
00000000000000004cb9_0,3163,1792,463,748,613,1273,2376,2821,2930,3199,"{""type"":""MultiPoint"",""coordinates"":[]}"
00000000000000004cbb_0,1819,1052,401,649,464,960,2149,2558,2509,2716,"{""type"":""MultiPoint"",""coordinates"":[]}"
00000000000000004cbd_0,1705,764,220,445,199,716,2336,3027,3234,3199,"{""type"":""MultiPoint"",""coordinates"":[]}"
00000000000000004cc0_0,3892,3138,853,1317,1888,2306,2632,2846,2854,3016,"{""type"":""MultiPoint"",""coordinates"":[]}"
00000000000000004cc5_0,1303,558,161,423,216,697,2305,2940,3208,3171,"{""type"":""MultiPoint"",""coordinates"":[]}"
00000000000000004cd5_0,1630,1104,292,397,446,645,1052,1262,1207,1430,"{""type"":""MultiPoint"",""coordinates"":[]}"
00000000000000004cd7_0,2667,1500,551,1033,800,1679,3214,3791,3632,3930,"{""type"":""MultiPoint"",""coordinates"":[]}"
00000000000000004cd8_0,972,526,139,321,296,606,1239,1417,1460,1578,"{""type"":""MultiPoint"",""coordinates"":[]}"
00000000000000004cdb_0,2854,1885,626,989,1041,1592,2295,2524,2497,2763,"{""type"":""MultiPoint"",""coordinates"":[]}"
00000000000000004cdd_0,1514,645,361,563,343,839,2417,3043,3070,3294,"{""type"":""MultiPoint"",""coordinates"":[]}"
00000000000000004ce5_0,1189,522,322,503,290,725,2062,2481,2476,2736,"{""type"":""MultiPoint"",""coordinates"":[]}"
00000000000000004cf0_0,1637,1046,159,539,509,1097,2984,3367,3760,3652,"{""type"":""MultiPoint"",""coordinates"":[]}"
00000000000000004cf7_0,3284,2495,436,823,1407,1882,2539,2895,2809,2952,"{""type"":""MultiPoint"",""coordinates"":[]}"
00000000000000004cfa_0,1609,735,235,442,266,693,2229,2781,2858,3060,"{""type"":""MultiPoint"",""coordinates"":[]}"
00000000000000004cff_0,1503,620,290,483,266,768,2477,3037,2992,3273,"{""type"":""MultiPoint"",""coordinates"":[]}"
00000000000000004d0c_0,2102,1317,431,743,933,1308,2066,2309,2425,2629,"{""type"":""MultiPoint"",""coordinates"":[]}"
00000000000000004d12_0,1465,636,63,382,193,833,2826,3491,3518,3903,"{""type"":""MultiPoint"",""coordinates"":[]}"
00000000000000004d14_0,1702,859,338,536,423,897,1846,2211,2269,2473,"{""type"":""MultiPoint"",""coordinates"":[]}"
00000000000000004d19_0,5265,4414,1119,1804,2822,3395,3759,3973,3962,4199,"{""type"":""MultiPoint"",""coordinates"":[]}"
00000000000000004d1c_0,2446,1205,344,633,296,1002,4081,5034,4897,5282,"{""type"":""MultiPoint"",""coordinates"":[]}"
00000000000000004d1e_0,3503,2292,827,1094,1180,1709,2628,3055,3144,3494,"{""type"":""MultiPoint"",""coordinates"":[]}"
00000000000000004d21_0,1141,671,278,396,436,704,1128,1301,1334,1462,"{""type"":""MultiPoint"",""coordinates"":[]}"
00000000000000004d2e_0,2796,2228,491,796,1162,1489,1864,2165,2309,2297,"{""type"":""MultiPoint"",""coordinates"":[]}"
00000000000000004d31_0,1368,636,251,457,376,691,1700,2131,2323,2443,"{""type"":""MultiPoint"",""coordinates"":[]}"
00000000000000004d36_0,1525,696,212,386,272,622,1722,2072,2158,2301,"{""type"":""MultiPoint"",""coordinates"":[]}"
00000000000000004d3e_0,2546,1529,502,896,655,1429,3065,3394,3402,3747,"{""type"":""MultiPoint"",""coordinates"":[]}"
00000000000000004d43_0,2287,1265,450,755,598,1207,2225,2590,2608,2887,"{""type"":""MultiPoint"",""coordinates"":[]}"
00000000000000004d49_0,1244,567,207,542,287,980,2297,2608,2494,2749,"{""type"":""MultiPoint"",""coordinates"":[]}"
00000000000000004d4b_0,1797,929,296,574,420,1053,2050,2306,2330,2583,"{""type"":""MultiPoint"",""coordinates"":[]}"
00000000000000004d50_0,3598,2918,696,996,1488,1870,2229,2536,2532,2689,"{""type"":""MultiPoint"",""coordinates"":[]}"
00000000000000004d53_0,2044,937,362,632,353,1001,2853,3460,3527,3841,"{""type"":""MultiPoint"",""coordinates"":[]}"
00000000000000004d6b_0,2094,1097,298,628,379,1023,2320,2659,2661,2918,"{""type"":""MultiPoint"",""coordinates"":[]}"
00000000000000004d6d_0,1656,773,350,492,360,791,1856,2188,2289,2389,"{""type"":""MultiPoint"",""coordinates"":[]}"
00000000000000004d80_0,1848,929,427,657,442,1037,2998,3676,3578,4045,"{""type"":""MultiPoint"",""coordinates"":[]}"
00000000000000004d82_0,1881,903,295,472,284,785,2380,2854,2910,3134,"{""type"":""MultiPoint"",""coordinates"":[]}"
00000000000000004d87_0,3358,2752,583,943,1394,2096,2438,2632,2435,2853,"{""type"":""MultiPoint"",""coordinates"":[]}"
00000000000000004d8d_0,3733,2480,770,1150,1439,1909,2163,2327,2429,2627,"{""type"":""MultiPoint"",""coordinates"":[]}"
00000000000000004d97_0,3007,2394,859,1122,1354,1555,2061,2289,2481,2518,"{""type"":""MultiPoint"",""coordinates"":[]}"
00000000000000004da6_0,4479,3537,1068,1311,1659,2019,2297,2514,2568,2929,"{""type"":""MultiPoint"",""coordinates"":[]}"
00000000000000004dac_0,2152,901,285,469,240,816,3415,4611,4395,4790,"{""type"":""MultiPoint"",""coordinates"":[]}"
00000000000000004dbe_0,1522,942,303,491,433,808,1711,1970,1884,2073,"{""type"":""MultiPoint"",""coordinates"":[]}"
00000000000000004dc4_0,1835,734,357,533,257,776,3126,3770,3967,4209,"{""type"":""MultiPoint"",""coordinates"":[]}"
00000000000000004dc6_0,1619,704,377,637,342,960,2569,3137,3085,3397,"{""type"":""MultiPoint"",""coordinates"":[]}"
00000000000000004dd3_0,2188,1256,417,723,487,1053,2416,2909,2843,3164,"{""type"":""MultiPoint"",""coordinates"":[]}"
00000000000000004dd9_0,2899,1236,207,600,267,1220,4790,5841,5846,6030,"{""type"":""MultiPoint"",""coordinates"":[]}"
00000000000000004de8_0,1654,694,306,605,351,1069,2902,3294,3280,3702,"{""type"":""MultiPoint"",""coordinates"":[]}"
00000000000000004df5_0,2008,1345,443,744,719,1275,2560,2854,2922,3032,"{""type"":""MultiPoint"",""coordinates"":[]}"
00000000000000004dfd_0,1759,1011,337,522,478,942,1697,1927,1950,2178,"{""type"":""MultiPoint"",""coordinates"":[]}"
00000000000000004e05_0,1613,777,420,568,442,746,2028,2418,2647,2740,"{""type"":""MultiPoint"",""coordinates"":[]}"
00000000000000004e0a_0,1096,547,199,410,284,720,1639,1854,1872,1942,"{""type"":""MultiPoint"",""coordinates"":[]}"
00000000000000004e10_0,2125,1019,309,641,350,1148,2896,3383,3422,3776,"{""type"":""MultiPoint"",""coordinates"":[]}"
00000000000000004e12_0,1384,615,235,429,252,744,1818,2082,2071,2388,"{""type"":""MultiPoint"",""coordinates"":[]}"
00000000000000004e1f_0,1366,614,246,467,279,791,2059,2509,2382,2703,"{""type"":""MultiPoint"",""coordinates"":[]}"
00000000000000004e2c_0,1584,721,368,621,326,885,2737,3308,3385,3422,"{""type"":""MultiPoint"",""coordinates"":[]}"
00000000000000004e32_0,2362,1157,268,561,501,1006,1899,2237,2254,2566,"{""type"":""MultiPoint"",""coordinates"":[]}"
00000000000000004e41_0,1841,916,535,762,532,1100,2548,2983,2849,3210,"{""type"":""MultiPoint"",""coordinates"":[]}"
00000000000000004e49_0,3196,2287,727,1021,1015,1458,2297,2611,2632,2866,"{""type"":""MultiPoint"",""coordinates"":[]}"
00000000000000004e4e_0,1814,1604,917,1226,1448,1674,2004,2009,2057,2119,"{""type"":""MultiPoint"",""coordinates"":[]}"
00000000000000004e54_0,2588,1484,506,778,719,1266,2274,2666,2580,2934,"{""type"":""MultiPoint"",""coordinates"":[]}"
00000000000000004e56_0,2189,1161,413,582,610,957,1932,2299,2357,2644,"{""type"":""MultiPoint"",""coordinates"":[]}"
00000000000000004e65_0,2029,870,220,466,243,836,3020,3766,3802,4145,"{""type"":""MultiPoint"",""coordinates"":[]}"
00000000000000004e70_0,4090,3850,1203,1788,2700,2982,3033,3290,3195,3320,"{""type"":""MultiPoint"",""coordinates"":[]}"
00000000000000004e73_0,1609,779,377,530,411,721,1925,2457,2687,2701,"{""type"":""MultiPoint"",""coordinates"":[]}"
00000000000000004e80_0,2477,1586,589,733,782,1043,1740,1996,2071,2218,"{""type"":""MultiPoint"",""coordinates"":[]}"
00000000000000004e85_0,2493,1372,526,802,687,1230,2374,2719,2857,3092,"{""type"":""MultiPoint"",""coordinates"":[]}"
00000000000000004e8f_0,4338,2832,998,1462,1829,2592,3062,3593,3598,3961,"{""type"":""MultiPoint"",""coordinates"":[]}"
00000000000000004e92_0,5439,4725,1257,2035,3129,3677,4188,4439,4556,4644,"{""type"":""MultiPoint"",""coordinates"":[]}"
00000000000000004e97_0,2019,943,308,619,361,1038,2505,2903,2978,3197,"{""type"":""MultiPoint"",""coordinates"":[]}"
00000000000000004e9a_0,1852,864,239,566,389,1017,2346,2690,2753,3029,"{""type"":""MultiPoint"",""coordinates"":[]}"
00000000000000004eaf_0,1820,872,316,607,363,997,2689,3187,3086,3436,"{""type"":""MultiPoint"",""coordinates"":[]}"
00000000000000004ebc_0,1979,1050,300,690,559,1231,2230,2548,2677,2915,"{""type"":""MultiPoint"",""coordinates"":[]}"
00000000000000004ec2_0,1703,703,248,478,236,794,2710,3401,3369,3797,"{""type"":""MultiPoint"",""coordinates"":[]}"
00000000000000004ec4_0,1641,716,367,566,334,836,2479,2994,2901,3240,"{""type"":""MultiPoint"",""coordinates"":[]}"
00000000000000004ec9_0,3631,2631,649,992,1462,1999,2623,2797,2807,2940,"{""type"":""MultiPoint"",""coordinates"":[]}"
00000000000000004ecc_0,2368,1318,535,811,657,1244,2404,2809,3048,3190,"{""type"":""MultiPoint"",""coordinates"":[]}"
00000000000000004ed1_0,1726,804,282,527,351,894,2097,2446,2496,2803,"{""type"":""MultiPoint"",""coordinates"":[]}"
00000000000000004ede_0,1767,928,325,516,422,921,2388,3013,3082,3367,"{""type"":""MultiPoint"",""coordinates"":[]}"
00000000000000004ee4_0,1478,604,220,483,244,790,2573,3189,3417,3692,"{""type"":""MultiPoint"",""coordinates"":[]}"
00000000000000004ee6_0,1660,764,345,501,347,756,1843,2181,2283,2487,"{""type"":""MultiPoint"",""coordinates"":[]}"
00000000000000004f06_0,1546,669,315,555,317,865,2477,3086,3088,3307,"{""type"":""MultiPoint"",""coordinates"":[]}"
00000000000000004f08_0,1631,631,203,384,207,648,2376,3144,3002,3531,"{""type"":""MultiPoint"",""coordinates"":[]}"
00000000000000004f1d_0,2625,1635,502,834,604,1273,2858,3361,3195,3586,"{""type"":""MultiPoint"",""coordinates"":[]}"
00000000000000004f22_0,5784,5016,1228,1934,3231,3710,4098,4204,4136,4479,"{""type"":""MultiPoint"",""coordinates"":[]}"
00000000000000004f25_0,2431,1082,351,738,297,1194,3956,4827,4720,5053,"{""type"":""MultiPoint"",""coordinates"":[]}"
00000000000000004f27_0,1786,861,247,559,277,945,2818,3513,3565,3822,"{""type"":""MultiPoint"",""coordinates"":[]}"
00000000000000004f2a_0,1786,796,284,616,343,1039,2852,3334,3292,3656,"{""type"":""MultiPoint"",""coordinates"":[]}"
00000000000000004f3f_0,2165,1199,470,721,501,1120,2519,3116,3101,3314,"{""type"":""MultiPoint"",""coordinates"":[]}"
00000000000000004f52_0,1524,917,201,408,402,747,1525,1795,1922,1980,"{""type"":""MultiPoint"",""coordinates"":[]}"
00000000000000004f54_0,1717,888,302,493,433,863,1749,2036,2140,2311,"{""type"":""MultiPoint"",""coordinates"":[]}"
00000000000000004f5c_0,2256,1102,195,620,463,1158,2698,3251,3257,3681,"{""type"":""MultiPoint"",""coordinates"":[]}"
00000000000000004f5f_0,1530,648,329,478,279,745,2107,2483,2456,2667,"{""type"":""MultiPoint"",""coordinates"":[]}"
00000000000000004f74_0,3354,2289,582,765,883,1270,1638,1896,1953,2169,"{""type"":""MultiPoint"",""coordinates"":[]}"
00000000000000004f76_0,1090,534,196,268,184,496,1360,1885,1649,1910,"{""type"":""MultiPoint"",""coordinates"":[]}"
00000000000000004f78_0,2016,891,269,600,327,1079,2925,3395,3361,3805,"{""type"":""MultiPoint"",""coordinates"":[]}"
00000000000000004f7e_0,1333,558,282,449,310,598,2064,2454,2591,2867,"{""type"":""MultiPoint"",""coordinates"":[]}"
00000000000000004f81_0,1684,863,280,502,324,914,2668,3223,3058,3619,"{""type"":""MultiPoint"",""coordinates"":[]}"
00000000000000004f83_0,1767,854,289,557,486,1071,2091,2424,2426,2742,"{""type"":""MultiPoint"",""coordinates"":[]}"
00000000000000004f89_0,1841,901,257,519,367,868,2224,2708,2658,2958,"{""type"":""MultiPoint"",""coordinates"":[]}"
00000000000000004f8b_0,1488,680,390,477,307,704,1903,2495,2422,2732,"{""type"":""MultiPoint"",""coordinates"":[]}"
00000000000000004f96_0,1434,561,209,341,185,653,2130,2772,2605,3019,"{""type"":""MultiPoint"",""coordinates"":[]}"
00000000000000004fa5_0,1890,944,392,793,345,1146,3532,4469,4394,4541,"{""type"":""MultiPoint"",""coordinates"":[]}"
00000000000000004fad_0,1435,599,258,401,244,656,2028,2561,2588,2751,"{""type"":""MultiPoint"",""coordinates"":[]}"
00000000000000004fb2_0,4309,3542,635,1076,1754,2329,3166,3515,3371,3596,"{""type"":""MultiPoint"",""coordinates"":[]}"
00000000000000004fc7_0,2412,1544,349,608,710,1138,2102,2415,2489,2616,"{""type"":""MultiPoint"",""coordinates"":[]}"
00000000000000004fcf_0,1578,746,297,527,325,764,2233,2568,2497,2798,"{""type"":""MultiPoint"",""coordinates"":[]}"
00000000000000004fd7_0,1716,790,77,424,367,834,2188,2667,2795,3116,"{""type"":""MultiPoint"",""coordinates"":[]}"
00000000000000004fdc_0,2077,1155,377,722,635,1253,2084,2434,2386,2715,"{""type"":""MultiPoint"",""coordinates"":[]}"
00000000000000004fe4_0,2504,1364,366,658,552,1181,2425,2801,2817,3081,"{""type"":""MultiPoint"",""coordinates"":[]}"
00000000000000004fec_0,1543,680,240,456,304,754,2348,2817,2940,3289,"{""type"":""MultiPoint"",""coordinates"":[]}"
00000000000000004ffe_0,2308,1128,472,837,594,1271,2902,3364,3337,3752,"{""type"":""MultiPoint"",""coordinates"":[]}"
00000000000000005004_0,2952,1770,434,683,674,1119,1874,2152,2169,2468,"{""type"":""MultiPoint"",""coordinates"":[]}"
00000000000000005006_0,1814,961,347,560,388,878,2185,2627,2559,2746,"{""type"":""MultiPoint"",""coordinates"":[]}"
00000000000000005008_0,1804,772,259,582,287,948,3137,3748,4038,4184,"{""type"":""MultiPoint"",""coordinates"":[]}"
0000000000000000500b_0,2738,2116,792,1180,1667,2019,2323,2444,2257,2578,"{""type"":""MultiPoint"",""coordinates"":[]}"
0000000000000000500e_0,2025,880,310,585,323,962,3067,3740,3702,4138,"{""type"":""MultiPoint"",""coordinates"":[]}"
00000000000000005011_0,1570,645,218,410,206,703,2396,3339,3567,3845,"{""type"":""MultiPoint"",""coordinates"":[]}"
00000000000000005035_0,2020,1084,426,920,724,1530,2873,3311,3351,3576,"{""type"":""MultiPoint"",""coordinates"":[]}"
00000000000000005037_0,1597,695,284,420,231,693,2088,2640,2588,3069,"{""type"":""MultiPoint"",""coordinates"":[]}"
0000000000000000503b_0,1616,836,399,716,608,1297,2553,3166,3219,3632,"{""type"":""MultiPoint"",""coordinates"":[]}"
0000000000000000503d_0,1332,581,156,367,277,616,1755,2194,2410,2464,"{""type"":""MultiPoint"",""coordinates"":[]}"
00000000000000005042_0,3930,3087,598,989,1659,2117,2565,2721,2613,2726,"{""type"":""MultiPoint"",""coordinates"":[]}"
0000000000000000504a_0,1868,860,404,743,417,1045,3527,4384,4247,4640,"{""type"":""MultiPoint"",""coordinates"":[]}"
0000000000000000505d_0,1295,499,154,354,182,607,2348,2838,2979,3057,"{""type"":""MultiPoint"",""coordinates"":[]}"
0000000000000000505f_0,1632,775,327,513,355,832,1924,2222,2203,2508,"{""type"":""MultiPoint"",""coordinates"":[]}"
00000000000000005072_0,1502,586,171,356,167,672,2486,3151,3196,3491,"{""type"":""MultiPoint"",""coordinates"":[]}"
00000000000000005074_0,2409,1284,446,656,463,1117,2762,3394,3301,3695,"{""type"":""MultiPoint"",""coordinates"":[]}"
00000000000000005079_0,3507,2503,754,1173,1260,1855,2888,3128,3166,3415,"{""type"":""MultiPoint"",""coordinates"":[]}"
0000000000000000507f_0,1758,678,241,427,220,718,2813,3673,3710,3964,"{""type"":""MultiPoint"",""coordinates"":[]}"
00000000000000005081_0,1292,565,258,302,204,460,1589,2161,2255,2432,"{""type"":""MultiPoint"",""coordinates"":[]}"
0000000000000000508e_0,2526,1618,532,764,810,1259,1907,2107,2194,2345,"{""type"":""MultiPoint"",""coordinates"":[]}"
00000000000000005096_0,1970,865,326,500,300,782,2514,3253,3245,3478,"{""type"":""MultiPoint"",""coordinates"":[]}"
000000000000000050b0_0,2748,1857,638,902,863,1374,2460,2846,2905,3110,"{""type"":""MultiPoint"",""coordinates"":[]}"
000000000000000050c7_0,2165,971,292,608,259,1060,3640,4577,4427,4860,"{""type"":""MultiPoint"",""coordinates"":[]}"
000000000000000050cd_0,1991,1107,360,524,536,792,1680,1958,2043,2289,"{""type"":""MultiPoint"",""coordinates"":[]}"
000000000000000050d2_0,4623,3500,1221,1955,2895,3102,3401,3678,3801,4000,"{""type"":""MultiPoint"",""coordinates"":[]}"
000000000000000050ed_0,3688,2742,662,916,1229,1612,1865,2160,2126,2386,"{""type"":""MultiPoint"",""coordinates"":[]}"
000000000000000050f1_0,1666,719,290,464,238,710,2379,3140,3155,3263,"{""type"":""MultiPoint"",""coordinates"":[]}"
00000000000000005111_0,1630,2951,214,355,189,576,2258,2951,2972,3242,"{""type"":""MultiPoint"",""coordinates"":[]}"
0000000000000000511e_0,1813,909,263,544,314,897,2427,2818,2795,3018,"{""type"":""MultiPoint"",""coordinates"":[]}"
00000000000000005124_0,2470,1172,456,851,594,1360,2769,3179,3245,3635,"{""type"":""MultiPoint"",""coordinates"":[]}"
00000000000000005126_0,1250,582,273,360,251,551,1558,1971,2122,2253,"{""type"":""MultiPoint"",""coordinates"":[]}"
0000000000000000512b_0,4124,3382,685,1101,1877,2317,2620,2900,2998,3138,"{""type"":""MultiPoint"",""coordinates"":[]}"
00000000000000005131_0,1473,647,371,502,289,771,2109,2754,2732,3125,"{""type"":""MultiPoint"",""coordinates"":[]}"
00000000000000005133_0,1568,685,373,697,346,997,2798,3256,3250,3484,"{""type"":""MultiPoint"",""coordinates"":[]}"
00000000000000005146_0,1433,547,169,338,159,614,2531,3259,3377,3497,"{""type"":""MultiPoint"",""coordinates"":[]}"
00000000000000005148_0,2349,1350,447,681,805,1286,1910,2141,2237,2482,"{""type"":""MultiPoint"",""coordinates"":[]}"
0000000000000000514a_0,2865,2070,749,1016,1066,1604,2321,2647,2591,2885,"{""type"":""MultiPoint"",""coordinates"":[]}"
00000000000000005153_0,1776,747,236,446,209,713,2828,3626,3625,3927,"{""type"":""MultiPoint"",""coordinates"":[]}"
00000000000000005155_0,1886,858,308,618,328,1012,2688,3136,3125,3502,"{""type"":""MultiPoint"",""coordinates"":[]}"
0000000000000000515f_0,2143,944,222,610,293,1072,3709,4619,4608,5083,"{""type"":""MultiPoint"",""coordinates"":[]}"
00000000000000005162_0,4465,3830,1052,1816,3177,3775,4095,4182,4061,4266,"{""type"":""MultiPoint"",""coordinates"":[]}"
00000000000000005168_0,1311,508,211,358,184,597,2277,2820,2866,3066,"{""type"":""MultiPoint"",""coordinates"":[]}"
0000000000000000517f_0,1708,879,372,538,331,813,2412,2942,2851,3128,"{""type"":""MultiPoint"",""coordinates"":[]}"
00000000000000005184_0,5654,4311,2058,2853,3702,4387,4464,4677,4527,4879,"{""type"":""MultiPoint"",""coordinates"":[]}"
0000000000000000518a_0,1348,532,201,365,181,560,2097,2796,2739,3034,"{""type"":""MultiPoint"",""coordinates"":[]}"
0000000000000000518c_0,1576,676,287,439,288,681,1990,2396,2397,2772,"{""type"":""MultiPoint"",""coordinates"":[]}"
0000000000000000519f_0,1530,629,182,353,166,618,1999,2528,2476,2823,"{""type"":""MultiPoint"",""coordinates"":[]}"
000000000000000051ae_0,2148,1108,283,688,445,1195,2652,3066,3064,3366,"{""type"":""MultiPoint"",""coordinates"":[]}"
000000000000000051b0_0,1655,642,228,427,216,579,2843,3872,3824,4170,"{""type"":""MultiPoint"",""coordinates"":[]}"
000000000000000051b4_0,2254,1128,343,590,541,1019,1846,2161,2242,2497,"{""type"":""MultiPoint"",""coordinates"":[]}"
000000000000000051b6_0,1862,897,390,631,385,983,2502,3144,2901,3298,"{""type"":""MultiPoint"",""coordinates"":[]}"
000000000000000051b8_0,1429,606,375,488,255,735,2293,3238,2879,3401,"{""type"":""MultiPoint"",""coordinates"":[]}"
000000000000000051bb_0,2997,2194,495,947,1132,1811,3133,3520,3484,3742,"{""type"":""MultiPoint"",""coordinates"":[]}"
000000000000000051d0_0,1900,1380,563,811,822,1195,1950,2128,2191,2313,"{""type"":""MultiPoint"",""coordinates"":[]}"
000000000000000051d6_0,1730,704,221,396,218,705,2244,2992,2936,3263,"{""type"":""MultiPoint"",""coordinates"":[]}"
000000000000000051da_0,1041,415,292,372,204,573,1746,2213,2317,2561,"{""type"":""MultiPoint"",""coordinates"":[]}"
000000000000000051e3_0,1833,746,268,460,273,835,2562,3261,3213,3629,"{""type"":""MultiPoint"",""coordinates"":[]}"
000000000000000051e5_0,2238,1174,432,699,559,1209,2331,2715,2704,3050,"{""type"":""MultiPoint"",""coordinates"":[]}"
000000000000000051e7_0,1313,507,226,381,169,714,2225,2913,2769,3280,"{""type"":""MultiPoint"",""coordinates"":[]}"
000000000000000051f8_0,1851,734,316,520,271,852,3066,3918,3903,4397,"{""type"":""MultiPoint"",""coordinates"":[]}"
000000000000000051fa_0,1574,712,340,469,281,691,1979,2585,2627,2862,"{""type"":""MultiPoint"",""coordinates"":[]}"
0000000000000000520d_0,1666,1309,414,535,525,743,1103,1215,1186,1335,"{""type"":""MultiPoint"",""coordinates"":[]}"
00000000000000005214_0,3972,3257,793,1260,1759,2061,2623,2938,3074,3255,"{""type"":""MultiPoint"",""coordinates"":[]}"
0000000000000000521c_0,1393,607,248,512,245,768,2305,2792,2803,3089,"{""type"":""MultiPoint"",""coordinates"":[]}"
0000000000000000522f_0,2081,899,295,536,273,909,3032,4025,4053,4477,"{""type"":""MultiPoint"",""coordinates"":[]}"
00000000000000005231_0,1669,880,245,546,326,848,2129,2568,2386,2666,"{""type"":""MultiPoint"",""coordinates"":[]}"
0000000000000000523c_0,1968,866,300,513,280,893,2746,3396,3443,3837,"{""type"":""MultiPoint"",""coordinates"":[]}"
00000000000000005244_0,2619,1608,507,792,639,1342,2645,3214,3104,3538,"{""type"":""MultiPoint"",""coordinates"":[]}"
00000000000000005248_0,1688,694,156,441,191,861,2786,3338,3396,3650,"{""type"":""MultiPoint"",""coordinates"":[]}"
00000000000000005251_0,1935,878,247,525,257,915,2466,2934,2973,3246,"{""type"":""MultiPoint"",""coordinates"":[]}"
00000000000000005260_0,3189,2788,959,1370,1603,2033,2404,2605,2460,2726,"{""type"":""MultiPoint"",""coordinates"":[]}"
00000000000000005266_0,1319,491,226,436,229,746,2262,2903,2985,3127,"{""type"":""MultiPoint"",""coordinates"":[]}"
0000000000000000526a_0,2508,1178,405,691,434,1187,3333,4173,4014,4556,"{""type"":""MultiPoint"",""coordinates"":[]}"
00000000000000005275_0,1372,580,341,513,305,760,2056,2687,2703,2973,"{""type"":""MultiPoint"",""coordinates"":[]}"
00000000000000005282_0,2724,1865,512,811,788,1331,2138,2495,2487,2626,"{""type"":""MultiPoint"",""coordinates"":[]}"
00000000000000005297_0,2209,1257,489,775,600,1170,2206,2555,2546,2748,"{""type"":""MultiPoint"",""coordinates"":[]}"
0000000000000000529f_0,1467,632,263,396,240,657,1962,2469,2462,2782,"{""type"":""MultiPoint"",""coordinates"":[]}"
000000000000000052a1_0,3551,2238,625,877,1054,1556,2061,2355,2449,2803,"{""type"":""MultiPoint"",""coordinates"":[]}"
000000000000000052a4_0,3313,2402,442,812,1198,1760,2630,2923,2877,3099,"{""type"":""MultiPoint"",""coordinates"":[]}"
000000000000000052aa_0,1219,699,423,587,461,870,1453,1801,1987,1766,"{""type"":""MultiPoint"",""coordinates"":[]}"
000000000000000052ac_0,2022,936,358,682,432,1055,2761,3300,3220,3533,"{""type"":""MultiPoint"",""coordinates"":[]}"
000000000000000052b9_0,2615,2200,604,818,1116,1431,1714,1915,1948,2130,"{""type"":""MultiPoint"",""coordinates"":[]}"
000000000000000052bf_0,1256,566,255,419,262,655,1678,2092,2131,2279,"{""type"":""MultiPoint"",""coordinates"":[]}"
000000000000000052c1_0,1448,652,366,464,313,623,1889,2473,2514,2608,"{""type"":""MultiPoint"",""coordinates"":[]}"
000000000000000052cc_0,1163,473,162,311,177,530,1853,2364,2137,2624,"{""type"":""MultiPoint"",""coordinates"":[]}"
000000000000000052ce_0,1579,676,292,548,302,891,2326,2772,2721,3021,"{""type"":""MultiPoint"",""coordinates"":[]}"
000000000000000052e1_0,1572,653,144,326,187,616,2398,2778,2624,3316,"{""type"":""MultiPoint"",""coordinates"":[]}"
000000000000000052e3_0,2204,1099,334,529,299,886,2659,3272,3240,3547,"{""type"":""MultiPoint"",""coordinates"":[]}"
000000000000000052f6_0,1378,556,254,440,264,690,1959,2458,2527,2752,"{""type"":""MultiPoint"",""coordinates"":[]}"
00000000000000005303_0,1500,581,165,348,155,606,2146,2839,2774,2971,"{""type"":""MultiPoint"",""coordinates"":[]}"
00000000000000005312_0,3009,1890,544,947,863,1572,3270,3683,3627,3917,"{""type"":""MultiPoint"",""coordinates"":[]}"
00000000000000005318_0,1673,679,209,415,178,652,2382,3125,3308,3434,"{""type"":""MultiPoint"",""coordinates"":[]}"
0000000000000000531a_0,1659,703,158,369,214,662,2203,2650,3054,3060,"{""type"":""MultiPoint"",""coordinates"":[]}"
00000000000000005327_0,1850,940,408,641,377,950,2693,3413,3361,3628,"{""type"":""MultiPoint"",""coordinates"":[]}"
0000000000000000532d_0,1661,734,347,537,322,839,2232,2818,2815,2984,"{""type"":""MultiPoint"",""coordinates"":[]}"
0000000000000000533a_0,470,313,100,225,172,380,481,504,463,475,"{""type"":""MultiPoint"",""coordinates"":[]}"
00000000000000005349_0,2276,2144,922,1285,1751,2006,1949,1988,1871,2001,"{""type"":""MultiPoint"",""coordinates"":[]}"
0000000000000000534f_0,1207,518,349,462,297,682,1923,2436,2508,2722,"{""type"":""MultiPoint"",""coordinates"":[]}"
00000000000000005353_0,1940,783,246,452,192,777,3094,3874,3805,4148,"{""type"":""MultiPoint"",""coordinates"":[]}"
00000000000000005360_0,1736,693,230,482,199,871,3144,4226,3995,4429,"{""type"":""MultiPoint"",""coordinates"":[]}"
0000000000000000536b_0,3109,2030,347,619,999,1451,1930,2167,2216,2415,"{""type"":""MultiPoint"",""coordinates"":[]}"
00000000000000005386_0,1601,662,205,406,222,765,2385,2953,2980,3327,"{""type"":""MultiPoint"",""coordinates"":[]}"
00000000000000005388_0,1137,485,126,351,270,576,1913,2193,2601,2486,"{""type"":""MultiPoint"",""coordinates"":[]}"
0000000000000000538a_0,1396,564,204,357,171,550,2247,2973,2953,3304,"{""type"":""MultiPoint"",""coordinates"":[]}"
0000000000000000538d_0,3443,2258,497,979,1063,1771,3393,3834,3887,4188,"{""type"":""MultiPoint"",""coordinates"":[]}"
00000000000000005395_0,1524,652,305,456,262,750,2580,3253,3159,3504,"{""type"":""MultiPoint"",""coordinates"":[]}"
000000000000000053a8_0,1550,570,276,498,215,810,2834,3720,3786,3939,"{""type"":""MultiPoint"",""coordinates"":[]}"
000000000000000053b5_0,1687,713,242,408,207,687,2530,3275,3539,3570,"{""type"":""MultiPoint"",""coordinates"":[]}"
000000000000000053c4_0,2591,2143,646,954,1254,1469,1549,1699,1694,1872,"{""type"":""MultiPoint"",""coordinates"":[]}"
000000000000000053e1_0,1213,544,102,318,268,621,1843,2291,2233,2540,"{""type"":""MultiPoint"",""coordinates"":[]}"
000000000000000053f0_0,2786,1502,536,806,721,1306,2718,3149,3245,3650,"{""type"":""MultiPoint"",""coordinates"":[]}"
000000000000000053fb_0,3098,2058,440,803,993,1510,2293,2608,2596,2825,"{""type"":""MultiPoint"",""coordinates"":[]}"
00000000000000005403_0,1483,649,225,390,285,638,1962,2465,2497,2702,"{""type"":""MultiPoint"",""coordinates"":[]}"
00000000000000005410_0,2030,1314,551,767,796,1109,1758,2046,2119,2085,"{""type"":""MultiPoint"",""coordinates"":[]}"
0000000000000000541a_0,1368,534,199,297,154,544,2034,2766,2588,3107,"{""type"":""MultiPoint"",""coordinates"":[]}"
00000000000000005423_0,2796,1767,582,972,893,1593,2563,2850,2745,3138,"{""type"":""MultiPoint"",""coordinates"":[]}"
00000000000000005425_0,1236,553,254,400,289,611,1579,2099,2154,2425,"{""type"":""MultiPoint"",""coordinates"":[]}"
00000000000000005432_0,5182,4933,1370,2085,3210,3600,3736,3954,3782,4007,"{""type"":""MultiPoint"",""coordinates"":[]}"
00000000000000005438_0,1083,454,246,456,247,746,2007,2404,2483,2703,"{""type"":""MultiPoint"",""coordinates"":[]}"
0000000000000000543a_0,1542,665,205,349,216,544,2030,2621,2709,3049,"{""type"":""MultiPoint"",""coordinates"":[]}"
00000000000000005445_0,1436,606,218,395,227,612,1861,2291,2395,2646,"{""type"":""MultiPoint"",""coordinates"":[]}"
00000000000000005447_0,2016,962,380,620,369,936,2580,3120,3143,3391,"{""type"":""MultiPoint"",""coordinates"":[]}"
00000000000000005454_0,3314,2470,632,934,951,1439,2209,2425,2440,2741,"{""type"":""MultiPoint"",""coordinates"":[]}"
00000000000000005469_0,2443,1577,470,749,729,1225,1994,2202,2257,2454,"{""type"":""MultiPoint"",""coordinates"":[]}"
0000000000000000546f_0,1465,633,294,445,307,703,2033,2446,2471,2806,"{""type"":""MultiPoint"",""coordinates"":[]}"
00000000000000005471_0,1457,605,343,445,252,672,2149,2805,2670,2989,"{""type"":""MultiPoint"",""coordinates"":[]}"
0000000000000000547e_0,1367,592,53,309,287,682,1847,2366,2523,2719,"{""type"":""MultiPoint"",""coordinates"":[]}"
0000000000000000548b_0,2916,2030,559,940,1076,1662,2438,2820,2897,3068,"{""type"":""MultiPoint"",""coordinates"":[]}"
00000000000000005491_0,1594,632,265,475,270,851,2542,3146,3192,3481,"{""type"":""MultiPoint"",""coordinates"":[]}"
000000000000000054a0_0,2801,2255,567,848,1113,1413,2106,2427,2269,2590,"{""type"":""MultiPoint"",""coordinates"":[]}"
000000000000000054a2_0,1071,442,219,280,167,539,1458,1893,1754,2138,"{""type"":""MultiPoint"",""coordinates"":[]}"
000000000000000054a6_0,1503,605,282,431,239,646,2301,2794,3045,3231,"{""type"":""MultiPoint"",""coordinates"":[]}"
000000000000000054b3_0,1917,803,374,544,292,864,2759,3486,3510,3816,"{""type"":""MultiPoint"",""coordinates"":[]}"
000000000000000054d7_0,2223,1243,494,731,689,1152,1963,2248,2317,2543,"{""type"":""MultiPoint"",""coordinates"":[]}"
000000000000000054d9_0,1454,568,179,360,184,711,2491,3259,3275,3635,"{""type"":""MultiPoint"",""coordinates"":[]}"
000000000000000054ec_0,1492,627,140,404,235,773,2406,3015,3231,3467,"{""type"":""MultiPoint"",""coordinates"":[]}"
000000000000000054f9_0,1169,649,270,563,323,840,1809,2091,2191,2215,"{""type"":""MultiPoint"",""coordinates"":[]}"
000000000000000054ff_0,1188,444,234,368,194,497,1686,2186,2567,2634,"{""type"":""MultiPoint"",""coordinates"":[]}"
00000000000000005503_0,1186,480,196,360,179,627,2071,2582,2584,2945,"{""type"":""MultiPoint"",""coordinates"":[]}"
0000000000000000550e_0,1348,586,192,388,258,640,2059,2602,2611,3001,"{""type"":""MultiPoint"",""coordinates"":[]}"
0000000000000000551b_0,2171,1224,423,716,531,1132,3059,3621,3460,3754,"{""type"":""MultiPoint"",""coordinates"":[]}"
00000000000000005521_0,1186,491,225,374,202,641,1898,2330,2354,2616,"{""type"":""MultiPoint"",""coordinates"":[]}"
00000000000000005523_0,1284,519,95,339,294,661,1707,2087,2177,2416,"{""type"":""MultiPoint"",""coordinates"":[]}"
0000000000000000552e_0,1532,645,199,389,194,710,2627,3650,3538,3813,"{""type"":""MultiPoint"",""coordinates"":[]}"
00000000000000005530_0,2209,1250,329,587,433,1063,2434,2738,3020,3047,"{""type"":""MultiPoint"",""coordinates"":[]}"
00000000000000005532_0,1546,633,268,456,248,730,2377,3150,3307,3498,"{""type"":""MultiPoint"",""coordinates"":[]}"
0000000000000000553d_0,3376,2522,488,827,1198,1750,2832,3150,3211,3351,"{""type"":""MultiPoint"",""coordinates"":[]}"
00000000000000005545_0,1342,569,335,492,320,805,2238,2976,3018,3203,"{""type"":""MultiPoint"",""coordinates"":[]}"
00000000000000005552_0,2141,1545,429,755,559,1241,3030,3788,3774,3982,"{""type"":""MultiPoint"",""coordinates"":[]}"
00000000000000005558_0,1323,503,201,362,200,595,2191,2811,2788,2981,"{""type"":""MultiPoint"",""coordinates"":[]}"
0000000000000000555c_0,2069,978,394,622,407,948,2663,3333,3262,3648,"{""type"":""MultiPoint"",""coordinates"":[]}"
00000000000000005565_0,1507,638,223,369,204,691,2170,2901,2761,3223,"{""type"":""MultiPoint"",""coordinates"":[]}"
00000000000000005567_0,1410,590,223,337,210,598,1938,2471,2529,2848,"{""type"":""MultiPoint"",""coordinates"":[]}"
00000000000000005569_0,1662,678,187,446,199,861,3150,3833,3831,4226,"{""type"":""MultiPoint"",""coordinates"":[]}"
0000000000000000556d_0,1992,1030,388,661,490,1124,2474,2828,2962,3081,"{""type"":""MultiPoint"",""coordinates"":[]}"
00000000000000005574_0,3646,2598,748,1065,1565,2090,2570,2906,2947,3098,"{""type"":""MultiPoint"",""coordinates"":[]}"
0000000000000000557a_0,1361,516,218,457,238,783,2419,2998,3164,3431,"{""type"":""MultiPoint"",""coordinates"":[]}"
00000000000000005589_0,2254,1409,335,591,526,957,2282,2744,2581,2804,"{""type"":""MultiPoint"",""coordinates"":[]}"
0000000000000000558f_0,2121,1073,436,733,514,1126,2844,3434,3423,3618,"{""type"":""MultiPoint"",""coordinates"":[]}"
00000000000000005591_0,1549,675,127,445,361,805,2038,2648,2807,3058,"{""type"":""MultiPoint"",""coordinates"":[]}"
00000000000000005596_0,2763,2108,816,1193,1292,1767,2786,3134,3047,3411,"{""type"":""MultiPoint"",""coordinates"":[]}"
0000000000000000559e_0,1576,697,280,424,256,680,2156,2882,2804,3153,"{""type"":""MultiPoint"",""coordinates"":[]}"
000000000000000055ab_0,4226,3732,1277,1819,2305,2741,3278,3500,3556,3671,"{""type"":""MultiPoint"",""coordinates"":[]}"
000000000000000055b1_0,1356,518,277,435,236,615,2186,2854,2938,3038,"{""type"":""MultiPoint"",""coordinates"":[]}"
000000000000000055b3_0,1489,625,191,417,328,803,2079,2599,2742,3080,"{""type"":""MultiPoint"",""coordinates"":[]}"
000000000000000055c2_0,1407,537,214,425,209,710,2372,2959,3046,3363,"{""type"":""MultiPoint"",""coordinates"":[]}"
000000000000000055c6_0,2295,1067,525,848,563,1371,3382,3977,3918,4314,"{""type"":""MultiPoint"",""coordinates"":[]}"
000000000000000055d3_0,1797,735,352,567,323,927,2594,3117,3140,3509,"{""type"":""MultiPoint"",""coordinates"":[]}"
000000000000000055d5_0,1310,574,180,298,222,532,1696,2226,2338,2506,"{""type"":""MultiPoint"",""coordinates"":[]}"
000000000000000055e2_0,1950,1005,308,632,485,1067,2381,2707,2702,3016,"{""type"":""MultiPoint"",""coordinates"":[]}"
000000000000000055e8_0,1707,684,356,559,318,835,2484,3068,3245,3442,"{""type"":""MultiPoint"",""coordinates"":[]}"
00000000000000005604_0,3508,3132,633,1145,2065,2421,2526,2640,2588,2823,"{""type"":""MultiPoint"",""coordinates"":[]}"
0000000000000000560a_0,1488,595,269,435,231,735,2410,3021,3097,3299,"{""type"":""MultiPoint"",""coordinates"":[]}"
0000000000000000560c_0,1502,621,268,487,314,796,2150,2644,2797,3005,"{""type"":""MultiPoint"",""coordinates"":[]}"
0000000000000000561b_0,1418,604,346,499,301,772,2246,2909,3037,3271,"{""type"":""MultiPoint"",""coordinates"":[]}"
00000000000000005626_0,1976,1033,417,666,511,992,2215,2579,2666,2867,"{""type"":""MultiPoint"",""coordinates"":[]}"
0000000000000000562c_0,1659,693,186,394,218,710,2313,2914,2956,3226,"{""type"":""MultiPoint"",""coordinates"":[]}"
0000000000000000562e_0,1469,658,255,393,286,672,1834,2372,2400,2680,"{""type"":""MultiPoint"",""coordinates"":[]}"
0000000000000000563b_0,1890,1637,619,879,914,1219,1799,1931,1846,1998,"{""type"":""MultiPoint"",""coordinates"":[]}"
0000000000000000564e_0,1972,820,277,525,265,983,3004,3659,3774,4047,"{""type"":""MultiPoint"",""coordinates"":[]}"
00000000000000005650_0,1131,473,245,338,213,506,1526,1845,1823,2024,"{""type"":""MultiPoint"",""coordinates"":[]}"
0000000000000000565d_0,2877,1699,467,840,1029,1562,2454,2821,2962,3213,"{""type"":""MultiPoint"",""coordinates"":[]}"
00000000000000005665_0,1189,534,239,356,229,532,1501,2158,2120,2345,"{""type"":""MultiPoint"",""coordinates"":[]}"
00000000000000005678_0,1634,640,220,402,202,659,2613,3472,3486,3683,"{""type"":""MultiPoint"",""coordinates"":[]}"
00000000000000005685_0,1372,530,187,350,183,515,1990,2434,2598,2816,"{""type"":""MultiPoint"",""coordinates"":[]}"
00000000000000005687_0,1203,516,196,323,207,564,1773,2340,2423,2661,"{""type"":""MultiPoint"",""coordinates"":[]}"
00000000000000005694_0,2164,1438,554,865,921,1341,1974,2175,2088,2335,"{""type"":""MultiPoint"",""coordinates"":[]}"
0000000000000000569a_0,1422,549,230,443,218,819,2283,2777,2722,3113,"{""type"":""MultiPoint"",""coordinates"":[]}"
000000000000000056a7_0,1793,782,381,697,358,1085,3295,3855,4044,4249,"{""type"":""MultiPoint"",""coordinates"":[]}"
000000000000000056a9_0,1832,920,373,712,389,1019,2875,3374,3444,3621,"{""type"":""MultiPoint"",""coordinates"":[]}"
000000000000000056ab_0,1153,465,230,271,166,430,1361,2036,1760,2359,"{""type"":""MultiPoint"",""coordinates"":[]}"
000000000000000056b1_0,1246,559,133,398,243,760,1823,2306,2465,2603,"{""type"":""MultiPoint"",""coordinates"":[]}"
000000000000000056b6_0,2644,1760,688,988,979,1427,2266,2618,2647,2971,"{""type"":""MultiPoint"",""coordinates"":[]}"
000000000000000056bc_0,1638,661,296,477,258,816,2314,2901,3077,3339,"{""type"":""MultiPoint"",""coordinates"":[]}"
000000000000000056be_0,1432,588,228,369,261,670,1935,2619,2719,2920,"{""type"":""MultiPoint"",""coordinates"":[]}"
000000000000000056cb_0,1661,822,280,563,474,963,2052,2364,2294,2561,"{""type"":""MultiPoint"",""coordinates"":[]}"
000000000000000056d1_0,1484,570,223,414,208,692,2215,2724,2669,3036,"{""type"":""MultiPoint"",""coordinates"":[]}"
000000000000000056de_0,1428,606,272,400,235,645,2027,2605,2561,2789,"{""type"":""MultiPoint"",""coordinates"":[]}"
000000000000000056e0_0,1482,629,229,435,298,708,1962,2614,2689,2688,"{""type"":""MultiPoint"",""coordinates"":[]}"
000000000000000056ed_0,4256,3492,865,1419,2040,2567,2897,3208,3284,3379,"{""type"":""MultiPoint"",""coordinates"":[]}"
000000000000000056f3_0,1349,527,189,395,179,679,2037,2886,2962,3201,"{""type"":""MultiPoint"",""coordinates"":[]}"
000000000000000056f5_0,1626,691,257,447,323,789,2116,2682,2633,3029,"{""type"":""MultiPoint"",""coordinates"":[]}"
000000000000000056f7_0,1918,862,333,647,308,1158,2955,3527,3399,3830,"{""type"":""MultiPoint"",""coordinates"":[]}"
00000000000000005702_0,2209,1221,374,689,458,1115,2496,3028,3056,3321,"{""type"":""MultiPoint"",""coordinates"":[]}"
00000000000000005708_0,1415,611,253,394,240,595,1892,2478,2600,2802,"{""type"":""MultiPoint"",""coordinates"":[]}"
0000000000000000570a_0,1587,735,355,468,345,720,2114,2813,2822,3148,"{""type"":""MultiPoint"",""coordinates"":[]}"
00000000000000005715_0,1732,694,308,529,331,840,2319,2873,2915,3403,"{""type"":""MultiPoint"",""coordinates"":[]}"
00000000000000005717_0,1470,648,147,313,211,581,1716,2325,2314,2665,"{""type"":""MultiPoint"",""coordinates"":[]}"
0000000000000000572e_0,1463,642,179,308,256,593,1864,2373,2405,2754,"{""type"":""MultiPoint"",""coordinates"":[]}"
00000000000000005737_0,1637,654,264,457,222,781,2574,3313,3219,3549,"{""type"":""MultiPoint"",""coordinates"":[]}"
00000000000000005739_0,1549,717,356,490,294,736,2152,2754,2724,3010,"{""type"":""MultiPoint"",""coordinates"":[]}"
0000000000000000573b_0,1365,547,171,365,161,666,2186,2610,2809,3242,"{""type"":""MultiPoint"",""coordinates"":[]}"
00000000000000005746_0,3027,2083,579,936,971,1590,2442,2713,2805,3062,"{""type"":""MultiPoint"",""coordinates"":[]}"
0000000000000000574c_0,1597,656,314,521,310,866,2130,2556,2538,2871,"{""type"":""MultiPoint"",""coordinates"":[]}"
00000000000000005759_0,1849,724,235,482,252,907,2820,3360,3330,3636,"{""type"":""MultiPoint"",""coordinates"":[]}"
0000000000000000575b_0,2805,2148,489,855,1115,1555,2278,2581,2401,2778,"{""type"":""MultiPoint"",""coordinates"":[]}"
00000000000000005761_0,1561,615,188,372,213,672,2039,2727,2629,3088,"{""type"":""MultiPoint"",""coordinates"":[]}"
00000000000000005763_0,1771,795,377,519,374,791,2106,2732,2608,2935,"{""type"":""MultiPoint"",""coordinates"":[]}"
0000000000000000576e_0,1763,723,327,536,290,787,2385,3078,3079,3287,"{""type"":""MultiPoint"",""coordinates"":[]}"
0000000000000000577d_0,3033,2495,709,1126,1405,1815,2333,2466,2372,2590,"{""type"":""MultiPoint"",""coordinates"":[]}"
00000000000000005783_0,1259,467,198,389,187,665,2190,2615,2744,2924,"{""type"":""MultiPoint"",""coordinates"":[]}"
00000000000000005798_0,2019,877,308,519,271,910,2629,3476,3271,3681,"{""type"":""MultiPoint"",""coordinates"":[]}"
0000000000000000579f_0,4252,3146,923,1371,1589,2190,3097,3487,3540,3827,"{""type"":""MultiPoint"",""coordinates"":[]}"
000000000000000057a1_0,1439,574,323,549,249,817,2761,3288,3468,3774,"{""type"":""MultiPoint"",""coordinates"":[]}"
000000000000000057b4_0,1630,1027,223,407,305,711,1744,2052,2074,2280,"{""type"":""MultiPoint"",""coordinates"":[]}"
000000000000000057b6_0,2347,1087,295,664,297,1225,2944,3572,3578,3982,"{""type"":""MultiPoint"",""coordinates"":[]}"
000000000000000057bc_0,1224,462,200,350,202,551,1753,2313,2383,2699,"{""type"":""MultiPoint"",""coordinates"":[]}"
000000000000000057c9_0,1239,542,325,415,284,606,1679,2198,2299,2448,"{""type"":""MultiPoint"",""coordinates"":[]}"
000000000000000057cb_0,1841,729,183,428,177,819,2967,3561,3522,4067,"{""type"":""MultiPoint"",""coordinates"":[]}"
000000000000000057d6_0,3162,2167,482,772,968,1452,2350,2580,2556,2677,"{""type"":""MultiPoint"",""coordinates"":[]}"
000000000000000057dc_0,1301,466,168,352,167,640,2036,2538,2601,2919,"{""type"":""MultiPoint"",""coordinates"":[]}"
000000000000000057eb_0,2101,1022,414,715,401,1103,3066,3923,3838,4011,"{""type"":""MultiPoint"",""coordinates"":[]}"
000000000000000057f1_0,1259,500,216,355,235,547,1797,2468,2368,2694,"{""type"":""MultiPoint"",""coordinates"":[]}"
000000000000000057fe_0,1231,496,242,424,197,660,2027,2585,2693,2858,"{""type"":""MultiPoint"",""coordinates"":[]}"
00000000000000005800_0,1932,788,235,522,260,903,3085,3809,3801,4163,"{""type"":""MultiPoint"",""coordinates"":[]}"
00000000000000005802_0,2091,803,216,561,247,1037,3454,4212,4003,4545,"{""type"":""MultiPoint"",""coordinates"":[]}"
0000000000000000580d_0,2119,1429,453,673,585,1031,2174,2518,2461,2747,"{""type"":""MultiPoint"",""coordinates"":[]}"
00000000000000005813_0,1297,492,196,370,198,693,2079,2657,2469,2950,"{""type"":""MultiPoint"",""coordinates"":[]}"
00000000000000005815_0,2899,2129,621,838,978,1319,1819,2000,1999,2297,"{""type"":""MultiPoint"",""coordinates"":[]}"
00000000000000005817_0,1373,526,342,499,284,778,2468,3162,3125,3511,"{""type"":""MultiPoint"",""coordinates"":[]}"
00000000000000005820_0,1405,574,236,339,212,579,2004,2674,2711,2990,"{""type"":""MultiPoint"",""coordinates"":[]}"
0000000000000000582f_0,2759,1759,600,940,821,1557,2830,3249,3202,3567,"{""type"":""MultiPoint"",""coordinates"":[]}"
00000000000000005844_0,1571,672,263,471,266,779,2767,3575,3547,3757,"{""type"":""MultiPoint"",""coordinates"":[]}"
0000000000000000584a_0,1459,598,296,443,259,674,2000,2528,2624,2794,"{""type"":""MultiPoint"",""coordinates"":[]}"
0000000000000000584e_0,1828,819,297,589,298,988,2794,3476,3336,3746,"{""type"":""MultiPoint"",""coordinates"":[]}"
00000000000000005857_0,1520,620,237,441,256,780,2356,2821,2784,3108,"{""type"":""MultiPoint"",""coordinates"":[]}"
00000000000000005859_0,1275,528,60,250,224,584,1629,1967,2036,2369,"{""type"":""MultiPoint"",""coordinates"":[]}"
0000000000000000585f_0,1773,933,302,617,705,1107,1705,1967,2073,2181,"{""type"":""MultiPoint"",""coordinates"":[]}"
00000000000000005866_0,3082,2129,517,842,1049,1590,2224,2474,2544,2740,"{""type"":""MultiPoint"",""coordinates"":[]}"
0000000000000000586e_0,1417,586,261,373,240,635,1906,2371,2372,2864,"{""type"":""MultiPoint"",""coordinates"":[]}"
00000000000000005879_0,1520,628,301,497,277,740,2426,3406,3303,3563,"{""type"":""MultiPoint"",""coordinates"":[]}"
0000000000000000587d_0,909,359,173,298,167,522,1589,2172,2188,2401,"{""type"":""MultiPoint"",""coordinates"":[]}"
00000000000000005881_0,1737,739,364,490,348,733,1874,2350,2431,2754,"{""type"":""MultiPoint"",""coordinates"":[]}"
0000000000000000588e_0,1676,648,214,394,219,704,2215,2761,2864,3101,"{""type"":""MultiPoint"",""coordinates"":[]}"
00000000000000005890_0,1910,896,303,530,337,845,2665,3347,3476,3814,"{""type"":""MultiPoint"",""coordinates"":[]}"
0000000000000000589d_0,2114,1376,334,608,709,1148,1932,2225,2204,2300,"{""type"":""MultiPoint"",""coordinates"":[]}"
000000000000000058a3_0,1565,606,296,567,238,941,2688,3221,3279,3565,"{""type"":""MultiPoint"",""coordinates"":[]}"
000000000000000058a5_0,1483,675,132,372,347,746,1732,2113,2241,2431,"{""type"":""MultiPoint"",""coordinates"":[]}"
000000000000000058b0_0,1621,690,287,502,297,863,2397,2938,3066,3373,"{""type"":""MultiPoint"",""coordinates"":[]}"
000000000000000058b4_0,1378,599,361,553,312,838,2272,2944,2997,3161,"{""type"":""MultiPoint"",""coordinates"":[]}"
000000000000000058b8_0,1324,534,191,354,203,612,1786,2198,2198,2575,"{""type"":""MultiPoint"",""coordinates"":[]}"
000000000000000058bf_0,2736,1869,638,1057,1038,1578,2769,3145,3158,3424,"{""type"":""MultiPoint"",""coordinates"":[]}"
000000000000000058e7_0,1885,770,308,498,265,828,2931,3865,3761,4169,"{""type"":""MultiPoint"",""coordinates"":[]}"
000000000000000058eb_0,1761,705,263,462,244,808,2789,3578,3491,3993,"{""type"":""MultiPoint"",""coordinates"":[]}"
000000000000000058f6_0,2204,1439,352,604,527,1052,2113,2378,2450,2569,"{""type"":""MultiPoint"",""coordinates"":[]}"
000000000000000058fc_0,1501,568,280,422,237,702,2161,2701,2856,3039,"{""type"":""MultiPoint"",""coordinates"":[]}"
00000000000000005900_0,1598,864,494,686,520,992,2391,2960,2842,3148,"{""type"":""MultiPoint"",""coordinates"":[]}"
00000000000000005909_0,1416,589,218,411,220,696,2107,2694,2707,3039,"{""type"":""MultiPoint"",""coordinates"":[]}"
00000000000000005911_0,1664,685,245,444,242,782,2339,2904,2872,3243,"{""type"":""MultiPoint"",""coordinates"":[]}"
0000000000000000591a_0,1628,665,241,482,179,746,2898,3732,3785,4053,"{""type"":""MultiPoint"",""coordinates"":[]}"
00000000000000005920_0,1442,581,229,398,214,691,2099,2788,2764,3120,"{""type"":""MultiPoint"",""coordinates"":[]}"
0000000000000000592d_0,1713,795,241,671,327,1183,3085,3568,3576,3772,"{""type"":""MultiPoint"",""coordinates"":[]}"
00000000000000005942_0,1271,569,137,297,259,567,1515,1961,1909,2337,"{""type"":""MultiPoint"",""coordinates"":[]}"
0000000000000000594f_0,3969,3526,974,1364,1740,2270,2551,2831,2749,3003,"{""type"":""MultiPoint"",""coordinates"":[]}"
00000000000000005957_0,1610,687,251,467,351,795,2209,2795,2880,3141,"{""type"":""MultiPoint"",""coordinates"":[]}"
00000000000000005966_0,4958,4145,1669,2177,2723,3190,3267,3503,3538,3618,"{""type"":""MultiPoint"",""coordinates"":[]}"
00000000000000005977_0,1445,564,189,375,169,632,2377,2981,3001,3373,"{""type"":""MultiPoint"",""coordinates"":[]}"
0000000000000000598c_0,1381,517,236,445,235,751,2208,2687,2636,3027,"{""type"":""MultiPoint"",""coordinates"":[]}"
0000000000000000598e_0,1275,544,249,387,244,631,1779,2170,2165,2490,"{""type"":""MultiPoint"",""coordinates"":[]}"
00000000000000005999_0,1740,699,205,495,210,855,3066,3809,3895,4174,"{""type"":""MultiPoint"",""coordinates"":[]}"
000000000000000059a1_0,1968,823,234,473,236,845,3145,3921,3847,4331,"{""type"":""MultiPoint"",""coordinates"":[]}"
000000000000000059bb_0,1634,634,252,596,255,1067,3120,3855,3641,4120,"{""type"":""MultiPoint"",""coordinates"":[]}"
000000000000000059bd_0,1876,1077,287,610,403,1064,2456,2789,2803,3046,"{""type"":""MultiPoint"",""coordinates"":[]}"
000000000000000059c3_0,1616,646,229,399,210,665,2219,2912,2985,3299,"{""type"":""MultiPoint"",""coordinates"":[]}"
000000000000000059cb_0,2013,1424,494,540,524,785,1088,1247,1223,1597,"{""type"":""MultiPoint"",""coordinates"":[]}"
000000000000000059d0_0,1488,607,270,425,229,657,2231,2863,2734,3109,"{""type"":""MultiPoint"",""coordinates"":[]}"
000000000000000059d2_0,2128,1032,428,668,364,997,3131,3846,3843,4032,"{""type"":""MultiPoint"",""coordinates"":[]}"
000000000000000059e5_0,1391,559,272,438,234,659,2126,2560,2558,2902,"{""type"":""MultiPoint"",""coordinates"":[]}"
000000000000000059f4_0,2274,1134,358,697,422,1101,2980,3397,3407,3723,"{""type"":""MultiPoint"",""coordinates"":[]}"
000000000000000059f6_0,1490,639,306,495,241,831,2553,3227,3126,3573,"{""type"":""MultiPoint"",""coordinates"":[]}"
000000000000000059fa_0,1654,693,329,527,323,800,2280,2808,2971,3188,"{""type"":""MultiPoint"",""coordinates"":[]}"
000000000000000059fc_0,1532,684,167,321,209,630,1711,2274,2158,2616,"{""type"":""MultiPoint"",""coordinates"":[]}"
00000000000000005a07_0,1700,643,208,452,226,803,2463,3114,3141,3463,"{""type"":""MultiPoint"",""coordinates"":[]}"
00000000000000005a09_0,2014,862,478,617,408,862,2576,3503,3451,3813,"{""type"":""MultiPoint"",""coordinates"":[]}"
00000000000000005a14_0,1668,841,486,704,659,1189,2102,2626,2479,2788,"{""type"":""MultiPoint"",""coordinates"":[]}"
00000000000000005a1c_0,1423,526,289,420,221,644,2092,2634,2611,2838,"{""type"":""MultiPoint"",""coordinates"":[]}"
00000000000000005a1e_0,2094,1029,359,619,556,1032,1843,2205,2294,2578,"{""type"":""MultiPoint"",""coordinates"":[]}"
00000000000000005a29_0,1432,521,143,287,141,571,1904,2428,2333,2861,"{""type"":""MultiPoint"",""coordinates"":[]}"
00000000000000005a2b_0,1299,572,351,454,274,644,1802,2227,2345,2540,"{""type"":""MultiPoint"",""coordinates"":[]}"
00000000000000005a2d_0,1473,588,278,446,248,715,2287,3039,3140,3461,"{""type"":""MultiPoint"",""coordinates"":[]}"
00000000000000005a3e_0,1611,665,291,469,260,746,2263,2995,2904,3225,"{""type"":""MultiPoint"",""coordinates"":[]}"
00000000000000005a40_0,1350,537,228,400,220,662,2079,2782,2753,2927,"{""type"":""MultiPoint"",""coordinates"":[]}"
00000000000000005a62_0,1232,496,238,376,242,581,1692,2231,2150,2434,"{""type"":""MultiPoint"",""coordinates"":[]}"
00000000000000005a64_0,1618,647,259,450,228,756,2404,3212,3187,3533,"{""type"":""MultiPoint"",""coordinates"":[]}"
00000000000000005a68_0,2684,1454,586,826,708,1327,2515,2895,2962,3333,"{""type"":""MultiPoint"",""coordinates"":[]}"
00000000000000005a6f_0,1355,864,457,518,495,686,1006,1208,1188,1335,"{""type"":""MultiPoint"",""coordinates"":[]}"
00000000000000005a75_0,1153,430,142,300,152,592,1788,2231,2326,2588,"{""type"":""MultiPoint"",""coordinates"":[]}"
00000000000000005a77_0,1355,551,237,390,230,674,1966,2388,2427,2631,"{""type"":""MultiPoint"",""coordinates"":[]}"
00000000000000005a79_0,1357,574,218,329,188,586,1919,2573,2394,2921,"{""type"":""MultiPoint"",""coordinates"":[]}"
00000000000000005a84_0,2154,1458,325,614,507,1083,2603,3075,3308,3371,"{""type"":""MultiPoint"",""coordinates"":[]}"
00000000000000005a8a_0,1271,537,316,482,289,719,2018,2543,2540,2691,"{""type"":""MultiPoint"",""coordinates"":[]}"
00000000000000005aa4_0,1410,547,205,415,192,827,2635,3344,3191,3694,"{""type"":""MultiPoint"",""coordinates"":[]}"
00000000000000005aa6_0,1862,981,296,651,490,1031,2280,2588,2443,2773,"{""type"":""MultiPoint"",""coordinates"":[]}"
00000000000000005aac_0,1388,547,268,435,236,734,2183,2724,2685,3046,"{""type"":""MultiPoint"",""coordinates"":[]}"
00000000000000005aae_0,1791,1086,312,564,516,921,1512,1681,1670,1890,"{""type"":""MultiPoint"",""coordinates"":[]}"
00000000000000005ab9_0,1513,623,245,463,232,788,2439,3141,3304,3356,"{""type"":""MultiPoint"",""coordinates"":[]}"
00000000000000005abb_0,1274,529,220,366,197,575,1887,2455,2511,2697,"{""type"":""MultiPoint"",""coordinates"":[]}"
00000000000000005ac8_0,2010,886,356,828,406,1312,3925,4652,4612,4804,"{""type"":""MultiPoint"",""coordinates"":[]}"
00000000000000005ace_0,1253,517,275,437,240,752,1827,2156,2260,2354,"{""type"":""MultiPoint"",""coordinates"":[]}"
00000000000000005ad0_0,1496,615,273,416,288,726,2029,2572,2408,2793,"{""type"":""MultiPoint"",""coordinates"":[]}"
00000000000000005adb_0,1511,620,296,488,264,802,2467,2967,2967,3353,"{""type"":""MultiPoint"",""coordinates"":[]}"
00000000000000005ae3_0,1360,552,301,458,265,745,1992,2543,2455,2842,"{""type"":""MultiPoint"",""coordinates"":[]}"
00000000000000005af0_0,1436,581,249,406,222,638,2091,2777,2808,3045,"{""type"":""MultiPoint"",""coordinates"":[]}"
00000000000000005af2_0,1692,752,293,440,274,714,2173,2931,2911,3238,"{""type"":""MultiPoint"",""coordinates"":[]}"
00000000000000005afd_0,2332,1305,268,496,362,929,2410,2908,2885,3117,"{""type"":""MultiPoint"",""coordinates"":[]}"
00000000000000005aff_0,2022,1276,541,837,720,1224,2367,2670,2674,2902,"{""type"":""MultiPoint"",""coordinates"":[]}"
00000000000000005b05_0,1260,466,203,408,207,749,2244,2771,2760,3046,"{""type"":""MultiPoint"",""coordinates"":[]}"
00000000000000005b09_0,1928,868,443,629,419,913,2922,4003,3906,4237,"{""type"":""MultiPoint"",""coordinates"":[]}"
00000000000000005b16_0,1670,784,476,730,446,1108,2582,3076,3104,3363,"{""type"":""MultiPoint"",""coordinates"":[]}"
00000000000000005b1a_0,1417,594,228,341,195,539,1884,2564,2531,2883,"{""type"":""MultiPoint"",""coordinates"":[]}"
00000000000000005b21_0,1852,835,317,550,337,859,2461,3060,3047,3370,"{""type"":""MultiPoint"",""coordinates"":[]}"
00000000000000005b36_0,2436,1661,401,675,567,1105,2509,3099,3258,3423,"{""type"":""MultiPoint"",""coordinates"":[]}"
00000000000000005b3e_0,1513,638,294,475,285,752,2381,2878,2978,3201,"{""type"":""MultiPoint"",""coordinates"":[]}"
00000000000000005b51_0,2591,1766,440,668,877,1288,1832,2123,2330,2484,"{""type"":""MultiPoint"",""coordinates"":[]}"
00000000000000005b60_0,1592,644,137,398,171,801,2608,3147,3030,3460,"{""type"":""MultiPoint"",""coordinates"":[]}"
00000000000000005b6b_0,2336,1169,429,672,456,1112,2617,3250,3339,3637,"{""type"":""MultiPoint"",""coordinates"":[]}"
00000000000000005b6f_0,1550,669,263,423,244,776,2409,3080,2724,3347,"{""type"":""MultiPoint"",""coordinates"":[]}"
00000000000000005b75_0,1564,723,440,581,396,831,2113,2466,2429,2719,"{""type"":""MultiPoint"",""coordinates"":[]}"
00000000000000005b80_0,1777,733,420,579,358,912,2506,3061,3087,3484,"{""type"":""MultiPoint"",""coordinates"":[]}"
00000000000000005b8d_0,1640,709,301,516,259,871,2643,3364,3352,3633,"{""type"":""MultiPoint"",""coordinates"":[]}"
00000000000000005b95_0,1594,611,221,447,190,782,2657,3289,3333,3810,"{""type"":""MultiPoint"",""coordinates"":[]}"
00000000000000005ba6_0,1727,678,215,384,201,564,2500,3526,3408,3801,"{""type"":""MultiPoint"",""coordinates"":[]}"
00000000000000005baa_0,1684,711,264,477,270,832,2227,2724,2707,3110,"{""type"":""MultiPoint"",""coordinates"":[]}"
00000000000000005bb7_0,1636,615,172,398,209,802,2371,2951,3114,3439,"{""type"":""MultiPoint"",""coordinates"":[]}"
00000000000000005bb9_0,1414,605,238,394,227,638,1998,2560,2641,2864,"{""type"":""MultiPoint"",""coordinates"":[]}"
00000000000000005bbb_0,2659,1593,611,842,901,1434,2101,2504,2361,2702,"{""type"":""MultiPoint"",""coordinates"":[]}"
00000000000000005bc0_0,1297,488,143,328,150,626,2060,2684,2592,2995,"{""type"":""MultiPoint"",""coordinates"":[]}"
00000000000000005bdb_0,1312,550,230,363,210,525,1784,2296,2320,2453,"{""type"":""MultiPoint"",""coordinates"":[]}"
00000000000000005bee_0,1514,603,321,525,262,893,2425,3149,3316,3519,"{""type"":""MultiPoint"",""coordinates"":[]}"
00000000000000005bf0_0,1462,626,161,375,241,678,2022,2561,2560,2814,"{""type"":""MultiPoint"",""coordinates"":[]}"
00000000000000005bf2_0,1969,966,389,661,417,1038,2772,3459,3335,3673,"{""type"":""MultiPoint"",""coordinates"":[]}"
00000000000000005bff_0,1255,478,202,380,171,654,2185,2877,2833,3177,"{""type"":""MultiPoint"",""coordinates"":[]}"
00000000000000005c10_0,1290,538,221,410,232,676,1973,2456,2363,2734,"{""type"":""MultiPoint"",""coordinates"":[]}"
00000000000000005c12_0,1323,530,273,350,200,527,1936,2668,2568,2897,"{""type"":""MultiPoint"",""coordinates"":[]}"
00000000000000005c19_0,1737,720,241,498,234,853,2782,3519,3391,3853,"{""type"":""MultiPoint"",""coordinates"":[]}"
00000000000000005c1f_0,2058,1007,345,827,491,1327,2998,3308,3217,3523,"{""type"":""MultiPoint"",""coordinates"":[]}"
00000000000000005c27_0,2470,1757,486,851,763,1305,2313,2651,2560,2819,"{""type"":""MultiPoint"",""coordinates"":[]}"
00000000000000005c32_0,1467,625,315,555,344,882,2378,2865,2824,3224,"{""type"":""MultiPoint"",""coordinates"":[]}"
00000000000000005c3a_0,1277,548,255,429,267,733,2312,2660,2934,3024,"{""type"":""MultiPoint"",""coordinates"":[]}"
00000000000000005c3f_0,2566,1306,408,694,495,1122,2658,3168,3141,3519,"{""type"":""MultiPoint"",""coordinates"":[]}"
00000000000000005c41_0,4182,3586,922,1453,2297,2683,2898,3068,3119,3219,"{""type"":""MultiPoint"",""coordinates"":[]}"
00000000000000005c47_0,1148,485,223,430,300,779,1594,2009,1877,2341,"{""type"":""MultiPoint"",""coordinates"":[]}"
00000000000000005c54_0,1414,555,180,350,182,610,2066,2325,2421,2808,"{""type"":""MultiPoint"",""coordinates"":[]}"
00000000000000005c58_0,1913,804,243,509,245,781,2959,4066,4123,4369,"{""type"":""MultiPoint"",""coordinates"":[]}"
00000000000000005c69_0,1657,693,437,572,354,882,2371,3082,2967,3331,"{""type"":""MultiPoint"",""coordinates"":[]}"
00000000000000005c6b_0,1768,713,241,411,233,763,2629,3374,3390,3855,"{""type"":""MultiPoint"",""coordinates"":[]}"
00000000000000005c76_0,2055,865,232,475,265,845,3037,3929,3905,4224,"{""type"":""MultiPoint"",""coordinates"":[]}"
00000000000000005c78_0,1768,1140,460,776,723,1198,2027,2282,2230,2482,"{""type"":""MultiPoint"",""coordinates"":[]}"
00000000000000005c7e_0,1559,619,280,522,254,827,2372,2969,3109,3190,"{""type"":""MultiPoint"",""coordinates"":[]}"
00000000000000005c82_0,1524,633,163,368,186,700,2458,3231,3245,3493,"{""type"":""MultiPoint"",""coordinates"":[]}"
00000000000000005c8b_0,1820,763,152,406,157,738,2703,3468,3515,3843,"{""type"":""MultiPoint"",""coordinates"":[]}"
00000000000000005c93_0,1517,620,311,423,259,675,2090,2654,2504,2853,"{""type"":""MultiPoint"",""coordinates"":[]}"
00000000000000005ca0_0,1579,638,273,454,288,789,2255,2801,2874,3217,"{""type"":""MultiPoint"",""coordinates"":[]}"
00000000000000005ca9_0,1311,534,262,404,204,699,2544,3237,2887,3349,"{""type"":""MultiPoint"",""coordinates"":[]}"
00000000000000005cad_0,1784,728,231,417,219,754,2432,3351,3181,3633,"{""type"":""MultiPoint"",""coordinates"":[]}"
00000000000000005cc2_0,1610,640,224,436,261,752,2360,2900,2894,3308,"{""type"":""MultiPoint"",""coordinates"":[]}"
00000000000000005cc4_0,1683,712,297,486,322,801,2454,3056,2980,3474,"{""type"":""MultiPoint"",""coordinates"":[]}"
00000000000000005ccf_0,1411,584,245,359,196,590,2021,2748,2734,2959,"{""type"":""MultiPoint"",""coordinates"":[]}"
00000000000000005cd7_0,2067,926,417,661,401,1014,3242,4046,4197,4380,"{""type"":""MultiPoint"",""coordinates"":[]}"
00000000000000005cd9_0,1994,974,288,591,342,1049,2819,3380,3231,3626,"{""type"":""MultiPoint"",""coordinates"":[]}"
00000000000000005cdb_0,1916,939,566,781,510,1150,2889,3495,3461,3865,"{""type"":""MultiPoint"",""coordinates"":[]}"
00000000000000005ce4_0,2220,993,290,543,352,780,2966,4026,3857,4121,"{""type"":""MultiPoint"",""coordinates"":[]}"
00000000000000005ce6_0,2038,1126,324,589,418,980,2760,3296,3120,3341,"{""type"":""MultiPoint"",""coordinates"":[]}"
00000000000000005ce8_0,2145,937,340,531,262,836,2892,3627,3457,3922,"{""type"":""MultiPoint"",""coordinates"":[]}"
00000000000000005cec_0,1565,647,362,497,289,698,2164,2749,2784,3066,"{""type"":""MultiPoint"",""coordinates"":[]}"
00000000000000005cf1_0,956,349,165,360,165,627,2315,2899,2850,3068,"{""type"":""MultiPoint"",""coordinates"":[]}"
00000000000000005cfd_0,2153,1091,268,628,332,1053,2586,3084,2977,3408,"{""type"":""MultiPoint"",""coordinates"":[]}"
00000000000000005d02_0,1985,909,335,677,370,1047,3282,4052,3946,4439,"{""type"":""MultiPoint"",""coordinates"":[]}"
00000000000000005d06_0,1347,505,156,358,187,657,2022,2641,2971,3021,"{""type"":""MultiPoint"",""coordinates"":[]}"
00000000000000005d08_0,2093,1291,481,937,776,1415,2907,3345,3262,3518,"{""type"":""MultiPoint"",""coordinates"":[]}"
00000000000000005d0e_0,1803,730,327,565,279,927,2763,3313,3383,3754,"{""type"":""MultiPoint"",""coordinates"":[]}"
00000000000000005d10_0,955,498,250,471,399,930,1644,2067,2239,2283,"{""type"":""MultiPoint"",""coordinates"":[]}"
00000000000000005d1b_0,2089,818,367,660,305,1099,3486,4312,4531,4900,"{""type"":""MultiPoint"",""coordinates"":[]}"
00000000000000005d23_0,1717,707,341,457,250,721,2520,3184,3150,3626,"{""type"":""MultiPoint"",""coordinates"":[]}"
00000000000000005d2a_0,2572,1659,546,715,811,1111,1527,1797,1789,2103,"{""type"":""MultiPoint"",""coordinates"":[]}"
00000000000000005d32_0,1754,804,243,413,231,687,2498,3194,2912,3336,"{""type"":""MultiPoint"",""coordinates"":[]}"
00000000000000005d3f_0,2394,1556,383,660,703,1258,2102,2345,2335,2583,"{""type"":""MultiPoint"",""coordinates"":[]}"
00000000000000005d45_0,1343,520,194,373,203,645,2081,2674,2657,2976,"{""type"":""MultiPoint"",""coordinates"":[]}"
00000000000000005d54_0,1348,528,216,428,204,677,2430,3085,2828,3291,"{""type"":""MultiPoint"",""coordinates"":[]}"
00000000000000005d61_0,1752,983,394,631,463,895,2291,2650,2637,2711,"{""type"":""MultiPoint"",""coordinates"":[]}"
00000000000000005d63_0,1616,678,266,504,257,851,2452,3294,3396,3625,"{""type"":""MultiPoint"",""coordinates"":[]}"
00000000000000005d67_0,1503,645,346,542,284,893,2387,3012,3107,3399,"{""type"":""MultiPoint"",""coordinates"":[]}"
00000000000000005d69_0,1479,585,349,559,325,883,2723,3285,3174,3652,"{""type"":""MultiPoint"",""coordinates"":[]}"
00000000000000005d6b_0,2251,1139,242,399,279,770,2341,2998,2978,3375,"{""type"":""MultiPoint"",""coordinates"":[]}"
00000000000000005d74_0,1460,619,272,445,266,742,2219,2983,3008,3214,"{""type"":""MultiPoint"",""coordinates"":[]}"
00000000000000005d76_0,2001,1112,458,703,558,1118,2346,2714,2621,2920,"{""type"":""MultiPoint"",""coordinates"":[]}"
00000000000000005d7c_0,1498,599,301,472,314,744,2145,2698,2674,3099,"{""type"":""MultiPoint"",""coordinates"":[]}"
00000000000000005d81_0,2170,1120,416,602,501,1017,2108,2489,2423,2812,"{""type"":""MultiPoint"",""coordinates"":[]}"
00000000000000005d89_0,1357,521,227,357,192,577,1939,2520,2552,2739,"{""type"":""MultiPoint"",""coordinates"":[]}"
00000000000000005d8b_0,1497,612,287,472,262,747,2221,2763,2796,3080,"{""type"":""MultiPoint"",""coordinates"":[]}"
00000000000000005d92_0,1213,476,243,483,241,811,2259,2714,2694,3010,"{""type"":""MultiPoint"",""coordinates"":[]}"
00000000000000005d96_0,2841,1564,494,860,861,1608,2542,2857,2935,3269,"{""type"":""MultiPoint"",""coordinates"":[]}"
00000000000000005d98_0,1918,1119,409,694,584,1164,1830,2038,1997,2245,"{""type"":""MultiPoint"",""coordinates"":[]}"
00000000000000005d9e_0,1454,587,257,461,224,735,2401,2791,2901,3233,"{""type"":""MultiPoint"",""coordinates"":[]}"
00000000000000005da0_0,1478,614,225,419,215,728,2237,2748,2711,2964,"{""type"":""MultiPoint"",""coordinates"":[]}"
00000000000000005dc0_0,1376,535,171,373,209,651,2119,2711,2816,3150,"{""type"":""MultiPoint"",""coordinates"":[]}"
00000000000000005dc2_0,1716,710,182,354,214,636,2112,2826,2622,3149,"{""type"":""MultiPoint"",""coordinates"":[]}"
00000000000000005dd5_0,1376,522,269,431,244,660,2235,2713,2881,3090,"{""type"":""MultiPoint"",""coordinates"":[]}"
00000000000000005dda_0,2047,920,207,543,232,1062,2891,3543,3629,3751,"{""type"":""MultiPoint"",""coordinates"":[]}"
00000000000000005de4_0,1437,572,200,353,215,570,2108,2808,2744,3223,"{""type"":""MultiPoint"",""coordinates"":[]}"
00000000000000005df8_0,1801,727,201,522,162,859,3487,4285,4387,4722,"{""type"":""MultiPoint"",""coordinates"":[]}"
00000000000000005e00_0,1292,518,244,425,175,706,2265,3036,3075,3363,"{""type"":""MultiPoint"",""coordinates"":[]}"
00000000000000005e06_0,1532,640,180,350,186,624,2154,2720,2712,2999,"{""type"":""MultiPoint"",""coordinates"":[]}"
00000000000000005e0c_0,1547,667,329,415,254,667,1907,2654,2639,3013,"{""type"":""MultiPoint"",""coordinates"":[]}"
00000000000000005e1b_0,1568,625,340,506,275,741,2263,2991,3087,3290,"{""type"":""MultiPoint"",""coordinates"":[]}"
00000000000000005e2e_0,1869,806,261,529,261,901,2891,3597,3573,3920,"{""type"":""MultiPoint"",""coordinates"":[]}"
00000000000000005e33_0,2295,1068,373,838,403,1357,3530,3896,3904,4260,"{""type"":""MultiPoint"",""coordinates"":[]}"
00000000000000005e3b_0,1678,670,242,441,252,767,2312,2866,3162,3337,"{""type"":""MultiPoint"",""coordinates"":[]}"
00000000000000005e43_0,2407,1280,553,861,605,1282,2874,3351,3253,3607,"{""type"":""MultiPoint"",""coordinates"":[]}"
00000000000000005e44_0,1486,604,197,451,167,746,2717,3326,3272,3571,"{""type"":""MultiPoint"",""coordinates"":[]}"
00000000000000005e48_0,4170,2876,1082,1541,1972,2395,2601,2867,2812,3033,"{""type"":""MultiPoint"",""coordinates"":[]}"
00000000000000005e4a_0,2229,1393,404,714,767,1349,2738,3115,2922,3383,"{""type"":""MultiPoint"",""coordinates"":[]}"
00000000000000005e50_0,1745,777,305,605,307,966,2439,3041,3073,3359,"{""type"":""MultiPoint"",""coordinates"":[]}"
00000000000000005e54_0,2028,933,342,554,314,870,2733,3370,3384,3729,"{""type"":""MultiPoint"",""coordinates"":[]}"
00000000000000005e6a_0,1527,641,153,413,229,785,2054,2492,2480,2774,"{""type"":""MultiPoint"",""coordinates"":[]}"
00000000000000005e74_0,1476,612,194,373,269,671,2084,2758,2842,3230,"{""type"":""MultiPoint"",""coordinates"":[]}"
00000000000000005e7b_0,1452,571,163,384,203,762,2292,2707,2657,3148,"{""type"":""MultiPoint"",""coordinates"":[]}"
00000000000000005e81_0,2325,1486,527,938,761,1433,2501,2780,2822,3107,"{""type"":""MultiPoint"",""coordinates"":[]}"
00000000000000005e87_0,1550,625,270,425,230,713,2467,3183,3128,3576,"{""type"":""MultiPoint"",""coordinates"":[]}"
00000000000000005e89_0,1889,855,243,485,230,885,2888,3402,3250,3758,"{""type"":""MultiPoint"",""coordinates"":[]}"
00000000000000005e96_0,1691,706,225,392,182,707,2693,3443,3272,3908,"{""type"":""MultiPoint"",""coordinates"":[]}"
00000000000000005e9d_0,1377,543,243,441,273,779,2528,3319,3257,3701,"{""type"":""MultiPoint"",""coordinates"":[]}"
00000000000000005ea3_0,2420,1256,424,820,536,1227,3042,3568,3457,3857,"{""type"":""MultiPoint"",""coordinates"":[]}"
00000000000000005ea9_0,1410,549,224,388,217,709,2051,2680,2672,3089,"{""type"":""MultiPoint"",""coordinates"":[]}"
00000000000000005ead_0,2242,1004,477,673,348,983,3156,3957,3848,4223,"{""type"":""MultiPoint"",""coordinates"":[]}"
00000000000000005eb8_0,2059,1221,140,350,400,735,1139,1360,1483,1644,"{""type"":""MultiPoint"",""coordinates"":[]}"
00000000000000005ecb_0,1360,510,175,384,203,708,2211,2700,2771,3003,"{""type"":""MultiPoint"",""coordinates"":[]}"
00000000000000005ecd_0,1319,524,172,304,141,531,1894,2256,2195,2642,"{""type"":""MultiPoint"",""coordinates"":[]}"
00000000000000005ed3_0,3256,2659,931,1403,1735,2037,2271,2545,2438,2667,"{""type"":""MultiPoint"",""coordinates"":[]}"
00000000000000005ed8_0,1488,600,209,387,162,687,2582,3328,3409,3743,"{""type"":""MultiPoint"",""coordinates"":[]}"
00000000000000005eda_0,2276,1334,520,815,663,1336,2571,3010,3046,3318,"{""type"":""MultiPoint"",""coordinates"":[]}"
00000000000000005ee0_0,1367,529,253,409,229,663,2160,2679,2618,2836,"{""type"":""MultiPoint"",""coordinates"":[]}"
00000000000000005eed_0,1529,632,207,357,181,646,2171,2800,2521,2883,"{""type"":""MultiPoint"",""coordinates"":[]}"
00000000000000005ef5_0,1665,683,303,494,239,783,2491,3258,3289,3549,"{""type"":""MultiPoint"",""coordinates"":[]}"
00000000000000005efa_0,1313,511,181,362,198,633,1895,2438,2480,2742,"{""type"":""MultiPoint"",""coordinates"":[]}"
00000000000000005f02_0,1614,645,280,454,244,742,2380,3056,3127,3401,"{""type"":""MultiPoint"",""coordinates"":[]}"
00000000000000005f04_0,1237,508,349,470,293,720,1823,2698,2842,2890,"{""type"":""MultiPoint"",""coordinates"":[]}"
00000000000000005f0f_0,1470,649,201,397,225,637,2213,2522,2893,3000,"{""type"":""MultiPoint"",""coordinates"":[]}"
00000000000000005f17_0,1470,599,268,481,259,759,2373,2946,2953,3289,"{""type"":""MultiPoint"",""coordinates"":[]}"
00000000000000005f24_0,1484,579,299,467,245,760,2301,3109,3034,3360,"{""type"":""MultiPoint"",""coordinates"":[]}"
00000000000000005f31_0,2518,1255,369,734,589,1275,2666,3037,3112,3438,"{""type"":""MultiPoint"",""coordinates"":[]}"
00000000000000005f39_0,1365,507,281,390,217,658,2023,2680,2676,3097,"{""type"":""MultiPoint"",""coordinates"":[]}"
00000000000000005f3d_0,1131,441,126,251,122,550,1747,2293,2456,2540,"{""type"":""MultiPoint"",""coordinates"":[]}"
00000000000000005f4e_0,1259,491,243,425,197,629,2021,2532,2594,2760,"{""type"":""MultiPoint"",""coordinates"":[]}"
00000000000000005f5b_0,1840,805,431,595,355,939,2660,3335,3329,3689,"{""type"":""MultiPoint"",""coordinates"":[]}"
00000000000000005f70_0,1593,654,276,464,249,731,2169,2791,2713,3094,"{""type"":""MultiPoint"",""coordinates"":[]}"
00000000000000005f7d_0,1410,557,116,336,180,710,2024,2535,2409,2789,"{""type"":""MultiPoint"",""coordinates"":[]}"
00000000000000005f7f_0,2003,1466,495,632,782,1015,1236,1369,1418,1582,"{""type"":""MultiPoint"",""coordinates"":[]}"
00000000000000005f85_0,1589,645,312,550,302,868,2536,3274,3184,3572,"{""type"":""MultiPoint"",""coordinates"":[]}"
00000000000000005f8a_0,1651,753,188,486,263,814,2408,2892,2886,3086,"{""type"":""MultiPoint"",""coordinates"":[]}"
00000000000000005f92_0,1601,628,306,474,261,800,2495,3277,3310,3663,"{""type"":""MultiPoint"",""coordinates"":[]}"
00000000000000005f96_0,2039,881,328,561,268,939,2731,3397,3309,3640,"{""type"":""MultiPoint"",""coordinates"":[]}"
00000000000000005f9b_0,1646,665,247,494,255,904,2681,3210,3108,3784,"{""type"":""MultiPoint"",""coordinates"":[]}"
00000000000000005fa7_0,1559,610,195,417,196,671,2468,2994,3185,3455,"{""type"":""MultiPoint"",""coordinates"":[]}"
00000000000000005fa9_0,1452,688,383,519,299,734,2416,3192,2941,3176,"{""type"":""MultiPoint"",""coordinates"":[]}"
00000000000000005fb4_0,1523,639,393,513,332,784,2095,2733,2838,3107,"{""type"":""MultiPoint"",""coordinates"":[]}"
00000000000000005fbd_0,1444,584,270,462,214,795,2439,3147,3175,3558,"{""type"":""MultiPoint"",""coordinates"":[]}"
00000000000000005fc1_0,3303,2188,562,840,962,1527,2186,2464,2398,2703,"{""type"":""MultiPoint"",""coordinates"":[]}"
00000000000000005fc3_0,1780,949,407,582,405,914,2207,2639,2709,2982,"{""type"":""MultiPoint"",""coordinates"":[]}"
00000000000000005fd6_0,1400,572,231,392,191,643,1973,2567,2708,2919,"{""type"":""MultiPoint"",""coordinates"":[]}"
00000000000000005fde_0,1479,595,309,489,272,839,2177,2668,2828,3052,"{""type"":""MultiPoint"",""coordinates"":[]}"
00000000000000005fed_0,1247,547,269,421,325,619,1778,2152,2189,2452,"{""type"":""MultiPoint"",""coordinates"":[]}"
00000000000000005ff8_0,1408,682,233,404,255,725,1987,2585,2495,2964,"{""type"":""MultiPoint"",""coordinates"":[]}"
00000000000000005ffa_0,4743,3893,894,1439,1791,2409,3409,3712,3635,4030,"{""type"":""MultiPoint"",""coordinates"":[]}"
00000000000000006000_0,1313,516,283,422,235,684,1894,2404,2468,2617,"{""type"":""MultiPoint"",""coordinates"":[]}"
00000000000000006005_0,2162,1220,283,544,443,972,1786,2060,2175,2372,"{""type"":""MultiPoint"",""coordinates"":[]}"
0000000000000000600d_0,1408,580,193,360,188,673,2045,2774,2642,2984,"{""type"":""MultiPoint"",""coordinates"":[]}"
0000000000000000600f_0,1845,911,297,571,425,1043,2151,2488,2471,2773,"{""type"":""MultiPoint"",""coordinates"":[]}"
00000000000000006016_0,1486,559,188,367,176,737,2474,3086,2941,3436,"{""type"":""MultiPoint"",""coordinates"":[]}"
0000000000000000601a_0,1938,1209,293,514,428,880,2063,2337,2341,2591,"{""type"":""MultiPoint"",""coordinates"":[]}"
0000000000000000601c_0,2035,1013,260,539,376,885,2363,2833,2958,3181,"{""type"":""MultiPoint"",""coordinates"":[]}"
0000000000000000602f_0,1330,511,161,313,140,567,2112,2603,2579,3123,"{""type"":""MultiPoint"",""coordinates"":[]}"
00000000000000006031_0,310,175,155,287,197,426,563,615,553,590,"{""type"":""MultiPoint"",""coordinates"":[]}"
0000000000000000603c_0,2204,1390,343,486,448,903,1787,2052,2059,2258,"{""type"":""MultiPoint"",""coordinates"":[]}"
00000000000000006044_0,1403,535,247,440,230,732,2426,3089,3107,3448,"{""type"":""MultiPoint"",""coordinates"":[]}"
00000000000000006046_0,1347,554,139,324,218,568,1776,2402,2417,2675,"{""type"":""MultiPoint"",""coordinates"":[]}"
00000000000000006051_0,1601,679,196,389,170,706,2512,3198,2968,3491,"{""type"":""MultiPoint"",""coordinates"":[]}"
00000000000000006053_0,2000,963,366,824,520,1408,2881,3241,3101,3526,"{""type"":""MultiPoint"",""coordinates"":[]}"
00000000000000006059_0,1443,584,191,370,165,689,2190,2791,2605,3149,"{""type"":""MultiPoint"",""coordinates"":[]}"
0000000000000000605b_0,2006,1714,519,637,674,911,1131,1221,1213,1378,"{""type"":""MultiPoint"",""coordinates"":[]}"
0000000000000000606e_0,1209,462,241,450,236,689,2057,2658,2578,2887,"{""type"":""MultiPoint"",""coordinates"":[]}"
00000000000000006073_0,3027,1842,440,744,870,1427,2264,2512,2614,2924,"{""type"":""MultiPoint"",""coordinates"":[]}"
0000000000000000607b_0,1321,531,220,352,164,612,2243,3029,2689,3195,"{""type"":""MultiPoint"",""coordinates"":[]}"
00000000000000006088_0,1562,669,189,348,162,613,2244,3167,3136,3348,"{""type"":""MultiPoint"",""coordinates"":[]}"
0000000000000000608a_0,3228,2293,591,954,1031,1673,2592,2884,2971,3199,"{""type"":""MultiPoint"",""coordinates"":[]}"
00000000000000006090_0,1370,555,309,468,302,762,1966,2377,2478,2817,"{""type"":""MultiPoint"",""coordinates"":[]}"
00000000000000006095_0,2851,1702,520,867,799,1370,2414,2626,2668,2929,"{""type"":""MultiPoint"",""coordinates"":[]}"
0000000000000000609d_0,1541,599,209,358,196,587,2101,2769,2802,3110,"{""type"":""MultiPoint"",""coordinates"":[]}"
000000000000000060ac_0,2567,1514,430,762,675,1291,2551,2854,2797,3140,"{""type"":""MultiPoint"",""coordinates"":[]}"
000000000000000060ae_0,1456,602,252,496,193,792,2814,3711,3638,4002,"{""type"":""MultiPoint"",""coordinates"":[]}"
000000000000000060b2_0,1789,710,244,510,262,861,2523,3539,3497,3998,"{""type"":""MultiPoint"",""coordinates"":[]}"
000000000000000060bf_0,1631,672,174,408,204,749,2456,2918,3117,3426,"{""type"":""MultiPoint"",""coordinates"":[]}"
000000000000000060c1_0,1679,884,447,596,483,911,1834,2119,2120,2370,"{""type"":""MultiPoint"",""coordinates"":[]}"
000000000000000060c7_0,1507,623,244,408,239,662,2171,2622,2597,2930,"{""type"":""MultiPoint"",""coordinates"":[]}"
000000000000000060cc_0,2514,1464,304,587,508,1155,2192,2547,2588,2883,"{""type"":""MultiPoint"",""coordinates"":[]}"
000000000000000060d4_0,1633,628,256,489,308,916,2514,3118,3242,3672,"{""type"":""MultiPoint"",""coordinates"":[]}"
000000000000000060d6_0,1265,522,72,277,210,523,1649,2152,2213,2461,"{""type"":""MultiPoint"",""coordinates"":[]}"
000000000000000060e1_0,1624,693,214,405,197,693,2374,2972,3105,3270,"{""type"":""MultiPoint"",""coordinates"":[]}"
000000000000000060e5_0,1700,746,205,415,225,829,3087,3519,3589,3933,"{""type"":""MultiPoint"",""coordinates"":[]}"
000000000000000060e9_0,1652,689,360,528,293,817,2406,3027,3072,3346,"{""type"":""MultiPoint"",""coordinates"":[]}"
000000000000000060eb_0,1905,968,344,626,451,1044,2025,2344,2271,2607,"{""type"":""MultiPoint"",""coordinates"":[]}"
000000000000000060ee_0,1876,861,330,689,303,1111,3069,3583,3540,3878,"{""type"":""MultiPoint"",""coordinates"":[]}"
000000000000000060f6_0,1634,702,534,664,402,956,2429,3134,3250,3388,"{""type"":""MultiPoint"",""coordinates"":[]}"
000000000000000060ff_0,1295,577,292,493,327,856,2226,2622,2716,2986,"{""type"":""MultiPoint"",""coordinates"":[]}"
00000000000000006103_0,2524,1426,354,622,647,1181,1972,2233,2322,2672,"{""type"":""MultiPoint"",""coordinates"":[]}"
00000000000000006105_0,1196,710,276,594,427,769,1521,1692,2078,1844,"{""type"":""MultiPoint"",""coordinates"":[]}"
0000000000000000610b_0,1978,817,274,535,267,947,2961,3573,3704,4031,"{""type"":""MultiPoint"",""coordinates"":[]}"
0000000000000000610f_0,1345,480,282,353,201,528,2486,3580,3235,3875,"{""type"":""MultiPoint"",""coordinates"":[]}"
00000000000000006118_0,1316,523,171,415,235,624,2025,2639,2693,2948,"{""type"":""MultiPoint"",""coordinates"":[]}"
0000000000000000611a_0,1613,869,219,447,386,813,1640,1870,2099,2282,"{""type"":""MultiPoint"",""coordinates"":[]}"
0000000000000000612d_0,1394,546,169,340,169,600,2066,2745,2770,2980,"{""type"":""MultiPoint"",""coordinates"":[]}"
00000000000000006135_0,3419,3169,1412,1876,2117,2475,2561,2795,2676,2846,"{""type"":""MultiPoint"",""coordinates"":[]}"
00000000000000006136_0,1283,490,153,371,165,684,2138,2696,2600,2947,"{""type"":""MultiPoint"",""coordinates"":[]}"
0000000000000000613a_0,1652,716,250,508,238,841,2567,3191,3197,3432,"{""type"":""MultiPoint"",""coordinates"":[]}"
0000000000000000613c_0,3952,3123,798,1206,1777,2155,3313,3767,3723,3993,"{""type"":""MultiPoint"",""coordinates"":[]}"
0000000000000000614f_0,1252,480,131,261,147,491,1812,2409,2379,2846,"{""type"":""MultiPoint"",""coordinates"":[]}"
00000000000000006157_0,1597,666,206,518,205,910,3120,3832,3556,3892,"{""type"":""MultiPoint"",""coordinates"":[]}"
00000000000000006158_0,1895,1206,264,475,388,813,1930,2139,2329,2441,"{""type"":""MultiPoint"",""coordinates"":[]}"
00000000000000006164_0,1505,599,258,446,244,767,2717,3381,3267,3741,"{""type"":""MultiPoint"",""coordinates"":[]}"
00000000000000006166_0,1173,491,207,328,214,539,1620,2117,1984,2426,"{""type"":""MultiPoint"",""coordinates"":[]}"
00000000000000006171_0,1469,621,163,333,147,593,2362,3107,3083,3533,"{""type"":""MultiPoint"",""coordinates"":[]}"
00000000000000006173_0,2425,1287,321,558,424,899,2322,2904,2992,3182,"{""type"":""MultiPoint"",""coordinates"":[]}"
00000000000000006179_0,1442,568,183,366,204,727,2154,2628,2707,3119,"{""type"":""MultiPoint"",""coordinates"":[]}"
00000000000000006186_0,1215,462,170,334,170,611,1881,2238,2197,2455,"{""type"":""MultiPoint"",""coordinates"":[]}"
00000000000000006188_0,1866,860,323,574,399,1016,2548,3075,3059,3419,"{""type"":""MultiPoint"",""coordinates"":[]}"
0000000000000000618f_0,1069,464,161,318,194,627,1855,2281,2214,2520,"{""type"":""MultiPoint"",""coordinates"":[]}"
00000000000000006193_0,1713,783,231,436,243,695,2112,2579,2710,2827,"{""type"":""MultiPoint"",""coordinates"":[]}"
0000000000000000619b_0,1399,562,266,363,230,609,1824,2327,2393,2756,"{""type"":""MultiPoint"",""coordinates"":[]}"
0000000000000000619d_0,1642,902,296,544,422,900,1661,1934,1917,2102,"{""type"":""MultiPoint"",""coordinates"":[]}"
000000000000000061a8_0,1315,528,142,264,128,472,1949,2539,2466,2900,"{""type"":""MultiPoint"",""coordinates"":[]}"
000000000000000061aa_0,1743,820,383,519,332,750,2066,2536,2485,2724,"{""type"":""MultiPoint"",""coordinates"":[]}"
000000000000000061b0_0,1354,500,160,394,161,746,2364,2847,2765,3210,"{""type"":""MultiPoint"",""coordinates"":[]}"
000000000000000061b5_0,2522,1460,398,574,516,976,1828,2016,2077,2359,"{""type"":""MultiPoint"",""coordinates"":[]}"
000000000000000061bd_0,1292,488,189,328,183,522,1762,2313,2447,2690,"{""type"":""MultiPoint"",""coordinates"":[]}"
000000000000000061bf_0,2579,1665,386,675,690,1174,1934,2226,2372,2503,"{""type"":""MultiPoint"",""coordinates"":[]}"
000000000000000061ca_0,1788,751,202,454,210,847,2772,3389,3377,3676,"{""type"":""MultiPoint"",""coordinates"":[]}"
000000000000000061cc_0,2322,1438,422,606,683,1148,1767,2065,2074,2400,"{""type"":""MultiPoint"",""coordinates"":[]}"
000000000000000061d2_0,1540,651,227,396,213,689,2217,2868,2734,3199,"{""type"":""MultiPoint"",""coordinates"":[]}"
000000000000000061df_0,1349,506,105,291,140,603,2077,2533,2536,2941,"{""type"":""MultiPoint"",""coordinates"":[]}"
000000000000000061f4_0,1591,663,282,445,275,776,2285,3049,2997,3467,"{""type"":""MultiPoint"",""coordinates"":[]}"
000000000000000061f6_0,2013,1132,260,546,573,1070,1668,1907,2002,2185,"{""type"":""MultiPoint"",""coordinates"":[]}"
00000000000000006201_0,2177,1040,346,657,489,1111,2667,3131,3139,3437,"{""type"":""MultiPoint"",""coordinates"":[]}"
00000000000000006203_0,1434,820,226,395,418,851,1307,1573,1596,1765,"{""type"":""MultiPoint"",""coordinates"":[]}"
0000000000000000620e_0,2396,1605,703,1014,946,1414,2391,2737,2579,2962,"{""type"":""MultiPoint"",""coordinates"":[]}"
00000000000000006216_0,1540,632,246,412,217,667,2164,2769,2863,3177,"{""type"":""MultiPoint"",""coordinates"":[]}"
00000000000000006218_0,1927,1007,379,651,502,1077,2126,2512,2499,2829,"{""type"":""MultiPoint"",""coordinates"":[]}"
0000000000000000621f_0,1589,625,243,447,209,806,2496,2957,2945,3612,"{""type"":""MultiPoint"",""coordinates"":[]}"
00000000000000006223_0,1800,873,273,469,337,801,1798,2238,2283,2476,"{""type"":""MultiPoint"",""coordinates"":[]}"
0000000000000000622d_0,1796,865,367,608,404,957,2198,2621,2588,2873,"{""type"":""MultiPoint"",""coordinates"":[]}"
0000000000000000623a_0,1798,769,291,574,250,962,3150,3546,3695,3917,"{""type"":""MultiPoint"",""coordinates"":[]}"
0000000000000000624d_0,1267,492,163,323,165,588,1806,2343,2310,2794,"{""type"":""MultiPoint"",""coordinates"":[]}"
0000000000000000624f_0,1373,537,119,273,131,530,2142,2664,2527,2864,"{""type"":""MultiPoint"",""coordinates"":[]}"
0000000000000000625a_0,2429,1069,382,583,292,1043,3853,4848,4646,5146,"{""type"":""MultiPoint"",""coordinates"":[]}"
00000000000000006262_0,1411,607,228,395,227,657,2039,2595,2537,2957,"{""type"":""MultiPoint"",""coordinates"":[]}"
00000000000000006267_0,3540,2362,486,772,920,1494,2146,2410,2343,2707,"{""type"":""MultiPoint"",""coordinates"":[]}"
0000000000000000626f_0,1301,577,288,515,318,883,1959,2243,2253,2577,"{""type"":""MultiPoint"",""coordinates"":[]}"
00000000000000006271_0,1572,769,244,432,247,790,1938,2359,2237,2626,"{""type"":""MultiPoint"",""coordinates"":[]}"
00000000000000006277_0,2164,1206,317,570,485,1132,2127,2245,2477,2719,"{""type"":""MultiPoint"",""coordinates"":[]}"
0000000000000000627c_0,2682,1894,378,613,893,1233,1627,1768,1839,2057,"{""type"":""MultiPoint"",""coordinates"":[]}"
00000000000000006284_0,1491,639,201,417,228,736,2232,2874,2817,3175,"{""type"":""MultiPoint"",""coordinates"":[]}"
00000000000000006286_0,1880,1258,533,798,575,1110,2200,2550,2473,2693,"{""type"":""MultiPoint"",""coordinates"":[]}"
00000000000000006291_0,1415,569,176,376,154,644,2379,2921,3215,3244,"{""type"":""MultiPoint"",""coordinates"":[]}"
00000000000000006299_0,1468,600,279,457,265,753,2186,2769,2803,3127,"{""type"":""MultiPoint"",""coordinates"":[]}"
000000000000000062b3_0,1887,985,254,520,331,874,2164,2595,2699,2883,"{""type"":""MultiPoint"",""coordinates"":[]}"
000000000000000062c0_0,2831,2104,431,657,773,1347,1969,2232,2215,2522,"{""type"":""MultiPoint"",""coordinates"":[]}"
000000000000000062c8_0,1320,583,166,307,155,582,1964,2659,2620,2910,"{""type"":""MultiPoint"",""coordinates"":[]}"
000000000000000062ca_0,1732,767,238,468,254,774,2437,2873,2832,3129,"{""type"":""MultiPoint"",""coordinates"":[]}"
000000000000000062d5_0,1606,777,312,515,387,909,1919,2304,2140,2516,"{""type"":""MultiPoint"",""coordinates"":[]}"
000000000000000062dd_0,1520,599,295,439,278,773,2415,2986,3005,3406,"{""type"":""MultiPoint"",""coordinates"":[]}"
000000000000000062df_0,1767,856,294,613,369,959,2261,2620,2540,2813,"{""type"":""MultiPoint"",""coordinates"":[]}"
000000000000000062e1_0,3671,2513,708,925,1095,1584,2372,2807,2814,3219,"{""type"":""MultiPoint"",""coordinates"":[]}"
000000000000000062ea_0,2774,1586,365,619,622,1129,2043,2348,2484,2700,"{""type"":""MultiPoint"",""coordinates"":[]}"
000000000000000062ec_0,1741,818,268,453,316,761,1819,2222,2255,2454,"{""type"":""MultiPoint"",""coordinates"":[]}"
000000000000000062f2_0,1283,516,266,412,234,656,1981,2495,2564,2829,"{""type"":""MultiPoint"",""coordinates"":[]}"
000000000000000062f4_0,1471,618,195,363,185,627,2068,2637,2538,2833,"{""type"":""MultiPoint"",""coordinates"":[]}"
000000000000000062f7_0,1777,767,234,606,247,1034,3202,4027,3708,4304,"{""type"":""MultiPoint"",""coordinates"":[]}"
000000000000000062ff_0,1249,514,227,363,217,579,1748,2335,2313,2631,"{""type"":""MultiPoint"",""coordinates"":[]}"
00000000000000006301_0,2009,1012,332,604,534,1120,2191,2459,2499,2842,"{""type"":""MultiPoint"",""coordinates"":[]}"
00000000000000006307_0,2221,1900,543,708,833,1025,1183,1271,1283,1420,"{""type"":""MultiPoint"",""coordinates"":[]}"
0000000000000000630c_0,2281,1242,321,621,540,1095,2155,2466,2427,2737,"{""type"":""MultiPoint"",""coordinates"":[]}"
0000000000000000630e_0,3270,1976,616,1040,895,1666,3276,3761,3673,4150,"{""type"":""MultiPoint"",""coordinates"":[]}"
00000000000000006314_0,1309,512,241,416,246,692,1923,2356,2536,2775,"{""type"":""MultiPoint"",""coordinates"":[]}"
00000000000000006316_0,1705,669,308,536,273,875,3158,3706,3799,4035,"{""type"":""MultiPoint"",""coordinates"":[]}"
00000000000000006321_0,1177,483,124,259,108,436,2005,2874,2530,2937,"{""type"":""MultiPoint"",""coordinates"":[]}"
00000000000000006323_0,2151,1138,377,660,419,997,2602,3160,2987,3410,"{""type"":""MultiPoint"",""coordinates"":[]}"
00000000000000006329_0,1317,532,200,351,202,579,1989,2699,2576,2865,"{""type"":""MultiPoint"",""coordinates"":[]}"
0000000000000000632e_0,3190,2491,699,977,1390,1731,1996,2147,2085,2157,"{""type"":""MultiPoint"",""coordinates"":[]}"
00000000000000006336_0,1359,527,208,406,205,713,2272,2761,2902,3133,"{""type"":""MultiPoint"",""coordinates"":[]}"
00000000000000006338_0,2329,1312,400,698,746,1296,1975,2283,2318,2655,"{""type"":""MultiPoint"",""coordinates"":[]}"
0000000000000000633a_0,1583,800,383,526,348,761,2283,2952,2949,3124,"{""type"":""MultiPoint"",""coordinates"":[]}"
00000000000000006343_0,2561,1422,424,725,646,1243,2216,2580,2705,3009,"{""type"":""MultiPoint"",""coordinates"":[]}"
0000000000000000634b_0,1813,760,295,544,276,970,2976,3777,3669,4229,"{""type"":""MultiPoint"",""coordinates"":[]}"
00000000000000006350_0,4171,3621,945,1342,1788,2247,2794,2924,2948,3144,"{""type"":""MultiPoint"",""coordinates"":[]}"
0000000000000000637a_0,1586,665,195,364,165,612,2191,2886,2926,3140,"{""type"":""MultiPoint"",""coordinates"":[]}"
0000000000000000637c_0,1712,891,389,632,468,979,2141,2512,2565,2778,"{""type"":""MultiPoint"",""coordinates"":[]}"
00000000000000006382_0,1493,606,289,514,309,955,2256,2623,2634,3007,"{""type"":""MultiPoint"",""coordinates"":[]}"
0000000000000000638f_0,1486,547,241,386,200,618,2162,2917,3049,3127,"{""type"":""MultiPoint"",""coordinates"":[]}"
00000000000000006393_0,1596,781,224,498,263,853,2480,2870,2864,3048,"{""type"":""MultiPoint"",""coordinates"":[]}"
000000000000000063a4_0,1443,576,353,460,273,735,2156,2647,2684,3080,"{""type"":""MultiPoint"",""coordinates"":[]}"
000000000000000063a9_0,2567,1461,490,813,566,1299,3226,3801,3792,4086,"{""type"":""MultiPoint"",""coordinates"":[]}"
000000000000000063b3_0,1596,737,176,358,240,629,1801,2196,2203,2466,"{""type"":""MultiPoint"",""coordinates"":[]}"
000000000000000063b9_0,1441,573,260,459,193,683,2210,3020,3000,3159,"{""type"":""MultiPoint"",""coordinates"":[]}"
000000000000000063c6_0,1608,641,302,536,300,911,2572,3023,3069,3453,"{""type"":""MultiPoint"",""coordinates"":[]}"
000000000000000063c8_0,1544,830,434,662,510,959,1932,2230,2172,2418,"{""type"":""MultiPoint"",""coordinates"":[]}"
000000000000000063ca_0,1807,812,203,465,220,856,2991,3696,3663,4016,"{""type"":""MultiPoint"",""coordinates"":[]}"
000000000000000063cf_0,1250,540,402,590,345,943,2433,2989,2967,3320,"{""type"":""MultiPoint"",""coordinates"":[]}"
000000000000000063d3_0,1512,611,223,373,194,662,2041,2687,2679,3004,"{""type"":""MultiPoint"",""coordinates"":[]}"
000000000000000063db_0,1907,789,301,535,271,929,2781,3604,3590,3993,"{""type"":""MultiPoint"",""coordinates"":[]}"
000000000000000063dd_0,1550,748,405,611,363,922,2385,2884,3016,3204,"{""type"":""MultiPoint"",""coordinates"":[]}"
000000000000000063e8_0,1558,627,369,481,282,769,2343,3175,3189,3494,"{""type"":""MultiPoint"",""coordinates"":[]}"
000000000000000063ec_0,2434,1161,551,837,521,1317,3690,4393,4271,4773,"{""type"":""MultiPoint"",""coordinates"":[]}"
000000000000000063f0_0,1569,780,83,313,206,728,1995,2353,2407,2570,"{""type"":""MultiPoint"",""coordinates"":[]}"
000000000000000063f7_0,1846,818,438,596,362,878,2776,3310,3480,3737,"{""type"":""MultiPoint"",""coordinates"":[]}"
0000000000000000640a_0,1674,681,141,358,167,615,2520,3081,3300,3432,"{""type"":""MultiPoint"",""coordinates"":[]}"
0000000000000000640c_0,1985,1128,333,738,463,1268,2577,2721,2631,2973,"{""type"":""MultiPoint"",""coordinates"":[]}"
00000000000000006417_0,2291,1044,343,611,334,990,3149,3815,3699,4181,"{""type"":""MultiPoint"",""coordinates"":[]}"
0000000000000000641f_0,1394,586,210,384,213,722,2282,2939,2787,3202,"{""type"":""MultiPoint"",""coordinates"":[]}"
00000000000000006421_0,1751,1018,332,599,411,908,2023,2284,2236,2447,"{""type"":""MultiPoint"",""coordinates"":[]}"
0000000000000000642c_0,2695,1427,350,639,564,1216,2458,2888,2895,3148,"{""type"":""MultiPoint"",""coordinates"":[]}"
0000000000000000642e_0,2194,1283,337,586,580,1063,2151,2385,2522,2686,"{""type"":""MultiPoint"",""coordinates"":[]}"
00000000000000006434_0,1253,503,173,275,163,563,1962,2691,2211,2984,"{""type"":""MultiPoint"",""coordinates"":[]}"
00000000000000006436_0,1168,637,204,338,236,619,1325,1561,1698,1938,"{""type"":""MultiPoint"",""coordinates"":[]}"
00000000000000006439_0,3025,2159,513,902,931,1571,2625,3008,3128,3252,"{""type"":""MultiPoint"",""coordinates"":[]}"
00000000000000006441_0,1666,803,362,578,553,912,2091,2360,2348,2512,"{""type"":""MultiPoint"",""coordinates"":[]}"
00000000000000006443_0,1548,683,271,428,246,689,1803,2174,2117,2422,"{""type"":""MultiPoint"",""coordinates"":[]}"
0000000000000000644e_0,2101,1236,312,502,434,835,1772,2032,2024,2247,"{""type"":""MultiPoint"",""coordinates"":[]}"
00000000000000006456_0,1317,513,189,372,193,580,1975,2468,2617,2823,"{""type"":""MultiPoint"",""coordinates"":[]}"
00000000000000006458_0,1734,817,257,492,318,898,2245,2609,2521,2895,"{""type"":""MultiPoint"",""coordinates"":[]}"
00000000000000006463_0,1699,697,146,328,155,636,2884,3639,3600,3958,"{""type"":""MultiPoint"",""coordinates"":[]}"
0000000000000000646b_0,1543,586,167,368,173,674,2473,3120,3068,3497,"{""type"":""MultiPoint"",""coordinates"":[]}"
00000000000000006478_0,1301,522,101,298,123,553,1801,2401,2593,2700,"{""type"":""MultiPoint"",""coordinates"":[]}"
0000000000000000647a_0,1970,998,282,547,515,1099,1925,2186,2241,2515,"{""type"":""MultiPoint"",""coordinates"":[]}"
0000000000000000647c_0,1718,762,277,568,304,931,2970,3401,3437,3819,"{""type"":""MultiPoint"",""coordinates"":[]}"
00000000000000006481_0,1745,720,224,508,222,936,2699,3588,3447,3846,"{""type"":""MultiPoint"",""coordinates"":[]}"
00000000000000006485_0,2224,1040,243,491,366,998,2399,2793,2826,3198,"{""type"":""MultiPoint"",""coordinates"":[]}"
00000000000000006487_0,2520,1284,400,644,586,1133,1980,2261,2365,2620,"{""type"":""MultiPoint"",""coordinates"":[]}"
0000000000000000648d_0,1252,490,145,266,131,486,1792,2299,2340,2656,"{""type"":""MultiPoint"",""coordinates"":[]}"
0000000000000000648f_0,2061,1218,475,766,595,1155,2076,2352,2327,2577,"{""type"":""MultiPoint"",""coordinates"":[]}"
00000000000000006492_0,1291,501,238,461,258,834,2473,2892,2912,3239,"{""type"":""MultiPoint"",""coordinates"":[]}"
0000000000000000649a_0,1639,688,186,410,177,748,2479,3166,3341,3443,"{""type"":""MultiPoint"",""coordinates"":[]}"
000000000000000064a2_0,1833,804,182,417,213,757,2333,3001,3063,3500,"{""type"":""MultiPoint"",""coordinates"":[]}"
000000000000000064a3_0,1234,525,161,329,172,594,2099,2777,2803,3038,"{""type"":""MultiPoint"",""coordinates"":[]}"
000000000000000064a7_0,2511,1290,413,663,506,1095,2749,3350,3361,3657,"{""type"":""MultiPoint"",""coordinates"":[]}"
000000000000000064af_0,1409,534,192,365,182,606,2026,2617,2562,2846,"{""type"":""MultiPoint"",""coordinates"":[]}"
000000000000000064bc_0,1425,580,158,303,175,532,2039,2854,2710,3011,"{""type"":""MultiPoint"",""coordinates"":[]}"
000000000000000064c4_0,1372,571,204,343,168,611,2079,2512,2728,2972,"{""type"":""MultiPoint"",""coordinates"":[]}"
000000000000000064c9_0,2092,996,309,639,354,1110,3007,3524,3438,3797,"{""type"":""MultiPoint"",""coordinates"":[]}"
000000000000000064d1_0,1812,748,303,461,285,837,2439,3338,3384,3841,"{""type"":""MultiPoint"",""coordinates"":[]}"
000000000000000064d3_0,47,37,174,147,100,115,122,112,101,108,"{""type"":""MultiPoint"",""coordinates"":[]}"
000000000000000064d9_0,3439,2316,721,982,1166,1467,2125,2353,2541,2708,"{""type"":""MultiPoint"",""coordinates"":[]}"
000000000000000064de_0,2101,1270,339,581,543,974,1996,2274,2241,2481,"{""type"":""MultiPoint"",""coordinates"":[]}"
000000000000000064e6_0,1468,578,236,483,202,768,2306,2973,3244,3339,"{""type"":""MultiPoint"",""coordinates"":[]}"
000000000000000064e7_0,1888,812,201,457,179,785,2926,3771,3831,4118,"{""type"":""MultiPoint"",""coordinates"":[]}"
000000000000000064fb_0,1584,667,272,404,240,698,2151,2770,2734,3090,"{""type"":""MultiPoint"",""coordinates"":[]}"
00000000000000006500_0,2476,1153,558,820,447,1304,3771,4425,4363,4903,"{""type"":""MultiPoint"",""coordinates"":[]}"
00000000000000006508_0,1306,527,299,400,216,542,1988,2456,2549,2943,"{""type"":""MultiPoint"",""coordinates"":[]}"
0000000000000000651d_0,1650,763,315,411,251,690,1923,2495,2465,2838,"{""type"":""MultiPoint"",""coordinates"":[]}"
0000000000000000652a_0,1524,685,299,463,295,724,2127,2666,2919,2961,"{""type"":""MultiPoint"",""coordinates"":[]}"
0000000000000000652c_0,1378,653,198,449,281,774,2044,2436,2390,2649,"{""type"":""MultiPoint"",""coordinates"":[]}"
0000000000000000652e_0,1731,712,326,532,266,827,3234,3983,3931,4343,"{""type"":""MultiPoint"",""coordinates"":[]}"
00000000000000006532_0,1923,847,398,557,348,856,2466,3033,3135,3487,"{""type"":""MultiPoint"",""coordinates"":[]}"
00000000000000006537_0,2077,991,224,413,304,765,2010,2442,2492,2721,"{""type"":""MultiPoint"",""coordinates"":[]}"
0000000000000000653f_0,2407,1235,438,619,615,1108,1927,2135,2293,2480,"{""type"":""MultiPoint"",""coordinates"":[]}"
00000000000000006548_0,761,396,254,347,266,580,1214,1375,1464,1532,"{""type"":""MultiPoint"",""coordinates"":[]}"
00000000000000006554_0,1448,606,190,408,206,677,2092,2670,2887,2979,"{""type"":""MultiPoint"",""coordinates"":[]}"
00000000000000006559_0,1905,997,246,480,345,765,2251,2565,2700,2828,"{""type"":""MultiPoint"",""coordinates"":[]}"
00000000000000006561_0,1184,459,147,265,139,504,1880,2399,2523,2751,"{""type"":""MultiPoint"",""coordinates"":[]}"
00000000000000006570_0,2083,1148,387,640,548,1057,1900,2168,2303,2479,"{""type"":""MultiPoint"",""coordinates"":[]}"
00000000000000006583_0,1411,587,159,311,134,533,2340,3110,3072,3319,"{""type"":""MultiPoint"",""coordinates"":[]}"
0000000000000000658c_0,1397,606,256,608,310,1060,2447,2836,2921,3222,"{""type"":""MultiPoint"",""coordinates"":[]}"
00000000000000006590_0,3917,3188,756,1042,1247,1594,2074,2310,2336,2549,"{""type"":""MultiPoint"",""coordinates"":[]}"
00000000000000006598_0,1432,540,158,377,192,711,2198,2699,2828,3063,"{""type"":""MultiPoint"",""coordinates"":[]}"
000000000000000065a7_0,1355,541,168,281,145,525,2106,2600,2399,2724,"{""type"":""MultiPoint"",""coordinates"":[]}"
000000000000000065a9_0,2286,1455,642,952,803,1422,2832,3139,3448,3589,"{""type"":""MultiPoint"",""coordinates"":[]}"
000000000000000065af_0,1815,955,334,563,474,961,1859,2180,2249,2478,"{""type"":""MultiPoint"",""coordinates"":[]}"
000000000000000065b2_0,2004,990,328,780,350,1295,3298,3804,3823,4016,"{""type"":""MultiPoint"",""coordinates"":[]}"
000000000000000065ba_0,1554,633,167,324,157,580,2270,2942,2903,3238,"{""type"":""MultiPoint"",""coordinates"":[]}"
000000000000000065bc_0,1607,730,225,411,264,705,2145,2548,2531,2661,"{""type"":""MultiPoint"",""coordinates"":[]}"
000000000000000065c2_0,1628,1175,258,477,560,809,1044,1133,1129,1244,"{""type"":""MultiPoint"",""coordinates"":[]}"
000000000000000065c7_0,2969,1891,447,620,885,1263,1903,2164,2166,2502,"{""type"":""MultiPoint"",""coordinates"":[]}"
000000000000000065cf_0,1300,501,208,363,209,599,1880,2407,2522,2723,"{""type"":""MultiPoint"",""coordinates"":[]}"
000000000000000065d1_0,1448,685,382,509,343,771,1767,2150,2113,2352,"{""type"":""MultiPoint"",""coordinates"":[]}"
000000000000000065dc_0,1468,602,169,318,175,628,1943,2363,2429,2757,"{""type"":""MultiPoint"",""coordinates"":[]}"
000000000000000065e0_0,2705,1843,520,724,886,1268,1989,2221,2290,2581,"{""type"":""MultiPoint"",""coordinates"":[]}"
000000000000000065e4_0,1569,627,252,391,216,655,2327,3045,3201,3328,"{""type"":""MultiPoint"",""coordinates"":[]}"
000000000000000065e9_0,2007,1020,227,483,309,868,2549,2861,3072,3139,"{""type"":""MultiPoint"",""coordinates"":[]}"
000000000000000065f1_0,1405,605,212,347,225,604,1974,2594,2674,3013,"{""type"":""MultiPoint"",""coordinates"":[]}"
000000000000000065fe_0,3376,1959,545,827,938,1466,2093,2358,2470,2813,"{""type"":""MultiPoint"",""coordinates"":[]}"
00000000000000006606_0,1516,618,286,406,245,677,2074,2865,2752,3209,"{""type"":""MultiPoint"",""coordinates"":[]}"
00000000000000006608_0,1713,750,318,502,286,802,2459,3083,2957,3314,"{""type"":""MultiPoint"",""coordinates"":[]}"
00000000000000006613_0,1538,645,211,401,262,791,2394,2961,2935,3118,"{""type"":""MultiPoint"",""coordinates"":[]}"
00000000000000006617_0,1269,490,118,327,131,607,2303,2791,2787,3312,"{""type"":""MultiPoint"",""coordinates"":[]}"
00000000000000006620_0,1939,814,277,455,319,759,2263,2790,2775,3096,"{""type"":""MultiPoint"",""coordinates"":[]}"
0000000000000000662a_0,2006,1045,284,595,527,1103,1921,2155,2159,2504,"{""type"":""MultiPoint"",""coordinates"":[]}"
00000000000000006635_0,2514,1300,377,656,556,1184,2339,2670,2622,3024,"{""type"":""MultiPoint"",""coordinates"":[]}"
00000000000000006637_0,1763,926,219,494,377,875,1939,2268,2215,2540,"{""type"":""MultiPoint"",""coordinates"":[]}"
0000000000000000663d_0,1430,596,185,353,200,626,1867,2425,2427,2658,"{""type"":""MultiPoint"",""coordinates"":[]}"
0000000000000000663f_0,1596,654,151,381,148,608,2395,3046,2996,3316,"{""type"":""MultiPoint"",""coordinates"":[]}"
0000000000000000664a_0,1462,593,178,384,145,628,2595,3239,3514,3423,"{""type"":""MultiPoint"",""coordinates"":[]}"
0000000000000000664c_0,1703,820,314,672,399,994,2547,2957,2800,3129,"{""type"":""MultiPoint"",""coordinates"":[]}"
00000000000000006652_0,2960,2834,1097,1361,1607,1767,1755,1855,1750,1916,"{""type"":""MultiPoint"",""coordinates"":[]}"
00000000000000006657_0,2608,1497,473,807,688,1324,2601,2899,2905,3178,"{""type"":""MultiPoint"",""coordinates"":[]}"
00000000000000006659_0,2092,1088,314,563,525,1020,2228,2711,2873,3198,"{""type"":""MultiPoint"",""coordinates"":[]}"
00000000000000006679_0,1912,921,300,524,358,828,2382,2844,2726,3115,"{""type"":""MultiPoint"",""coordinates"":[]}"
0000000000000000668a_0,2328,1367,467,642,672,1094,2053,2563,2688,2974,"{""type"":""MultiPoint"",""coordinates"":[]}"
0000000000000000668e_0,1525,620,206,428,219,811,2164,2589,2656,2852,"{""type"":""MultiPoint"",""coordinates"":[]}"
00000000000000006690_0,2127,1071,359,615,495,1049,1977,2239,2333,2499,"{""type"":""MultiPoint"",""coordinates"":[]}"
00000000000000006696_0,1565,674,215,366,183,596,2148,2969,3060,3339,"{""type"":""MultiPoint"",""coordinates"":[]}"
0000000000000000669b_0,1879,885,305,669,376,1155,3023,3579,3577,3804,"{""type"":""MultiPoint"",""coordinates"":[]}"
000000000000000066a3_0,1292,531,156,330,152,562,1948,2566,2525,2807,"{""type"":""MultiPoint"",""coordinates"":[]}"
000000000000000066b8_0,2747,1462,404,713,577,1253,2545,2932,2910,3263,"{""type"":""MultiPoint"",""coordinates"":[]}"
000000000000000066c5_0,2585,1395,392,745,609,1280,2805,3321,3331,3661,"{""type"":""MultiPoint"",""coordinates"":[]}"
000000000000000066d2_0,3258,2560,685,1111,1427,1897,2511,2844,2844,2970,"{""type"":""MultiPoint"",""coordinates"":[]}"
000000000000000066da_0,2657,1698,458,758,841,1322,1844,2129,2217,2394,"{""type"":""MultiPoint"",""coordinates"":[]}"
000000000000000066e7_0,2652,1675,412,585,722,1017,1482,1762,1806,2001,"{""type"":""MultiPoint"",""coordinates"":[]}"
000000000000000066f1_0,1474,683,290,519,289,760,1938,2285,2303,2408,"{""type"":""MultiPoint"",""coordinates"":[]}"
000000000000000066fe_0,1893,983,297,509,398,892,1808,2079,2124,2368,"{""type"":""MultiPoint"",""coordinates"":[]}"
00000000000000006705_0,1373,577,173,360,206,724,2112,2559,2552,2920,"{""type"":""MultiPoint"",""coordinates"":[]}"
00000000000000006709_0,2084,998,310,499,326,895,2452,3017,2847,3198,"{""type"":""MultiPoint"",""coordinates"":[]}"
00000000000000006711_0,1804,778,248,528,317,960,2746,3287,3322,3659,"{""type"":""MultiPoint"",""coordinates"":[]}"
00000000000000006713_0,1412,634,287,601,320,898,2298,2669,2743,2899,"{""type"":""MultiPoint"",""coordinates"":[]}"
00000000000000006722_0,3406,2168,650,969,977,1552,2244,2435,2485,2817,"{""type"":""MultiPoint"",""coordinates"":[]}"
00000000000000006726_0,2024,906,346,524,310,802,2382,3272,3177,3610,"{""type"":""MultiPoint"",""coordinates"":[]}"
00000000000000006728_0,1909,1114,397,687,591,1116,1993,2341,2300,2488,"{""type"":""MultiPoint"",""coordinates"":[]}"
00000000000000006733_0,1449,582,175,288,135,527,2083,2661,2585,2943,"{""type"":""MultiPoint"",""coordinates"":[]}"
00000000000000006735_0,1628,703,290,563,311,931,2294,2755,2669,2993,"{""type"":""MultiPoint"",""coordinates"":[]}"
0000000000000000673b_0,2133,1693,446,756,860,1073,1442,1575,1791,1730,"{""type"":""MultiPoint"",""coordinates"":[]}"
00000000000000006740_0,3205,2366,600,908,1032,1548,2532,2844,2983,3148,"{""type"":""MultiPoint"",""coordinates"":[]}"
00000000000000006744_0,1455,657,168,364,185,693,2204,2963,2582,3061,"{""type"":""MultiPoint"",""coordinates"":[]}"
00000000000000006748_0,1203,464,194,356,192,572,1861,2356,2472,2653,"{""type"":""MultiPoint"",""coordinates"":[]}"
0000000000000000674a_0,1669,783,231,452,334,919,2032,2377,2397,2723,"{""type"":""MultiPoint"",""coordinates"":[]}"
00000000000000006755_0,1401,539,122,335,174,688,1977,2648,2757,3005,"{""type"":""MultiPoint"",""coordinates"":[]}"
00000000000000006757_0,1203,614,292,456,387,814,1658,1915,1768,2076,"{""type"":""MultiPoint"",""coordinates"":[]}"
0000000000000000676a_0,1524,617,211,390,189,652,2090,2845,2824,3041,"{""type"":""MultiPoint"",""coordinates"":[]}"
0000000000000000676c_0,1801,763,274,609,271,991,2888,3446,3416,3787,"{""type"":""MultiPoint"",""coordinates"":[]}"
00000000000000006777_0,1684,696,157,397,192,697,2176,2508,2679,2930,"{""type"":""MultiPoint"",""coordinates"":[]}"
0000000000000000677f_0,2281,1117,385,666,419,1068,2908,3704,3674,4017,"{""type"":""MultiPoint"",""coordinates"":[]}"
00000000000000006781_0,1942,1101,347,620,436,999,2298,2770,2777,3023,"{""type"":""MultiPoint"",""coordinates"":[]}"
0000000000000000678c_0,1902,833,207,443,239,815,2560,3109,3105,3439,"{""type"":""MultiPoint"",""coordinates"":[]}"
0000000000000000678e_0,2227,1305,397,729,583,1326,2388,2615,2590,2844,"{""type"":""MultiPoint"",""coordinates"":[]}"
00000000000000006794_0,1189,560,213,360,270,667,1799,2080,2167,2339,"{""type"":""MultiPoint"",""coordinates"":[]}"
000000000000000067a1_0,2222,1169,345,569,468,1064,2091,2448,2548,2797,"{""type"":""MultiPoint"",""coordinates"":[]}"
000000000000000067a3_0,2109,1374,461,717,554,1097,2464,2894,2818,3032,"{""type"":""MultiPoint"",""coordinates"":[]}"
000000000000000067b8_0,1895,830,356,541,318,816,2396,2992,3118,3368,"{""type"":""MultiPoint"",""coordinates"":[]}"
000000000000000067c5_0,1632,866,264,459,480,955,1610,1874,2029,2154,"{""type"":""MultiPoint"",""coordinates"":[]}"
000000000000000067d0_0,3201,2200,520,795,990,1422,2125,2348,2405,2691,"{""type"":""MultiPoint"",""coordinates"":[]}"
000000000000000067d8_0,1472,585,197,367,218,680,2114,2604,2574,3080,"{""type"":""MultiPoint"",""coordinates"":[]}"
000000000000000067da_0,1230,770,324,551,331,750,1732,1969,1899,2061,"{""type"":""MultiPoint"",""coordinates"":[]}"
000000000000000067e5_0,1394,577,201,364,171,708,2219,2666,2759,3201,"{""type"":""MultiPoint"",""coordinates"":[]}"
000000000000000067e7_0,1841,1007,280,481,415,872,1909,2302,2334,2547,"{""type"":""MultiPoint"",""coordinates"":[]}"
000000000000000067ed_0,1775,747,274,498,249,761,2978,3632,3594,3921,"{""type"":""MultiPoint"",""coordinates"":[]}"
000000000000000067ee_0,2387,1310,450,872,720,1364,2255,2538,2530,2840,"{""type"":""MultiPoint"",""coordinates"":[]}"
000000000000000067f2_0,1703,845,270,438,341,702,2095,2511,2432,2680,"{""type"":""MultiPoint"",""coordinates"":[]}"
000000000000000067fa_0,1359,563,217,361,180,666,1987,2732,2640,2914,"{""type"":""MultiPoint"",""coordinates"":[]}"
000000000000000067fc_0,1648,786,393,638,384,1016,2441,2882,2801,3152,"{""type"":""MultiPoint"",""coordinates"":[]}"
00000000000000006807_0,2827,1624,409,725,778,1288,2119,2342,2200,2515,"{""type"":""MultiPoint"",""coordinates"":[]}"
00000000000000006809_0,1798,854,235,460,323,820,1889,2127,2229,2509,"{""type"":""MultiPoint"",""coordinates"":[]}"
0000000000000000680f_0,1439,549,94,229,126,416,1838,2529,2449,2802,"{""type"":""MultiPoint"",""coordinates"":[]}"
00000000000000006811_0,1588,715,170,440,235,795,2152,2552,2641,2861,"{""type"":""MultiPoint"",""coordinates"":[]}"
0000000000000000681c_0,3845,2455,546,766,1039,1380,1661,1834,1960,2215,"{""type"":""MultiPoint"",""coordinates"":[]}"
00000000000000006829_0,1756,827,271,478,285,801,2370,2891,2943,3144,"{""type"":""MultiPoint"",""coordinates"":[]}"
00000000000000006831_0,1155,484,177,299,146,523,1897,2515,2492,2769,"{""type"":""MultiPoint"",""coordinates"":[]}"
00000000000000006833_0,1722,844,251,505,383,941,2074,2432,2500,2658,"{""type"":""MultiPoint"",""coordinates"":[]}"
0000000000000000683e_0,2934,1888,388,658,669,1160,2067,2481,2355,2713,"{""type"":""MultiPoint"",""coordinates"":[]}"
00000000000000006840_0,2297,1546,452,667,765,1205,1888,2112,2224,2471,"{""type"":""MultiPoint"",""coordinates"":[]}"
00000000000000006853_0,1302,510,132,237,119,500,1832,2581,2595,2887,"{""type"":""MultiPoint"",""coordinates"":[]}"
00000000000000006855_0,1714,908,298,505,553,1034,1740,1957,1981,2247,"{""type"":""MultiPoint"",""coordinates"":[]}"
00000000000000006860_0,1878,873,272,632,345,1048,2871,3381,3362,3656,"{""type"":""MultiPoint"",""coordinates"":[]}"
00000000000000006862_0,1745,766,392,563,345,797,2161,2530,2617,2862,"{""type"":""MultiPoint"",""coordinates"":[]}"
00000000000000006868_0,2222,1043,329,569,350,962,2739,3530,3581,3780,"{""type"":""MultiPoint"",""coordinates"":[]}"
0000000000000000686a_0,1615,741,72,367,202,748,2105,2606,2611,2864,"{""type"":""MultiPoint"",""coordinates"":[]}"
00000000000000006875_0,2848,1578,369,670,624,1242,2552,2884,2886,3175,"{""type"":""MultiPoint"",""coordinates"":[]}"
00000000000000006877_0,2492,1448,417,696,617,1230,2271,2657,2730,2988,"{""type"":""MultiPoint"",""coordinates"":[]}"
00000000000000006882_0,2289,1421,485,738,651,1175,2370,2741,2750,2960,"{""type"":""MultiPoint"",""coordinates"":[]}"
0000000000000000688a_0,1253,493,133,305,145,539,1831,2368,2305,2717,"{""type"":""MultiPoint"",""coordinates"":[]}"
00000000000000006897_0,1907,1049,320,464,463,790,1196,1367,1479,1660,"{""type"":""MultiPoint"",""coordinates"":[]}"
0000000000000000689f_0,1385,601,265,383,238,624,2027,2726,3006,3135,"{""type"":""MultiPoint"",""coordinates"":[]}"
000000000000000068a1_0,1898,911,291,556,341,926,2436,2962,2867,3152,"{""type"":""MultiPoint"",""coordinates"":[]}"
000000000000000068ac_0,1598,713,152,329,165,644,2282,3015,2869,3272,"{""type"":""MultiPoint"",""coordinates"":[]}"
000000000000000068c1_0,1447,560,212,404,217,661,2272,2920,2933,3194,"{""type"":""MultiPoint"",""coordinates"":[]}"
000000000000000068c3_0,1582,695,276,450,263,753,2035,2417,2491,2726,"{""type"":""MultiPoint"",""coordinates"":[]}"
000000000000000068ce_0,1506,616,197,360,196,680,2145,2888,2971,3178,"{""type"":""MultiPoint"",""coordinates"":[]}"
000000000000000068e3_0,1669,767,280,413,294,724,2008,2539,2789,2915,"{""type"":""MultiPoint"",""coordinates"":[]}"
000000000000000068e5_0,1339,604,290,496,317,809,1974,2310,2278,2558,"{""type"":""MultiPoint"",""coordinates"":[]}"
000000000000000068f2_0,2425,1334,543,806,815,1273,2229,2497,2430,2817,"{""type"":""MultiPoint"",""coordinates"":[]}"
000000000000000068f8_0,1552,657,188,354,190,622,1965,2733,2921,2925,"{""type"":""MultiPoint"",""coordinates"":[]}"
0000000000000000691a_0,1438,557,160,329,166,537,1968,2230,2398,2603,"{""type"":""MultiPoint"",""coordinates"":[]}"
0000000000000000691c_0,1842,978,267,455,451,835,1663,1910,2093,2303,"{""type"":""MultiPoint"",""coordinates"":[]}"
00000000000000006929_0,2859,2116,465,774,1129,1547,1967,2186,2280,2461,"{""type"":""MultiPoint"",""coordinates"":[]}"
0000000000000000692f_0,1898,812,241,389,217,659,2405,3187,3335,3619,"{""type"":""MultiPoint"",""coordinates"":[]}"
0000000000000000693c_0,1184,483,225,273,140,410,1773,2166,1977,2548,"{""type"":""MultiPoint"",""coordinates"":[]}"
00000000000000006949_0,3024,2175,598,857,980,1450,1915,2182,2176,2379,"{""type"":""MultiPoint"",""coordinates"":[]}"
0000000000000000694b_0,1941,986,343,572,443,1002,2111,2519,2597,2850,"{""type"":""MultiPoint"",""coordinates"":[]}"
00000000000000006951_0,1421,561,214,343,178,605,2009,2742,2783,3176,"{""type"":""MultiPoint"",""coordinates"":[]}"
00000000000000006953_0,1605,717,203,407,242,696,1734,2070,2043,2327,"{""type"":""MultiPoint"",""coordinates"":[]}"
0000000000000000695e_0,1379,559,167,306,161,538,1905,2327,2440,2655,"{""type"":""MultiPoint"",""coordinates"":[]}"
00000000000000006960_0,189,110,107,203,207,423,394,448,421,380,"{""type"":""MultiPoint"",""coordinates"":[]}"
00000000000000006966_0,992,416,168,272,156,500,1594,1841,2082,2166,"{""type"":""MultiPoint"",""coordinates"":[]}"
0000000000000000696b_0,3604,2577,525,917,1224,1657,2305,2594,2488,2655,"{""type"":""MultiPoint"",""coordinates"":[]}"
00000000000000006975_0,1149,573,200,278,193,484,1291,1565,1601,1736,"{""type"":""MultiPoint"",""coordinates"":[]}"
00000000000000006982_0,1637,774,301,540,314,927,2243,2640,2669,2933,"{""type"":""MultiPoint"",""coordinates"":[]}"
00000000000000006988_0,1335,615,267,395,266,607,1912,2353,2444,2784,"{""type"":""MultiPoint"",""coordinates"":[]}"
00000000000000006995_0,1671,643,272,444,218,722,2838,3393,3621,3869,"{""type"":""MultiPoint"",""coordinates"":[]}"
00000000000000006997_0,1481,651,251,480,292,794,1873,2178,2310,2558,"{""type"":""MultiPoint"",""coordinates"":[]}"
0000000000000000699d_0,3176,3262,1387,1686,1906,2114,2151,2257,2215,2400,"{""type"":""MultiPoint"",""coordinates"":[]}"
000000000000000069a2_0,2250,1219,256,394,432,874,1452,1701,1784,1981,"{""type"":""MultiPoint"",""coordinates"":[]}"
000000000000000069a4_0,2057,874,382,585,319,918,2824,3408,3360,3818,"{""type"":""MultiPoint"",""coordinates"":[]}"
000000000000000069aa_0,1294,519,166,285,156,496,1728,2098,2025,2492,"{""type"":""MultiPoint"",""coordinates"":[]}"
000000000000000069ac_0,1434,674,225,334,229,565,1434,1789,1773,1986,"{""type"":""MultiPoint"",""coordinates"":[]}"
000000000000000069b7_0,2733,1643,305,497,630,996,1649,1919,1974,2129,"{""type"":""MultiPoint"",""coordinates"":[]}"
000000000000000069ce_0,1402,635,236,385,233,669,1747,2005,2089,2319,"{""type"":""MultiPoint"",""coordinates"":[]}"
000000000000000069d5_0,1788,893,254,428,435,844,1564,1825,2006,2172,"{""type"":""MultiPoint"",""coordinates"":[]}"
000000000000000069d9_0,2229,1172,379,674,568,1124,2286,2670,2795,2987,"{""type"":""MultiPoint"",""coordinates"":[]}"
000000000000000069e1_0,1746,766,253,517,255,867,3073,4096,3651,4031,"{""type"":""MultiPoint"",""coordinates"":[]}"
000000000000000069e3_0,1745,966,278,475,395,792,1652,1928,1979,2250,"{""type"":""MultiPoint"",""coordinates"":[]}"
000000000000000069ee_0,2470,1530,360,667,577,1111,2786,3281,3244,3405,"{""type"":""MultiPoint"",""coordinates"":[]}"
000000000000000069fb_0,3495,2683,831,1274,1470,2067,2886,3351,3337,3540,"{""type"":""MultiPoint"",""coordinates"":[]}"
00000000000000006a03_0,1436,591,187,391,213,707,2128,2725,2708,3017,"{""type"":""MultiPoint"",""coordinates"":[]}"
00000000000000006a10_0,2259,1311,263,445,374,750,1480,1672,1740,1947,"{""type"":""MultiPoint"",""coordinates"":[]}"
00000000000000006a18_0,1527,699,221,421,265,759,2060,2616,2842,3026,"{""type"":""MultiPoint"",""coordinates"":[]}"
00000000000000006a1d_0,2697,1453,389,760,618,1276,2676,3055,3154,3340,"{""type"":""MultiPoint"",""coordinates"":[]}"
00000000000000006a25_0,1325,547,220,390,227,699,1888,2388,2414,2520,"{""type"":""MultiPoint"",""coordinates"":[]}"
00000000000000006a32_0,3218,2265,457,799,938,1470,2055,2340,2461,2675,"{""type"":""MultiPoint"",""coordinates"":[]}"
00000000000000006a3a_0,1283,515,187,365,185,592,1865,2555,2646,2963,"{""type"":""MultiPoint"",""coordinates"":[]}"
00000000000000006a47_0,1380,584,163,322,159,675,2049,2726,2710,3039,"{""type"":""MultiPoint"",""coordinates"":[]}"
00000000000000006a49_0,1916,891,259,513,323,894,2347,2769,2841,3140,"{""type"":""MultiPoint"",""coordinates"":[]}"
00000000000000006a5e_0,1099,537,225,417,263,767,1932,2238,2181,2363,"{""type"":""MultiPoint"",""coordinates"":[]}"
00000000000000006a6b_0,1795,817,230,486,285,857,2279,2691,2761,3002,"{""type"":""MultiPoint"",""coordinates"":[]}"
00000000000000006a7e_0,3659,2738,597,850,1162,1549,2034,2270,2296,2455,"{""type"":""MultiPoint"",""coordinates"":[]}"
00000000000000006a80_0,1413,622,191,367,225,621,1790,2046,2041,2405,"{""type"":""MultiPoint"",""coordinates"":[]}"
00000000000000006a8b_0,2249,1234,365,604,456,964,2461,2901,2911,3052,"{""type"":""MultiPoint"",""coordinates"":[]}"
00000000000000006aa0_0,2145,1059,344,676,519,1204,2623,3039,3108,3309,"{""type"":""MultiPoint"",""coordinates"":[]}"
00000000000000006aa2_0,1532,720,300,562,339,853,2498,3101,3027,3264,"{""type"":""MultiPoint"",""coordinates"":[]}"
00000000000000006aa8_0,1411,595,287,466,277,756,2050,2536,2516,2816,"{""type"":""MultiPoint"",""coordinates"":[]}"
00000000000000006aad_0,2121,986,412,832,387,1223,3424,3931,4123,4224,"{""type"":""MultiPoint"",""coordinates"":[]}"
00000000000000006ab1_0,1671,880,246,418,398,808,1702,2064,2138,2497,"{""type"":""MultiPoint"",""coordinates"":[]}"
00000000000000006ab5_0,1426,608,242,400,227,680,2154,2797,2932,3125,"{""type"":""MultiPoint"",""coordinates"":[]}"
00000000000000006abe_0,1629,680,320,540,337,890,2321,2791,2913,3091,"{""type"":""MultiPoint"",""coordinates"":[]}"
00000000000000006ac2_0,3115,1705,403,804,787,1428,2381,2689,2756,2933,"{""type"":""MultiPoint"",""coordinates"":[]}"
00000000000000006ac4_0,1998,986,381,656,444,1046,2401,2715,2726,3059,"{""type"":""MultiPoint"",""coordinates"":[]}"
00000000000000006aca_0,1347,502,138,319,154,542,2200,2897,2937,3235,"{""type"":""MultiPoint"",""coordinates"":[]}"
00000000000000006acc_0,1698,955,255,416,392,817,1444,1661,1761,1957,"{""type"":""MultiPoint"",""coordinates"":[]}"
00000000000000006ad9_0,116,56,99,140,98,247,217,239,198,210,"{""type"":""MultiPoint"",""coordinates"":[]}"
00000000000000006ae4_0,2242,1218,332,540,438,935,2542,2943,2994,3158,"{""type"":""MultiPoint"",""coordinates"":[]}"
00000000000000006aee_0,194,111,185,321,214,417,420,450,395,398,"{""type"":""MultiPoint"",""coordinates"":[]}"
00000000000000006af9_0,1231,505,89,312,128,654,1919,2340,2459,2644,"{""type"":""MultiPoint"",""coordinates"":[]}"
00000000000000006b01_0,1405,572,214,396,203,646,2430,2746,2964,3122,"{""type"":""MultiPoint"",""coordinates"":[]}"
00000000000000006b03_0,1855,1044,337,630,478,1069,2550,2936,2905,3156,"{""type"":""MultiPoint"",""coordinates"":[]}"
00000000000000006b1b_0,1581,720,236,405,293,686,2155,2641,2975,2991,"{""type"":""MultiPoint"",""coordinates"":[]}"
00000000000000006b1d_0,1835,781,207,445,245,800,2152,2852,2865,3061,"{""type"":""MultiPoint"",""coordinates"":[]}"
00000000000000006b23_0,1394,554,214,378,187,582,2139,2696,2917,3091,"{""type"":""MultiPoint"",""coordinates"":[]}"
00000000000000006b25_0,1788,850,337,564,369,927,2388,2819,2837,3023,"{""type"":""MultiPoint"",""coordinates"":[]}"
00000000000000006b30_0,1204,475,144,301,138,606,1971,2527,2602,2831,"{""type"":""MultiPoint"",""coordinates"":[]}"
00000000000000006b45_0,1520,646,206,380,191,660,2179,2771,2828,2990,"{""type"":""MultiPoint"",""coordinates"":[]}"
00000000000000006b47_0,1474,657,238,374,229,594,1564,1872,1942,2128,"{""type"":""MultiPoint"",""coordinates"":[]}"
00000000000000006b52_0,3004,1828,374,664,867,1332,1871,2112,2094,2422,"{""type"":""MultiPoint"",""coordinates"":[]}"
00000000000000006b5a_0,1376,547,172,326,146,501,2225,2789,3076,3001,"{""type"":""MultiPoint"",""coordinates"":[]}"
00000000000000006b5c_0,2645,1621,410,688,865,1382,2213,2522,2579,2810,"{""type"":""MultiPoint"",""coordinates"":[]}"
00000000000000006b67_0,1452,598,196,323,188,631,1901,2265,2361,2550,"{""type"":""MultiPoint"",""coordinates"":[]}"
00000000000000006b69_0,1635,792,301,500,350,829,1904,2340,2433,2634,"{""type"":""MultiPoint"",""coordinates"":[]}"
00000000000000006b6f_0,2865,2226,499,816,973,1285,1660,1846,1942,2015,"{""type"":""MultiPoint"",""coordinates"":[]}"
00000000000000006b74_0,1905,749,297,486,282,835,2600,3306,3156,3664,"{""type"":""MultiPoint"",""coordinates"":[]}"
00000000000000006b7c_0,2478,1324,406,759,586,1317,2905,3383,3583,3691,"{""type"":""MultiPoint"",""coordinates"":[]}"
00000000000000006b7e_0,1813,1076,354,491,404,795,1453,1615,1787,1897,"{""type"":""MultiPoint"",""coordinates"":[]}"
00000000000000006b8b_0,2815,2023,519,796,1138,1504,1903,1979,2129,2223,"{""type"":""MultiPoint"",""coordinates"":[]}"
00000000000000006b91_0,1378,520,142,312,164,619,1945,2720,2561,2907,"{""type"":""MultiPoint"",""coordinates"":[]}"
00000000000000006b93_0,2553,1784,506,724,718,1116,1643,1891,1841,2087,"{""type"":""MultiPoint"",""coordinates"":[]}"
00000000000000006bab_0,2028,857,263,511,234,832,3070,3981,3815,4293,"{""type"":""MultiPoint"",""coordinates"":[]}"
00000000000000006bb3_0,2244,1186,343,580,615,1059,1619,1853,1915,2170,"{""type"":""MultiPoint"",""coordinates"":[]}"
00000000000000006bb5_0,2482,1573,436,663,795,1297,2013,2264,2376,2546,"{""type"":""MultiPoint"",""coordinates"":[]}"
00000000000000006bbc_0,1873,934,299,531,466,999,2101,2468,2515,2868,"{""type"":""MultiPoint"",""coordinates"":[]}"
00000000000000006bc0_0,1453,601,157,398,220,762,2031,2530,2756,2934,"{""type"":""MultiPoint"",""coordinates"":[]}"
00000000000000006bc2_0,1592,814,214,414,419,793,1440,1634,1751,1924,"{""type"":""MultiPoint"",""coordinates"":[]}"
00000000000000006be2_0,2994,1713,484,799,874,1435,2403,2698,2645,2949,"{""type"":""MultiPoint"",""coordinates"":[]}"
00000000000000006be4_0,1637,911,280,479,410,875,1738,2009,2114,2276,"{""type"":""MultiPoint"",""coordinates"":[]}"
00000000000000006bec_0,2227,1364,339,637,684,1202,2120,2385,2405,2639,"{""type"":""MultiPoint"",""coordinates"":[]}"
00000000000000006bf3_0,2470,1516,282,629,846,1260,1790,2052,2130,2362,"{""type"":""MultiPoint"",""coordinates"":[]}"
00000000000000006bf7_0,2778,1744,381,582,769,1116,1550,1797,2041,2135,"{""type"":""MultiPoint"",""coordinates"":[]}"
00000000000000006c04_0,2256,1279,510,680,633,993,1882,2213,2285,2391,"{""type"":""MultiPoint"",""coordinates"":[]}"
00000000000000006c06_0,2118,1086,278,514,484,938,1823,2058,2233,2508,"{""type"":""MultiPoint"",""coordinates"":[]}"
00000000000000006c0c_0,1312,523,153,352,181,601,2172,3077,3181,3320,"{""type"":""MultiPoint"",""coordinates"":[]}"
00000000000000006c19_0,2061,785,295,481,258,859,3951,5020,5081,5304,"{""type"":""MultiPoint"",""coordinates"":[]}"
00000000000000006c1b_0,1781,1026,424,617,484,931,1962,2349,2346,2595,"{""type"":""MultiPoint"",""coordinates"":[]}"
00000000000000006c21_0,552,217,4,88,59,284,920,1325,1046,1256,"{""type"":""MultiPoint"",""coordinates"":[]}"
00000000000000006c30_0,1477,675,219,353,272,673,1624,1923,1906,2125,"{""type"":""MultiPoint"",""coordinates"":[]}"
00000000000000006c3b_0,2131,1125,313,578,538,1036,2008,2292,2397,2539,"{""type"":""MultiPoint"",""coordinates"":[]}"
00000000000000006c3d_0,2391,1407,354,615,609,1073,1883,2141,2217,2459,"{""type"":""MultiPoint"",""coordinates"":[]}"
00000000000000006c45_0,1503,808,249,419,436,810,1459,1579,1632,1794,"{""type"":""MultiPoint"",""coordinates"":[]}"
00000000000000006c4a_0,4161,3057,1032,1451,1699,2171,2790,3096,3169,3469,"{""type"":""MultiPoint"",""coordinates"":[]}"
00000000000000006c50_0,1362,542,139,289,165,536,1831,2346,2230,2431,"{""type"":""MultiPoint"",""coordinates"":[]}"
00000000000000006c58_0,2815,1948,501,927,1070,1517,2312,2650,2737,2876,"{""type"":""MultiPoint"",""coordinates"":[]}"
00000000000000006c5d_0,2198,1224,288,454,398,830,2006,2412,2285,2547,"{""type"":""MultiPoint"",""coordinates"":[]}"
00000000000000006c65_0,1790,731,299,569,289,988,2965,3538,3563,3979,"{""type"":""MultiPoint"",""coordinates"":[]}"
00000000000000006c67_0,3171,2471,928,1132,1279,1689,2231,2475,2642,2735,"{""type"":""MultiPoint"",""coordinates"":[]}"
00000000000000006c72_0,1152,491,112,389,234,781,1844,2244,2075,2302,"{""type"":""MultiPoint"",""coordinates"":[]}"
00000000000000006c83_0,2612,1407,739,1113,987,1720,3121,3595,3713,3856,"{""type"":""MultiPoint"",""coordinates"":[]}"
00000000000000006c87_0,1446,566,195,356,209,670,1763,2115,2084,2429,"{""type"":""MultiPoint"",""coordinates"":[]}"
00000000000000006c94_0,1935,711,263,491,274,987,4414,5578,5600,5908,"{""type"":""MultiPoint"",""coordinates"":[]}"
00000000000000006c96_0,2432,1306,474,968,556,1369,3394,3827,3956,4194,"{""type"":""MultiPoint"",""coordinates"":[]}"
00000000000000006c9c_0,955,407,172,341,183,546,1766,2192,2349,2406,"{""type"":""MultiPoint"",""coordinates"":[]}"
00000000000000006c9e_0,1804,968,293,442,401,740,1633,1983,2032,2206,"{""type"":""MultiPoint"",""coordinates"":[]}"
00000000000000006ca9_0,1541,589,172,360,177,675,2468,3174,3273,3515,"{""type"":""MultiPoint"",""coordinates"":[]}"
00000000000000006cb6_0,1708,786,201,446,333,865,2474,3070,3048,3439,"{""type"":""MultiPoint"",""coordinates"":[]}"
00000000000000006cbe_0,3027,1798,430,665,757,1193,1997,2379,2414,2690,"{""type"":""MultiPoint"",""coordinates"":[]}"
00000000000000006cc0_0,2682,1761,479,663,786,1102,1441,1624,1672,1895,"{""type"":""MultiPoint"",""coordinates"":[]}"
00000000000000006ccb_0,1675,736,215,429,262,758,2071,2449,2563,2784,"{""type"":""MultiPoint"",""coordinates"":[]}"
00000000000000006ccd_0,1466,623,339,487,308,768,1955,2386,2455,2609,"{""type"":""MultiPoint"",""coordinates"":[]}"
00000000000000006cd3_0,1352,545,198,338,189,576,1904,2405,2480,2819,"{""type"":""MultiPoint"",""coordinates"":[]}"
00000000000000006cd5_0,3341,2385,706,1017,1149,1438,2381,2683,2677,2813,"{""type"":""MultiPoint"",""coordinates"":[]}"
00000000000000006ce0_0,1465,608,132,324,168,573,1971,2345,2655,2693,"{""type"":""MultiPoint"",""coordinates"":[]}"
00000000000000006ce2_0,2252,1281,398,632,602,1154,2200,2647,2814,2974,"{""type"":""MultiPoint"",""coordinates"":[]}"
00000000000000006ced_0,2266,1052,349,618,351,1013,3119,3608,3593,3997,"{""type"":""MultiPoint"",""coordinates"":[]}"
00000000000000006cf7_0,1883,980,271,423,341,765,1691,1969,1964,2195,"{""type"":""MultiPoint"",""coordinates"":[]}"
00000000000000006d02_0,2214,1194,322,635,634,1176,1885,2144,2176,2414,"{""type"":""MultiPoint"",""coordinates"":[]}"
00000000000000006d04_0,2070,1349,483,661,743,1086,1540,1701,1785,1992,"{""type"":""MultiPoint"",""coordinates"":[]}"
00000000000000006d0c_0,2411,1464,537,853,742,1379,2516,2767,2824,3014,"{""type"":""MultiPoint"",""coordinates"":[]}"
00000000000000006d17_0,4072,2793,627,922,1230,1674,2148,2414,2542,2785,"{""type"":""MultiPoint"",""coordinates"":[]}"
00000000000000006d19_0,1605,780,209,397,276,705,1735,2062,1998,2226,"{""type"":""MultiPoint"",""coordinates"":[]}"
00000000000000006d20_0,2056,1248,361,523,492,857,1364,1596,1571,1824,"{""type"":""MultiPoint"",""coordinates"":[]}"
00000000000000006d26_0,1736,873,257,522,399,856,1852,2087,2224,2485,"{""type"":""MultiPoint"",""coordinates"":[]}"
00000000000000006d2e_0,1608,762,210,396,269,679,1806,2190,2312,2482,"{""type"":""MultiPoint"",""coordinates"":[]}"
00000000000000006d35_0,1718,984,301,492,424,780,1622,1939,2008,2171,"{""type"":""MultiPoint"",""coordinates"":[]}"
00000000000000006d39_0,2533,1526,333,544,712,1201,1843,2184,2251,2480,"{""type"":""MultiPoint"",""coordinates"":[]}"
00000000000000006d3b_0,1596,869,282,460,368,811,1706,2067,2036,2294,"{""type"":""MultiPoint"",""coordinates"":[]}"
00000000000000006d41_0,3722,3405,833,1302,1662,1774,1885,2103,2179,2223,"{""type"":""MultiPoint"",""coordinates"":[]}"
00000000000000006d46_0,1981,1271,467,596,626,865,1366,1421,1415,1646,"{""type"":""MultiPoint"",""coordinates"":[]}"
00000000000000006d4e_0,2463,1423,409,605,659,1123,1726,2025,2107,2306,"{""type"":""MultiPoint"",""coordinates"":[]}"
00000000000000006d50_0,2602,1969,563,725,862,1194,1749,2027,2143,2245,"{""type"":""MultiPoint"",""coordinates"":[]}"
00000000000000006d5b_0,3316,1927,528,817,854,1455,2684,2987,3103,3313,"{""type"":""MultiPoint"",""coordinates"":[]}"
00000000000000006d63_0,1491,618,291,424,232,680,2140,2633,2529,2844,"{""type"":""MultiPoint"",""coordinates"":[]}"
00000000000000006d65_0,2172,1305,367,538,629,1066,1663,1962,1956,2283,"{""type"":""MultiPoint"",""coordinates"":[]}"
00000000000000006d6c_0,2148,1252,338,647,552,1083,2196,2428,2690,2717,"{""type"":""MultiPoint"",""coordinates"":[]}"
00000000000000006d70_0,2806,1785,365,541,785,1082,1418,1680,1818,2055,"{""type"":""MultiPoint"",""coordinates"":[]}"
00000000000000006d72_0,1798,1112,354,540,520,829,1557,1735,1857,1916,"{""type"":""MultiPoint"",""coordinates"":[]}"
00000000000000006d7d_0,1748,807,196,387,277,704,1825,2164,2273,2438,"{""type"":""MultiPoint"",""coordinates"":[]}"
00000000000000006d7f_0,2521,1683,371,682,787,1231,2234,2662,2587,2816,"{""type"":""MultiPoint"",""coordinates"":[]}"
00000000000000006d87_0,1775,909,312,468,337,724,1736,2004,1990,2244,"{""type"":""MultiPoint"",""coordinates"":[]}"
00000000000000006d92_0,2533,1391,383,647,717,1219,1968,2262,2311,2597,"{""type"":""MultiPoint"",""coordinates"":[]}"
00000000000000006d9a_0,2921,1544,485,892,759,1495,3112,3390,3542,3828,"{""type"":""MultiPoint"",""coordinates"":[]}"
00000000000000006da7_0,1314,525,140,360,190,667,2114,2497,2888,2840,"{""type"":""MultiPoint"",""coordinates"":[]}"
00000000000000006da9_0,1432,608,169,341,205,610,1870,2182,2238,2463,"{""type"":""MultiPoint"",""coordinates"":[]}"
00000000000000006db0_0,1165,614,265,417,324,692,1395,1621,1645,1782,"{""type"":""MultiPoint"",""coordinates"":[]}"
00000000000000006db6_0,1596,696,254,442,282,755,1986,2498,2502,2792,"{""type"":""MultiPoint"",""coordinates"":[]}"
00000000000000006dbc_0,1912,997,301,512,478,920,1660,1902,2014,2206,"{""type"":""MultiPoint"",""coordinates"":[]}"
00000000000000006dbe_0,2258,1260,410,645,588,1109,2122,2422,2535,2723,"{""type"":""MultiPoint"",""coordinates"":[]}"
00000000000000006dc3_0,2156,1602,404,636,854,1042,1217,1338,1618,1539,"{""type"":""MultiPoint"",""coordinates"":[]}"
00000000000000006dc5_0,2139,1225,350,679,611,1158,1984,2285,2360,2532,"{""type"":""MultiPoint"",""coordinates"":[]}"
00000000000000006dcb_0,5154,4624,1286,1814,2424,2800,3030,3259,3202,3413,"{""type"":""MultiPoint"",""coordinates"":[]}"
00000000000000006dd1_0,3266,3397,1423,1880,2299,2463,2436,2485,2486,2486,"{""type"":""MultiPoint"",""coordinates"":[]}"
00000000000000006dd6_0,2235,1179,309,572,382,965,2604,3152,3135,3337,"{""type"":""MultiPoint"",""coordinates"":[]}"
00000000000000006dde_0,1700,707,183,427,178,749,2918,3697,3728,4093,"{""type"":""MultiPoint"",""coordinates"":[]}"
00000000000000006de0_0,1842,839,244,472,283,796,2471,3082,2908,3259,"{""type"":""MultiPoint"",""coordinates"":[]}"
00000000000000006deb_0,2000,1168,275,447,530,906,1452,1657,1696,1921,"{""type"":""MultiPoint"",""coordinates"":[]}"
00000000000000006ded_0,2967,2042,552,858,1080,1568,2251,2515,2753,2815,"{""type"":""MultiPoint"",""coordinates"":[]}"
00000000000000006df3_0,2622,1642,575,829,968,1346,1856,2035,2231,2349,"{""type"":""MultiPoint"",""coordinates"":[]}"
00000000000000006dfc_0,2208,1242,213,523,598,1098,1990,2167,2104,2464,"{""type"":""MultiPoint"",""coordinates"":[]}"
00000000000000006e00_0,1445,616,232,365,248,646,1700,2093,2103,2316,"{""type"":""MultiPoint"",""coordinates"":[]}"
00000000000000006e02_0,2040,1096,295,527,434,937,2150,2464,2479,2900,"{""type"":""MultiPoint"",""coordinates"":[]}"
00000000000000006e0d_0,2523,1640,449,637,696,1080,1705,1981,1986,2211,"{""type"":""MultiPoint"",""coordinates"":[]}"
00000000000000006e15_0,1818,941,198,438,302,810,1970,2386,2500,2626,"{""type"":""MultiPoint"",""coordinates"":[]}"
00000000000000006e22_0,2309,1319,423,626,639,1029,1724,1994,2089,2278,"{""type"":""MultiPoint"",""coordinates"":[]}"
00000000000000006e2a_0,2063,1083,247,607,508,1125,2417,2804,3077,3257,"{""type"":""MultiPoint"",""coordinates"":[]}"
00000000000000006e2f_0,2686,1582,395,688,483,1132,3094,3627,3534,3744,"{""type"":""MultiPoint"",""coordinates"":[]}"
00000000000000006e37_0,1447,552,162,385,169,714,2356,2904,3001,3193,"{""type"":""MultiPoint"",""coordinates"":[]}"
00000000000000006e44_0,3041,1729,443,812,756,1324,2553,2893,3073,3262,"{""type"":""MultiPoint"",""coordinates"":[]}"
00000000000000006e46_0,1643,799,338,573,358,927,2457,2938,2938,3292,"{""type"":""MultiPoint"",""coordinates"":[]}"
00000000000000006e4c_0,1176,544,83,300,200,628,1554,1878,2034,2090,"{""type"":""MultiPoint"",""coordinates"":[]}"
00000000000000006e53_0,2103,960,251,603,314,1044,2592,3405,3430,3666,"{""type"":""MultiPoint"",""coordinates"":[]}"
00000000000000006e55_0,2699,1901,661,919,1054,1440,1987,2250,2284,2436,"{""type"":""MultiPoint"",""coordinates"":[]}"
00000000000000006e59_0,1434,563,183,396,178,702,2336,2952,3319,3255,"{""type"":""MultiPoint"",""coordinates"":[]}"
00000000000000006e5b_0,2735,2080,863,1236,1120,1718,2956,3394,3342,3566,"{""type"":""MultiPoint"",""coordinates"":[]}"
00000000000000006e70_0,2270,1498,390,553,515,928,1821,2179,2268,2377,"{""type"":""MultiPoint"",""coordinates"":[]}"
00000000000000006e7b_0,1879,808,236,518,252,915,2727,3294,3209,3642,"{""type"":""MultiPoint"",""coordinates"":[]}"
00000000000000006e83_0,1941,1055,172,565,451,1159,2875,3388,3666,3638,"{""type"":""MultiPoint"",""coordinates"":[]}"
00000000000000006e85_0,3999,2736,954,1384,1650,2151,2719,2994,2967,3295,"{""type"":""MultiPoint"",""coordinates"":[]}"
00000000000000006e8c_0,1888,987,261,575,447,958,2019,2347,2437,2713,"{""type"":""MultiPoint"",""coordinates"":[]}"
00000000000000006e90_0,2337,1112,391,762,497,1243,3049,3633,3572,3898,"{""type"":""MultiPoint"",""coordinates"":[]}"
00000000000000006e92_0,1950,1269,467,615,683,966,1518,1666,1824,1917,"{""type"":""MultiPoint"",""coordinates"":[]}"
00000000000000006e99_0,2384,1359,447,594,666,977,1584,1879,1968,2248,"{""type"":""MultiPoint"",""coordinates"":[]}"
00000000000000006e9d_0,2067,1154,281,438,443,792,1419,1592,1665,1828,"{""type"":""MultiPoint"",""coordinates"":[]}"
00000000000000006e9f_0,1648,749,215,445,254,799,2330,2874,2982,3153,"{""type"":""MultiPoint"",""coordinates"":[]}"
00000000000000006ea7_0,1954,1107,284,455,409,778,1764,2050,2196,2391,"{""type"":""MultiPoint"",""coordinates"":[]}"
00000000000000006eac_0,2368,1034,246,684,338,1252,4093,4792,4891,5304,"{""type"":""MultiPoint"",""coordinates"":[]}"
00000000000000006eae_0,2898,2083,543,792,1082,1421,1887,2064,2251,2376,"{""type"":""MultiPoint"",""coordinates"":[]}"
00000000000000006eb2_0,2111,1059,345,589,475,985,1918,2194,2346,2474,"{""type"":""MultiPoint"",""coordinates"":[]}"
00000000000000006eb4_0,2399,1551,409,643,744,1209,1773,2016,2171,2282,"{""type"":""MultiPoint"",""coordinates"":[]}"
00000000000000006eba_0,3379,3183,1220,1623,2054,2164,2306,2381,2479,2610,"{""type"":""MultiPoint"",""coordinates"":[]}"
00000000000000006ebf_0,2256,1258,367,669,629,1274,2590,3051,2975,3187,"{""type"":""MultiPoint"",""coordinates"":[]}"
00000000000000006ec3_0,2644,1729,585,871,962,1453,2182,2508,2436,2675,"{""type"":""MultiPoint"",""coordinates"":[]}"
00000000000000006ec7_0,1219,457,177,287,146,471,1768,2320,2376,2698,"{""type"":""MultiPoint"",""coordinates"":[]}"
00000000000000006ed6_0,2133,1140,342,650,601,1236,2427,2769,2914,3185,"{""type"":""MultiPoint"",""coordinates"":[]}"
00000000000000006edc_0,1729,803,267,566,520,1031,2505,3108,3341,3601,"{""type"":""MultiPoint"",""coordinates"":[]}"
00000000000000006ede_0,1893,991,292,554,375,974,2550,3023,3031,3254,"{""type"":""MultiPoint"",""coordinates"":[]}"
00000000000000006ee5_0,3265,2609,570,1004,1234,1752,2546,2921,2805,3201,"{""type"":""MultiPoint"",""coordinates"":[]}"
00000000000000006eeb_0,2338,1413,359,649,546,1238,2425,2712,2739,3067,"{""type"":""MultiPoint"",""coordinates"":[]}"
00000000000000006ef2_0,1898,1546,394,544,652,868,1071,1240,1373,1563,"{""type"":""MultiPoint"",""coordinates"":[]}"
00000000000000006ef8_0,1573,793,401,707,466,1025,2384,2839,2849,3111,"{""type"":""MultiPoint"",""coordinates"":[]}"
00000000000000006efe_0,2192,1258,365,629,578,1076,2015,2362,2448,2776,"{""type"":""MultiPoint"",""coordinates"":[]}"
00000000000000006f00_0,2122,1303,362,596,534,1007,2032,2361,2344,2601,"{""type"":""MultiPoint"",""coordinates"":[]}"
00000000000000006f0b_0,1508,606,197,430,206,707,2264,2851,2820,3131,"{""type"":""MultiPoint"",""coordinates"":[]}"
00000000000000006f13_0,2669,1957,766,1168,1536,1856,2212,2378,2529,2611,"{""type"":""MultiPoint"",""coordinates"":[]}"
00000000000000006f20_0,1140,500,254,360,230,591,1558,2056,2179,2341,"{""type"":""MultiPoint"",""coordinates"":[]}"
00000000000000006f22_0,2553,1664,550,723,874,1211,1723,1956,2113,2243,"{""type"":""MultiPoint"",""coordinates"":[]}"
00000000000000006f2d_0,1520,724,152,318,225,624,1797,2115,2189,2320,"{""type"":""MultiPoint"",""coordinates"":[]}"
00000000000000006f2f_0,2478,1678,414,706,776,1247,2016,2302,2413,2598,"{""type"":""MultiPoint"",""coordinates"":[]}"
00000000000000006f37_0,1603,779,303,463,323,745,2062,2523,2413,2584,"{""type"":""MultiPoint"",""coordinates"":[]}"
00000000000000006f3e_0,3069,2087,632,993,1050,1477,2239,2563,2564,2736,"{""type"":""MultiPoint"",""coordinates"":[]}"
00000000000000006f42_0,1847,845,282,539,302,969,2374,2893,2969,3196,"{""type"":""MultiPoint"",""coordinates"":[]}"
00000000000000006f44_0,2923,1795,588,832,983,1659,2559,2940,2896,3280,"{""type"":""MultiPoint"",""coordinates"":[]}"
00000000000000006f4f_0,1837,820,220,362,233,634,2205,2731,2836,3001,"{""type"":""MultiPoint"",""coordinates"":[]}"
00000000000000006f53_0,2199,1407,324,624,596,1120,2042,2256,2301,2470,"{""type"":""MultiPoint"",""coordinates"":[]}"
00000000000000006f59_0,2242,1246,501,672,669,963,1787,2071,2144,2293,"{""type"":""MultiPoint"",""coordinates"":[]}"
00000000000000006f64_0,1591,938,347,546,570,935,1355,1604,1471,1782,"{""type"":""MultiPoint"",""coordinates"":[]}"
00000000000000006f66_0,2894,2059,485,739,680,1189,2234,2730,2754,3145,"{""type"":""MultiPoint"",""coordinates"":[]}"
00000000000000006f6c_0,3052,2720,817,1044,1251,1384,1484,1570,1673,1713,"{""type"":""MultiPoint"",""coordinates"":[]}"
00000000000000006f6e_0,2726,2800,1544,1799,1994,2047,2012,2115,2058,2028,"{""type"":""MultiPoint"",""coordinates"":[]}"
00000000000000006f86_0,3702,2524,614,933,1124,1596,2275,2574,2603,2835,"{""type"":""MultiPoint"",""coordinates"":[]}"
00000000000000006f88_0,2941,2052,535,820,900,1386,2146,2378,2502,2667,"{""type"":""MultiPoint"",""coordinates"":[]}"
00000000000000006f90_0,2000,1199,321,490,404,794,1834,2132,2222,2345,"{""type"":""MultiPoint"",""coordinates"":[]}"
00000000000000006fa8_0,1785,788,193,401,219,742,2408,2952,2948,3216,"{""type"":""MultiPoint"",""coordinates"":[]}"
00000000000000006fac_0,2881,2168,682,1015,1419,1876,2352,2589,2489,2709,"{""type"":""MultiPoint"",""coordinates"":[]}"
00000000000000006fb0_0,1332,526,238,357,188,564,1869,2629,2596,2673,"{""type"":""MultiPoint"",""coordinates"":[]}"
00000000000000006fb2_0,1205,631,297,653,426,1216,2410,2616,2643,2792,"{""type"":""MultiPoint"",""coordinates"":[]}"
00000000000000006fbd_0,1806,791,216,563,250,1039,2977,3330,3390,3720,"{""type"":""MultiPoint"",""coordinates"":[]}"
00000000000000006fbf_0,1518,629,285,475,244,752,2451,2904,2977,3230,"{""type"":""MultiPoint"",""coordinates"":[]}"
00000000000000006fc5_0,3234,2360,758,1080,1235,1671,2397,2866,3137,3248,"{""type"":""MultiPoint"",""coordinates"":[]}"
00000000000000006fc7_0,2329,1499,426,654,684,1163,2026,2229,2451,2576,"{""type"":""MultiPoint"",""coordinates"":[]}"
00000000000000006fce_0,3755,3071,521,906,1421,1872,3047,3449,3412,3490,"{""type"":""MultiPoint"",""coordinates"":[]}"
00000000000000006fd2_0,1837,855,231,450,346,870,2053,2527,2604,2971,"{""type"":""MultiPoint"",""coordinates"":[]}"
00000000000000006fd4_0,2536,1617,336,694,683,1303,2284,2657,2609,2817,"{""type"":""MultiPoint"",""coordinates"":[]}"
00000000000000006fdb_0,1969,1096,309,487,437,804,1549,1803,1906,2094,"{""type"":""MultiPoint"",""coordinates"":[]}"
00000000000000006fdf_0,3358,2279,727,972,66,1618,2122,2397,2475,2739,"{""type"":""MultiPoint"",""coordinates"":[]}"
00000000000000006fe3_0,1792,898,266,620,387,1061,2593,2898,3036,3253,"{""type"":""MultiPoint"",""coordinates"":[]}"
00000000000000006ff4_0,1932,1059,282,533,418,934,2187,2676,2691,2894,"{""type"":""MultiPoint"",""coordinates"":[]}"
00000000000000006ff6_0,2091,1264,354,594,629,1123,1904,2207,2212,2461,"{""type"":""MultiPoint"",""coordinates"":[]}"
00000000000000006ffc_0,1195,794,844,1285,1620,2121,2349,2346,2314,2203,"{""type"":""MultiPoint"",""coordinates"":[]}"
00000000000000007001_0,2736,1415,472,852,686,1369,2950,3344,3556,3724,"{""type"":""MultiPoint"",""coordinates"":[]}"
00000000000000007009_0,2671,1391,431,807,767,1479,2543,2961,3080,3426,"{""type"":""MultiPoint"",""coordinates"":[]}"
0000000000000000700b_0,2011,1220,354,580,547,1025,1718,1998,2178,2336,"{""type"":""MultiPoint"",""coordinates"":[]}"
00000000000000007012_0,3602,2866,930,1282,1666,2211,2512,2673,2582,2773,"{""type"":""MultiPoint"",""coordinates"":[]}"
00000000000000007016_0,2942,1663,509,877,709,1525,3091,3466,3626,3780,"{""type"":""MultiPoint"",""coordinates"":[]}"
00000000000000007018_0,1961,1002,309,682,466,1252,2913,3257,3365,3495,"{""type"":""MultiPoint"",""coordinates"":[]}"
0000000000000000701e_0,1706,736,338,460,246,655,2642,3439,3874,3740,"{""type"":""MultiPoint"",""coordinates"":[]}"
00000000000000007020_0,2008,1208,387,614,663,993,1920,2339,2522,2576,"{""type"":""MultiPoint"",""coordinates"":[]}"
00000000000000007025_0,2425,1338,411,659,727,1192,2287,2533,2646,3050,"{""type"":""MultiPoint"",""coordinates"":[]}"
00000000000000007027_0,4053,3394,1066,1564,1926,2256,2813,3049,2890,3001,"{""type"":""MultiPoint"",""coordinates"":[]}"
0000000000000000702b_0,1529,700,187,349,250,640,1633,1907,2050,2227,"{""type"":""MultiPoint"",""coordinates"":[]}"
0000000000000000702d_0,2341,1310,381,627,709,1149,2177,2533,2615,2842,"{""type"":""MultiPoint"",""coordinates"":[]}"
00000000000000007038_0,2525,1381,396,759,593,1210,2378,2860,2882,3237,"{""type"":""MultiPoint"",""coordinates"":[]}"
0000000000000000703c_0,3033,2351,486,851,1165,1556,2027,2184,2162,2383,"{""type"":""MultiPoint"",""coordinates"":[]}"
00000000000000007042_0,3424,2931,975,1256,1328,1943,2170,2518,2413,2709,"{""type"":""MultiPoint"",""coordinates"":[]}"
0000000000000000704d_0,1613,867,243,481,400,907,1855,2247,2330,2473,"{""type"":""MultiPoint"",""coordinates"":[]}"
0000000000000000704f_0,2333,1483,335,612,538,1017,2160,2486,2528,2751,"{""type"":""MultiPoint"",""coordinates"":[]}"
00000000000000007055_0,2834,2664,1181,1447,1704,1732,1744,1961,1991,1995,"{""type"":""MultiPoint"",""coordinates"":[]}"
0000000000000000705c_0,2168,1696,370,574,932,1183,1452,1587,1733,1861,"{""type"":""MultiPoint"",""coordinates"":[]}"
00000000000000007064_0,1813,836,327,546,318,853,2607,3204,3073,3453,"{""type"":""MultiPoint"",""coordinates"":[]}"
0000000000000000706b_0,2402,1571,536,842,1003,1490,2291,2575,2556,2730,"{""type"":""MultiPoint"",""coordinates"":[]}"
0000000000000000706f_0,2342,1253,218,497,355,950,2775,3230,3341,3560,"{""type"":""MultiPoint"",""coordinates"":[]}"
00000000000000007071_0,2904,2064,411,666,680,1160,2216,2673,2753,3016,"{""type"":""MultiPoint"",""coordinates"":[]}"
00000000000000007079_0,3144,2625,953,1216,1284,1562,2419,2732,2795,2964,"{""type"":""MultiPoint"",""coordinates"":[]}"
0000000000000000708c_0,2663,2209,782,1139,1316,1469,1771,1830,1903,1972,"{""type"":""MultiPoint"",""coordinates"":[]}"
00000000000000007091_0,1761,722,172,392,189,711,2620,3281,3351,3638,"{""type"":""MultiPoint"",""coordinates"":[]}"
00000000000000007099_0,1561,660,233,421,239,703,2320,2818,2665,3099,"{""type"":""MultiPoint"",""coordinates"":[]}"
000000000000000070ae_0,2363,1810,347,623,761,1052,1446,1616,1761,1754,"{""type"":""MultiPoint"",""coordinates"":[]}"
000000000000000070b0_0,1833,1100,441,697,567,1048,2056,2337,2271,2485,"{""type"":""MultiPoint"",""coordinates"":[]}"
000000000000000070b5_0,1540,715,160,408,238,844,2063,2460,2648,2734,"{""type"":""MultiPoint"",""coordinates"":[]}"
000000000000000070b7_0,3234,2397,578,878,1010,1303,1955,2235,2286,2440,"{""type"":""MultiPoint"",""coordinates"":[]}"
000000000000000070bb_0,3150,1971,551,845,939,1513,2271,2649,2595,2912,"{""type"":""MultiPoint"",""coordinates"":[]}"
000000000000000070c8_0,2577,1529,422,646,666,1095,2299,2717,2766,2975,"{""type"":""MultiPoint"",""coordinates"":[]}"
000000000000000070cc_0,2403,1617,336,623,642,1202,1996,2266,2327,2519,"{""type"":""MultiPoint"",""coordinates"":[]}"
000000000000000070d0_0,1466,600,271,467,260,777,2393,3115,3013,3418,"{""type"":""MultiPoint"",""coordinates"":[]}"
000000000000000070dd_0,2605,1452,491,745,729,1187,2259,2699,2647,2911,"{""type"":""MultiPoint"",""coordinates"":[]}"
000000000000000070df_0,2231,1450,550,829,792,1293,2467,2831,2809,2997,"{""type"":""MultiPoint"",""coordinates"":[]}"
000000000000000070e5_0,1947,1779,965,1259,1514,1681,1827,1821,1877,1890,"{""type"":""MultiPoint"",""coordinates"":[]}"
000000000000000070ee_0,3135,2453,626,976,1157,1555,2201,2393,2523,2645,"{""type"":""MultiPoint"",""coordinates"":[]}"
000000000000000070f2_0,1840,732,295,499,285,833,2651,3377,3424,3680,"{""type"":""MultiPoint"",""coordinates"":[]}"
000000000000000070fb_0,2245,1547,375,671,652,1184,1901,2181,2194,2444,"{""type"":""MultiPoint"",""coordinates"":[]}"
000000000000000070ff_0,1996,1060,270,438,493,853,1574,1804,1913,2082,"{""type"":""MultiPoint"",""coordinates"":[]}"
00000000000000007101_0,1915,999,349,528,374,878,2109,2623,2607,2849,"{""type"":""MultiPoint"",""coordinates"":[]}"
00000000000000007107_0,3102,1619,632,954,671,1569,4035,5409,5429,6000,"{""type"":""MultiPoint"",""coordinates"":[]}"
00000000000000007114_0,2874,1696,437,716,874,1287,1889,2122,2219,2408,"{""type"":""MultiPoint"",""coordinates"":[]}"
00000000000000007116_0,2225,1180,331,594,448,1117,2159,2636,2681,2859,"{""type"":""MultiPoint"",""coordinates"":[]}"
00000000000000007129_0,2112,1028,302,538,383,888,2207,2628,2644,2970,"{""type"":""MultiPoint"",""coordinates"":[]}"
0000000000000000712b_0,2877,2061,610,921,1042,1464,2085,2346,2395,2584,"{""type"":""MultiPoint"",""coordinates"":[]}"
00000000000000007136_0,2627,1341,414,903,652,1504,2938,3258,3400,3604,"{""type"":""MultiPoint"",""coordinates"":[]}"
00000000000000007140_0,1961,1343,456,590,603,947,1416,1655,1612,1837,"{""type"":""MultiPoint"",""coordinates"":[]}"
00000000000000007147_0,2457,1693,453,710,784,1206,1994,2227,2193,2379,"{""type"":""MultiPoint"",""coordinates"":[]}"
0000000000000000714b_0,1806,780,225,491,238,846,2668,3277,3127,3558,"{""type"":""MultiPoint"",""coordinates"":[]}"
0000000000000000714d_0,1993,1234,213,396,385,721,1608,1908,2060,2160,"{""type"":""MultiPoint"",""coordinates"":[]}"
00000000000000007154_0,1749,930,138,366,379,784,1739,1945,2129,2187,"{""type"":""MultiPoint"",""coordinates"":[]}"
00000000000000007158_0,2538,1609,377,564,637,1140,2114,2502,2621,2825,"{""type"":""MultiPoint"",""coordinates"":[]}"
0000000000000000715a_0,1866,936,261,593,356,1043,2634,3051,3197,3382,"{""type"":""MultiPoint"",""coordinates"":[]}"
0000000000000000715c_0,2350,1389,198,443,493,927,1731,1967,1991,2230,"{""type"":""MultiPoint"",""coordinates"":[]}"
00000000000000007160_0,1874,973,351,699,486,1182,2617,3220,3183,3502,"{""type"":""MultiPoint"",""coordinates"":[]}"
00000000000000007162_0,2497,1564,445,656,688,1053,1852,2156,2341,2505,"{""type"":""MultiPoint"",""coordinates"":[]}"
00000000000000007169_0,2294,1310,398,720,581,1164,2261,2556,2648,2918,"{""type"":""MultiPoint"",""coordinates"":[]}"
0000000000000000716d_0,2767,1413,398,773,624,1383,2819,3204,3303,3465,"{""type"":""MultiPoint"",""coordinates"":[]}"
0000000000000000716f_0,2206,1425,500,779,1057,1500,2135,2358,2373,2589,"{""type"":""MultiPoint"",""coordinates"":[]}"
00000000000000007175_0,3448,3470,1664,2106,2692,2926,2919,2958,2994,2992,"{""type"":""MultiPoint"",""coordinates"":[]}"
00000000000000007177_0,4784,4807,1513,2375,3452,3737,3722,3875,3986,3849,"{""type"":""MultiPoint"",""coordinates"":[]}"
0000000000000000717a_0,2605,1306,419,778,619,1297,2828,3316,3294,3715,"{""type"":""MultiPoint"",""coordinates"":[]}"
0000000000000000717e_0,2232,1511,593,896,963,1556,2290,2545,2500,2662,"{""type"":""MultiPoint"",""coordinates"":[]}"
00000000000000007182_0,1772,898,218,454,348,880,1559,1895,1732,2134,"{""type"":""MultiPoint"",""coordinates"":[]}"
00000000000000007184_0,2084,1324,346,526,533,959,1704,2066,2122,2269,"{""type"":""MultiPoint"",""coordinates"":[]}"
0000000000000000718b_0,2869,1935,411,733,858,1399,2040,2247,2410,2634,"{""type"":""MultiPoint"",""coordinates"":[]}"
00000000000000007191_0,1709,740,224,486,221,726,2663,3327,3527,3635,"{""type"":""MultiPoint"",""coordinates"":[]}"
00000000000000007199_0,2559,1851,584,807,827,1217,2053,2318,2333,2591,"{""type"":""MultiPoint"",""coordinates"":[]}"
000000000000000071a0_0,1734,1119,377,486,443,720,1263,1400,1431,1540,"{""type"":""MultiPoint"",""coordinates"":[]}"
000000000000000071a6_0,2080,1329,403,632,586,1037,2121,2540,2504,2752,"{""type"":""MultiPoint"",""coordinates"":[]}"
000000000000000071b5_0,2474,1799,463,783,858,1331,2063,2329,2392,2510,"{""type"":""MultiPoint"",""coordinates"":[]}"
000000000000000071bb_0,2544,1789,645,914,848,1216,2323,2729,2763,2906,"{""type"":""MultiPoint"",""coordinates"":[]}"
000000000000000071c6_0,2438,1269,360,703,465,1162,2740,3267,3260,3548,"{""type"":""MultiPoint"",""coordinates"":[]}"
000000000000000071ce_0,1993,1588,439,698,932,1165,1420,1589,1590,1672,"{""type"":""MultiPoint"",""coordinates"":[]}"
000000000000000071d0_0,2091,1628,725,931,988,1316,1885,2139,2101,2285,"{""type"":""MultiPoint"",""coordinates"":[]}"
000000000000000071d5_0,2094,1257,266,504,578,1080,1746,1982,2051,2304,"{""type"":""MultiPoint"",""coordinates"":[]}"
000000000000000071d7_0,2529,1912,444,837,1050,1510,2207,2494,2464,2515,"{""type"":""MultiPoint"",""coordinates"":[]}"
000000000000000071db_0,2571,1980,474,745,676,1153,2107,2368,2325,2596,"{""type"":""MultiPoint"",""coordinates"":[]}"
000000000000000071dd_0,2479,1774,407,661,771,1275,2201,2559,2413,2712,"{""type"":""MultiPoint"",""coordinates"":[]}"
000000000000000071e8_0,1761,690,256,462,219,791,2968,3600,3528,4027,"{""type"":""MultiPoint"",""coordinates"":[]}"
000000000000000071ea_0,1715,797,192,443,278,736,1865,2247,2505,2549,"{""type"":""MultiPoint"",""coordinates"":[]}"
000000000000000071ec_0,2065,1266,263,480,458,931,1855,2189,2242,2399,"{""type"":""MultiPoint"",""coordinates"":[]}"
000000000000000071ee_0,1835,739,175,489,190,838,3856,5151,5194,5515,"{""type"":""MultiPoint"",""coordinates"":[]}"
000000000000000071f2_0,3306,2800,943,1253,1357,1708,2671,3041,2968,3167,"{""type"":""MultiPoint"",""coordinates"":[]}"
000000000000000071f9_0,3344,2174,468,915,1007,1705,2787,3153,3192,3535,"{""type"":""MultiPoint"",""coordinates"":[]}"
000000000000000071fd_0,2323,1214,297,527,504,1053,2091,2434,2424,2709,"{""type"":""MultiPoint"",""coordinates"":[]}"
0000000000000000720a_0,1727,780,185,406,276,782,2103,2538,2680,2847,"{""type"":""MultiPoint"",""coordinates"":[]}"
0000000000000000720e_0,2897,1982,526,943,1248,1638,2345,2515,2515,2567,"{""type"":""MultiPoint"",""coordinates"":[]}"
00000000000000007212_0,1335,650,160,325,210,557,1514,1863,2123,2220,"{""type"":""MultiPoint"",""coordinates"":[]}"
00000000000000007214_0,1332,831,387,672,479,947,1448,1756,1782,1793,"{""type"":""MultiPoint"",""coordinates"":[]}"
0000000000000000721f_0,2917,2439,647,1001,1437,1923,2250,2389,2330,2514,"{""type"":""MultiPoint"",""coordinates"":[]}"
00000000000000007227_0,2135,1439,345,637,773,1090,1508,1656,1784,1880,"{""type"":""MultiPoint"",""coordinates"":[]}"
00000000000000007234_0,1559,604,180,396,188,730,2446,3180,3203,3442,"{""type"":""MultiPoint"",""coordinates"":[]}"
00000000000000007241_0,3104,2127,467,715,926,1346,2297,2648,2753,2959,"{""type"":""MultiPoint"",""coordinates"":[]}"
00000000000000007249_0,1902,909,310,591,341,973,2109,2410,2373,2708,"{""type"":""MultiPoint"",""coordinates"":[]}"
0000000000000000724b_0,2394,1525,473,677,601,1042,2149,2486,2548,2823,"{""type"":""MultiPoint"",""coordinates"":[]}"
00000000000000007252_0,2955,1944,430,736,954,1426,2035,2258,2290,2467,"{""type"":""MultiPoint"",""coordinates"":[]}"
00000000000000007256_0,3314,1951,719,1177,1358,2023,3017,3373,3279,3643,"{""type"":""MultiPoint"",""coordinates"":[]}"
00000000000000007258_0,2580,1558,398,743,586,1288,3277,3926,3929,4192,"{""type"":""MultiPoint"",""coordinates"":[]}"
00000000000000007263_0,2287,1253,348,627,509,1075,2313,2752,2776,2976,"{""type"":""MultiPoint"",""coordinates"":[]}"
00000000000000007267_0,2432,1801,438,727,1001,1338,1912,2112,2118,2198,"{""type"":""MultiPoint"",""coordinates"":[]}"
0000000000000000726b_0,1616,615,221,395,209,648,2381,3065,3202,3464,"{""type"":""MultiPoint"",""coordinates"":[]}"
00000000000000007274_0,3047,2377,528,881,1070,1582,2241,2515,2380,2698,"{""type"":""MultiPoint"",""coordinates"":[]}"
0000000000000000727a_0,1526,619,255,390,225,699,1955,2637,2535,2851,"{""type"":""MultiPoint"",""coordinates"":[]}"
00000000000000007280_0,1975,1377,330,536,613,872,1331,1501,1577,1663,"{""type"":""MultiPoint"",""coordinates"":[]}"
00000000000000007282_0,2625,1757,603,808,964,1412,2167,2456,2639,2712,"{""type"":""MultiPoint"",""coordinates"":[]}"
00000000000000007289_0,2048,1441,516,702,972,1282,1770,2033,1949,2065,"{""type"":""MultiPoint"",""coordinates"":[]}"
0000000000000000728d_0,1732,730,237,390,255,710,2002,2431,2518,2816,"{""type"":""MultiPoint"",""coordinates"":[]}"
0000000000000000728f_0,2506,1634,444,700,722,1157,1894,2123,2185,2427,"{""type"":""MultiPoint"",""coordinates"":[]}"
0000000000000000729a_0,1238,545,177,293,187,509,1558,1942,1977,2160,"{""type"":""MultiPoint"",""coordinates"":[]}"
0000000000000000729e_0,3101,2532,582,916,1383,1657,2010,2112,2097,2181,"{""type"":""MultiPoint"",""coordinates"":[]}"
000000000000000072af_0,1477,630,183,368,217,705,2152,2582,2646,2892,"{""type"":""MultiPoint"",""coordinates"":[]}"
000000000000000072b1_0,2582,1853,519,755,773,1249,2115,2437,2509,2676,"{""type"":""MultiPoint"",""coordinates"":[]}"
000000000000000072be_0,3188,1911,357,702,855,1441,2240,2450,2641,2731,"{""type"":""MultiPoint"",""coordinates"":[]}"
000000000000000072c0_0,2679,2006,394,714,1029,1450,2113,2301,2410,2474,"{""type"":""MultiPoint"",""coordinates"":[]}"
000000000000000072c4_0,1933,1053,295,530,398,919,2095,2322,2344,2600,"{""type"":""MultiPoint"",""coordinates"":[]}"
000000000000000072c6_0,2733,1940,476,842,891,1426,2543,2944,2829,3122,"{""type"":""MultiPoint"",""coordinates"":[]}"
000000000000000072cd_0,2308,1294,323,527,566,951,1645,1893,1884,2090,"{""type"":""MultiPoint"",""coordinates"":[]}"
000000000000000072d1_0,1473,667,222,353,256,646,1734,2174,2260,2457,"{""type"":""MultiPoint"",""coordinates"":[]}"
000000000000000072d5_0,2401,1465,374,802,634,1332,2697,3012,3125,3352,"{""type"":""MultiPoint"",""coordinates"":[]}"
000000000000000072d9_0,1483,776,211,394,346,695,1475,1725,1831,1896,"{""type"":""MultiPoint"",""coordinates"":[]}"
000000000000000072db_0,2453,1653,433,729,650,1230,2421,2825,2782,3019,"{""type"":""MultiPoint"",""coordinates"":[]}"
000000000000000072e6_0,1641,722,209,393,276,696,1880,2354,2368,2544,"{""type"":""MultiPoint"",""coordinates"":[]}"
000000000000000072e8_0,1080,639,402,766,945,1281,1574,1717,1592,1791,"{""type"":""MultiPoint"",""coordinates"":[]}"
000000000000000072f7_0,2449,2085,435,810,1025,1573,2322,2523,2650,2710,"{""type"":""MultiPoint"",""coordinates"":[]}"
000000000000000072fb_0,1419,566,154,328,181,576,1771,2235,2245,2593,"{""type"":""MultiPoint"",""coordinates"":[]}"
00000000000000007308_0,1224,499,113,266,139,508,1947,2590,2618,2727,"{""type"":""MultiPoint"",""coordinates"":[]}"
0000000000000000730a_0,1749,879,280,596,439,958,2208,2454,2623,2820,"{""type"":""MultiPoint"",""coordinates"":[]}"
00000000000000007312_0,2977,2123,499,782,983,1339,1962,2290,2337,2467,"{""type"":""MultiPoint"",""coordinates"":[]}"
00000000000000007317_0,1747,806,212,487,364,890,2327,2768,2898,3165,"{""type"":""MultiPoint"",""coordinates"":[]}"
00000000000000007319_0,2575,1758,349,715,780,1225,1880,2043,2036,2232,"{""type"":""MultiPoint"",""coordinates"":[]}"
0000000000000000731f_0,1828,835,269,526,307,825,2679,3272,3122,3437,"{""type"":""MultiPoint"",""coordinates"":[]}"
0000000000000000732e_0,2665,1853,477,914,755,1385,2457,2752,2749,2860,"{""type"":""MultiPoint"",""coordinates"":[]}"
00000000000000007332_0,2014,928,240,550,293,971,3392,4189,4364,4503,"{""type"":""MultiPoint"",""coordinates"":[]}"
00000000000000007334_0,2088,1210,351,555,473,840,2164,2494,2630,2731,"{""type"":""MultiPoint"",""coordinates"":[]}"
0000000000000000733f_0,1414,554,182,418,194,528,2969,4540,4821,4781,"{""type"":""MultiPoint"",""coordinates"":[]}"
00000000000000007349_0,3271,2749,646,1041,1498,1834,2432,2704,2711,2785,"{""type"":""MultiPoint"",""coordinates"":[]}"
00000000000000007354_0,1666,742,203,367,239,674,1920,2442,2521,2739,"{""type"":""MultiPoint"",""coordinates"":[]}"
0000000000000000735d_0,2009,992,312,735,503,1275,2791,3129,3367,3571,"{""type"":""MultiPoint"",""coordinates"":[]}"
00000000000000007361_0,2693,1565,318,678,825,1458,2325,2545,2611,2772,"{""type"":""MultiPoint"",""coordinates"":[]}"
00000000000000007369_0,2709,1911,294,562,723,1073,1634,1845,1984,2105,"{""type"":""MultiPoint"",""coordinates"":[]}"
0000000000000000736b_0,2003,1328,376,486,483,750,1351,1603,1561,1726,"{""type"":""MultiPoint"",""coordinates"":[]}"
00000000000000007372_0,3260,2784,595,920,1237,1487,1825,1986,2013,2116,"{""type"":""MultiPoint"",""coordinates"":[]}"
00000000000000007376_0,2170,1118,300,642,444,1005,2717,3244,3367,3481,"{""type"":""MultiPoint"",""coordinates"":[]}"
00000000000000007383_0,1787,784,193,392,223,773,2423,3092,3027,3443,"{""type"":""MultiPoint"",""coordinates"":[]}"
00000000000000007387_0,2765,1713,445,805,1099,1383,1700,1798,1724,1762,"{""type"":""MultiPoint"",""coordinates"":[]}"
0000000000000000738b_0,1608,845,351,539,407,836,1730,1932,1964,2187,"{""type"":""MultiPoint"",""coordinates"":[]}"
00000000000000007394_0,3954,3040,1215,1881,2369,2663,2676,2791,2822,2940,"{""type"":""MultiPoint"",""coordinates"":[]}"
00000000000000007398_0,1593,630,184,368,183,658,2561,3133,3040,3461,"{""type"":""MultiPoint"",""coordinates"":[]}"
000000000000000073a0_0,1689,1427,697,981,1294,1401,1473,1538,1532,1526,"{""type"":""MultiPoint"",""coordinates"":[]}"
000000000000000073a2_0,2714,1858,538,968,1105,1540,1967,2105,2194,2270,"{""type"":""MultiPoint"",""coordinates"":[]}"
000000000000000073a9_0,3486,3449,402,713,1428,1854,1986,2081,1989,2137,"{""type"":""MultiPoint"",""coordinates"":[]}"
000000000000000073ad_0,1719,1349,167,304,314,503,771,863,903,1032,"{""type"":""MultiPoint"",""coordinates"":[]}"
000000000000000073b6_0,1800,1098,254,385,380,665,1239,1439,1545,1658,"{""type"":""MultiPoint"",""coordinates"":[]}"
000000000000000073bb_0,1664,879,230,532,266,901,2604,3242,3189,3346,"{""type"":""MultiPoint"",""coordinates"":[]}"
000000000000000073be_0,2875,2299,377,755,1049,1555,2145,2303,2277,2498,"{""type"":""MultiPoint"",""coordinates"":[]}"
000000000000000073cb_0,3089,2336,627,1052,1339,1765,2515,2742,2812,2905,"{""type"":""MultiPoint"",""coordinates"":[]}"
000000000000000073cf_0,1969,1278,310,558,540,1090,2326,2729,2703,2709,"{""type"":""MultiPoint"",""coordinates"":[]}"
000000000000000073d1_0,2780,1762,508,817,606,1317,2677,3115,3058,3345,"{""type"":""MultiPoint"",""coordinates"":[]}"
000000000000000073d9_0,4834,4727,1378,1964,2972,3222,3304,3393,3505,3460,"{""type"":""MultiPoint"",""coordinates"":[]}"
000000000000000073de_0,2669,1652,338,744,790,1383,2163,2466,2554,2787,"{""type"":""MultiPoint"",""coordinates"":[]}"
000000000000000073e0_0,2976,2388,378,705,1169,1535,2026,2209,2328,2350,"{""type"":""MultiPoint"",""coordinates"":[]}"
000000000000000073e6_0,3051,2545,655,821,855,1225,1811,2079,2078,2272,"{""type"":""MultiPoint"",""coordinates"":[]}"
000000000000000073f9_0,2646,1995,435,789,1103,1415,1795,1976,2111,2147,"{""type"":""MultiPoint"",""coordinates"":[]}"
000000000000000073fb_0,2360,1632,356,546,640,1009,1711,1997,2087,2245,"{""type"":""MultiPoint"",""coordinates"":[]}"
00000000000000007402_0,2978,1907,696,1232,1140,1872,3262,3560,3425,3854,"{""type"":""MultiPoint"",""coordinates"":[]}"
00000000000000007413_0,2564,1453,371,642,668,1158,2008,2322,2609,2663,"{""type"":""MultiPoint"",""coordinates"":[]}"
00000000000000007417_0,2199,1460,593,1005,1267,1732,2362,2422,2613,2495,"{""type"":""MultiPoint"",""coordinates"":[]}"
00000000000000007424_0,1541,785,256,485,369,863,2471,3022,2841,3128,"{""type"":""MultiPoint"",""coordinates"":[]}"
00000000000000007428_0,1645,703,217,426,270,663,2716,3790,4053,4067,"{""type"":""MultiPoint"",""coordinates"":[]}"
0000000000000000742a_0,2054,1075,289,541,539,989,1925,2300,2519,2613,"{""type"":""MultiPoint"",""coordinates"":[]}"
00000000000000007432_0,2176,1596,586,824,776,1137,2181,2466,2416,2606,"{""type"":""MultiPoint"",""coordinates"":[]}"
00000000000000007439_0,3535,3386,464,965,1998,2344,2542,2571,2696,2665,"{""type"":""MultiPoint"",""coordinates"":[]}"
0000000000000000743d_0,1491,580,153,347,184,670,2104,2542,2683,2899,"{""type"":""MultiPoint"",""coordinates"":[]}"
00000000000000007446_0,3193,2179,452,738,950,1373,1910,2115,2230,2398,"{""type"":""MultiPoint"",""coordinates"":[]}"
0000000000000000744a_0,2713,1577,410,679,732,1221,2026,2295,2433,2627,"{""type"":""MultiPoint"",""coordinates"":[]}"
0000000000000000744e_0,3341,2555,607,969,1357,1619,1814,1987,2155,2142,"{""type"":""MultiPoint"",""coordinates"":[]}"
00000000000000007454_0,2354,1437,448,633,577,1060,2116,2523,2502,2704,"{""type"":""MultiPoint"",""coordinates"":[]}"
0000000000000000745b_0,2773,1661,622,1048,780,1474,3543,4071,4097,4238,"{""type"":""MultiPoint"",""coordinates"":[]}"
0000000000000000745f_0,1769,825,290,575,323,941,2696,3487,3587,3790,"{""type"":""MultiPoint"",""coordinates"":[]}"
00000000000000007461_0,2659,1712,617,983,912,1607,2944,3429,3609,3711,"{""type"":""MultiPoint"",""coordinates"":[]}"
0000000000000000746c_0,1824,829,249,652,418,1172,3077,3670,3615,3853,"{""type"":""MultiPoint"",""coordinates"":[]}"
00000000000000007470_0,2806,1877,715,1191,1116,1746,3244,3600,3635,3779,"{""type"":""MultiPoint"",""coordinates"":[]}"
00000000000000007476_0,1675,962,364,524,449,804,1471,1715,1785,1951,"{""type"":""MultiPoint"",""coordinates"":[]}"
0000000000000000747d_0,2622,1792,600,979,968,1488,2320,2652,2665,2845,"{""type"":""MultiPoint"",""coordinates"":[]}"
00000000000000007481_0,1863,771,331,701,329,910,3555,4542,4379,4685,"{""type"":""MultiPoint"",""coordinates"":[]}"
00000000000000007483_0,2282,1620,447,787,704,1111,2320,2545,2896,2964,"{""type"":""MultiPoint"",""coordinates"":[]}"
00000000000000007489_0,1697,1651,921,1286,1711,1858,1888,1962,1950,1928,"{""type"":""MultiPoint"",""coordinates"":[]}"
0000000000000000748b_0,3679,2969,1095,1566,1656,2268,3299,3592,3694,3847,"{""type"":""MultiPoint"",""coordinates"":[]}"
00000000000000007490_0,1450,733,248,395,404,705,1484,1737,1778,1981,"{""type"":""MultiPoint"",""coordinates"":[]}"
00000000000000007492_0,4046,3928,692,1125,1995,2346,2720,2867,2872,2873,"{""type"":""MultiPoint"",""coordinates"":[]}"
00000000000000007498_0,3107,2062,582,856,928,1454,2411,2774,2791,3123,"{""type"":""MultiPoint"",""coordinates"":[]}"
000000000000000074a3_0,2524,1372,468,875,733,1522,3120,3611,3728,3883,"{""type"":""MultiPoint"",""coordinates"":[]}"
000000000000000074ab_0,2259,1733,931,1268,1353,1493,1854,2022,1986,2083,"{""type"":""MultiPoint"",""coordinates"":[]}"
000000000000000074ad_0,2963,2170,675,916,926,1465,2418,2812,2701,2975,"{""type"":""MultiPoint"",""coordinates"":[]}"
000000000000000074b8_0,3409,3615,521,786,1605,1847,1963,2072,1987,2159,"{""type"":""MultiPoint"",""coordinates"":[]}"
000000000000000074c7_0,1584,626,128,416,181,818,2511,3108,3010,3432,"{""type"":""MultiPoint"",""coordinates"":[]}"
000000000000000074c9_0,3922,3719,608,1208,2267,2596,2833,2875,2897,2955,"{""type"":""MultiPoint"",""coordinates"":[]}"
000000000000000074cd_0,1725,745,253,438,247,741,2307,2880,3051,3126,"{""type"":""MultiPoint"",""coordinates"":[]}"
000000000000000074cf_0,2310,1443,434,668,655,1002,2036,2258,2381,2518,"{""type"":""MultiPoint"",""coordinates"":[]}"
000000000000000074d6_0,2732,1794,471,861,972,1605,2434,2704,2815,2923,"{""type"":""MultiPoint"",""coordinates"":[]}"
000000000000000074da_0,1677,811,208,369,257,672,1651,2010,2055,2274,"{""type"":""MultiPoint"",""coordinates"":[]}"
000000000000000074de_0,3420,2724,531,871,1448,1882,2302,2459,2587,2549,"{""type"":""MultiPoint"",""coordinates"":[]}"
000000000000000074e4_0,2175,1255,404,720,629,1243,2456,2827,2749,3009,"{""type"":""MultiPoint"",""coordinates"":[]}"
000000000000000074eb_0,3463,2225,1266,1612,1476,2061,3378,3743,3966,4081,"{""type"":""MultiPoint"",""coordinates"":[]}"
000000000000000074ef_0,1790,771,305,529,329,886,2477,3075,3178,3419,"{""type"":""MultiPoint"",""coordinates"":[]}"
000000000000000074f1_0,3399,2521,636,967,1122,1582,2461,2889,2954,3152,"{""type"":""MultiPoint"",""coordinates"":[]}"
000000000000000074fc_0,3031,1794,609,920,1161,1592,2419,2799,2667,3064,"{""type"":""MultiPoint"",""coordinates"":[]}"
00000000000000007504_0,1790,898,396,626,440,1007,2157,2508,2489,2753,"{""type"":""MultiPoint"",""coordinates"":[]}"
00000000000000007506_0,2826,1992,432,625,757,1017,1597,1886,1987,2058,"{""type"":""MultiPoint"",""coordinates"":[]}"
00000000000000007519_0,3446,3420,1935,2351,2836,3031,3025,3074,3118,3025,"{""type"":""MultiPoint"",""coordinates"":[]}"
00000000000000007520_0,2045,974,210,641,475,1137,3203,3718,3657,3864,"{""type"":""MultiPoint"",""coordinates"":[]}"
00000000000000007526_0,1821,941,225,494,308,858,1994,2328,2473,2590,"{""type"":""MultiPoint"",""coordinates"":[]}"
00000000000000007528_0,2716,2098,542,786,822,1174,1972,2277,2269,2455,"{""type"":""MultiPoint"",""coordinates"":[]}"
0000000000000000752f_0,2632,1645,355,600,727,1111,1644,1919,2004,2123,"{""type"":""MultiPoint"",""coordinates"":[]}"
00000000000000007533_0,2561,1362,421,867,795,1597,2724,3068,3257,3362,"{""type"":""MultiPoint"",""coordinates"":[]}"
00000000000000007537_0,2856,2327,334,699,1293,1648,2139,2237,2341,2336,"{""type"":""MultiPoint"",""coordinates"":[]}"
0000000000000000753d_0,2449,1602,409,650,608,1055,2076,2420,2521,2599,"{""type"":""MultiPoint"",""coordinates"":[]}"
00000000000000007544_0,2989,2538,498,758,1157,1504,1942,1997,1944,2069,"{""type"":""MultiPoint"",""coordinates"":[]}"
00000000000000007548_0,1833,832,340,661,516,1067,2819,3430,3507,3735,"{""type"":""MultiPoint"",""coordinates"":[]}"
0000000000000000754a_0,1952,1077,243,516,374,876,2129,2358,2546,2610,"{""type"":""MultiPoint"",""coordinates"":[]}"
00000000000000007557_0,2180,1379,437,682,695,1122,2138,2499,2591,2804,"{""type"":""MultiPoint"",""coordinates"":[]}"
00000000000000007559_0,3900,3754,546,1013,1805,2223,2595,2784,2756,2820,"{""type"":""MultiPoint"",""coordinates"":[]}"
0000000000000000755f_0,2157,1346,420,702,620,1093,1960,2152,2119,2344,"{""type"":""MultiPoint"",""coordinates"":[]}"
00000000000000007566_0,3157,2425,668,904,1184,1596,2112,2336,2408,2510,"{""type"":""MultiPoint"",""coordinates"":[]}"
0000000000000000756e_0,2275,1453,187,404,483,894,1562,1762,1829,2038,"{""type"":""MultiPoint"",""coordinates"":[]}"
00000000000000007572_0,2317,1746,721,1134,1345,1738,2320,2564,2597,2613,"{""type"":""MultiPoint"",""coordinates"":[]}"
00000000000000007574_0,2775,1761,666,934,847,1320,2205,2505,2570,2813,"{""type"":""MultiPoint"",""coordinates"":[]}"
00000000000000007579_0,999,475,169,336,252,553,1534,1757,1827,1962,"{""type"":""MultiPoint"",""coordinates"":[]}"
0000000000000000757b_0,4499,4260,788,1438,2648,3014,3106,3139,3254,3221,"{""type"":""MultiPoint"",""coordinates"":[]}"
0000000000000000757f_0,1645,868,175,369,306,676,1710,2070,2368,2342,"{""type"":""MultiPoint"",""coordinates"":[]}"
00000000000000007581_0,2058,1258,394,578,494,895,2010,2403,2342,2566,"{""type"":""MultiPoint"",""coordinates"":[]}"
00000000000000007588_0,2259,1573,501,740,795,1161,1883,1979,2171,2257,"{""type"":""MultiPoint"",""coordinates"":[]}"
0000000000000000758c_0,3019,2192,567,702,848,1235,1649,1868,2013,2185,"{""type"":""MultiPoint"",""coordinates"":[]}"
00000000000000007590_0,3297,2919,618,1108,1792,2137,2466,2592,2717,2681,"{""type"":""MultiPoint"",""coordinates"":[]}"
00000000000000007594_0,1569,678,231,386,218,680,2181,2777,2848,3078,"{""type"":""MultiPoint"",""coordinates"":[]}"
0000000000000000759d_0,3564,2612,1026,1480,1616,2181,2754,2988,3045,3236,"{""type"":""MultiPoint"",""coordinates"":[]}"
000000000000000075a1_0,2623,1502,422,838,770,1569,2984,3312,3354,3610,"{""type"":""MultiPoint"",""coordinates"":[]}"
000000000000000075a3_0,2117,1080,350,760,392,1025,3090,3608,3661,3750,"{""type"":""MultiPoint"",""coordinates"":[]}"
000000000000000075ab_0,5156,4711,2052,2623,3445,3869,3847,4039,4321,4389,"{""type"":""MultiPoint"",""coordinates"":[]}"
000000000000000075b2_0,2850,2077,411,826,1334,1828,2381,2567,2727,2730,"{""type"":""MultiPoint"",""coordinates"":[]}"
000000000000000075b6_0,1735,699,241,424,225,694,2525,3231,3357,3570,"{""type"":""MultiPoint"",""coordinates"":[]}"
000000000000000075b8_0,2384,1362,311,515,520,979,1935,2261,2313,2558,"{""type"":""MultiPoint"",""coordinates"":[]}"
000000000000000075c3_0,2564,1708,318,520,622,1006,2077,2640,2741,2997,"{""type"":""MultiPoint"",""coordinates"":[]}"
000000000000000075c7_0,3590,3135,578,1057,1993,2370,2863,2953,3171,3056,"{""type"":""MultiPoint"",""coordinates"":[]}"
000000000000000075cd_0,2260,1453,535,711,823,1208,1954,2240,2253,2464,"{""type"":""MultiPoint"",""coordinates"":[]}"
000000000000000075d4_0,4443,4080,1742,2084,2605,2898,2999,3191,3323,3402,"{""type"":""MultiPoint"",""coordinates"":[]}"
000000000000000075d8_0,2177,1229,369,697,738,1318,2266,2525,2749,2815,"{""type"":""MultiPoint"",""coordinates"":[]}"
000000000000000075da_0,1895,1188,333,568,448,844,1825,2106,2020,2276,"{""type"":""MultiPoint"",""coordinates"":[]}"
000000000000000075e5_0,1894,889,265,667,460,1117,2663,2972,3088,3190,"{""type"":""MultiPoint"",""coordinates"":[]}"
000000000000000075e9_0,3940,3468,604,1087,2144,2655,3249,3392,3448,3433,"{""type"":""MultiPoint"",""coordinates"":[]}"
000000000000000075ed_0,1543,771,369,565,381,889,2012,2372,2284,2584,"{""type"":""MultiPoint"",""coordinates"":[]}"
000000000000000075ef_0,2461,1482,418,697,584,1090,2254,2597,2754,2893,"{""type"":""MultiPoint"",""coordinates"":[]}"
000000000000000075fa_0,1360,526,195,419,194,665,2190,2743,2952,3001,"{""type"":""MultiPoint"",""coordinates"":[]}"
00000000000000007602_0,1759,1645,1446,1703,2051,1945,2080,2181,2170,1965,"{""type"":""MultiPoint"",""coordinates"":[]}"
00000000000000007604_0,3065,2373,864,1170,1240,1692,2322,2666,2641,2902,"{""type"":""MultiPoint"",""coordinates"":[]}"
00000000000000007609_0,1427,602,152,427,170,795,2704,3324,3537,3582,"{""type"":""MultiPoint"",""coordinates"":[]}"
0000000000000000760b_0,3878,3495,583,1159,2232,2623,2965,3063,3235,3120,"{""type"":""MultiPoint"",""coordinates"":[]}"
0000000000000000760f_0,1891,1146,381,616,511,998,1939,2206,2269,2464,"{""type"":""MultiPoint"",""coordinates"":[]}"
00000000000000007618_0,2409,1738,450,719,740,1229,2061,2176,2175,2471,"{""type"":""MultiPoint"",""coordinates"":[]}"
0000000000000000761c_0,2104,1051,312,707,464,1176,2936,3382,3441,3605,"{""type"":""MultiPoint"",""coordinates"":[]}"
00000000000000007620_0,4123,3743,759,1269,2450,2942,3444,3528,3703,3564,"{""type"":""MultiPoint"",""coordinates"":[]}"
00000000000000007624_0,4071,3133,1046,1442,1640,2062,2569,2806,2915,3070,"{""type"":""MultiPoint"",""coordinates"":[]}"
00000000000000007626_0,3292,2522,950,1259,1424,1817,2516,2764,2726,3002,"{""type"":""MultiPoint"",""coordinates"":[]}"
0000000000000000762d_0,3955,3165,1051,1498,1788,2371,3039,3324,3324,3435,"{""type"":""MultiPoint"",""coordinates"":[]}"
00000000000000007631_0,2511,1170,371,754,443,1222,3298,3917,3841,4286,"{""type"":""MultiPoint"",""coordinates"":[]}"
00000000000000007633_0,2794,1714,411,718,638,1371,2691,3170,3145,3438,"{""type"":""MultiPoint"",""coordinates"":[]}"
0000000000000000763e_0,2028,1004,430,871,518,1438,3110,3452,3497,3634,"{""type"":""MultiPoint"",""coordinates"":[]}"
00000000000000007642_0,2694,2303,443,720,1267,1582,1909,2000,2069,2036,"{""type"":""MultiPoint"",""coordinates"":[]}"
00000000000000007646_0,1628,710,246,493,251,846,2382,2819,2803,3077,"{""type"":""MultiPoint"",""coordinates"":[]}"
0000000000000000764f_0,3150,2516,567,911,1222,1745,2473,2742,2773,2786,"{""type"":""MultiPoint"",""coordinates"":[]}"
00000000000000007653_0,2774,1600,374,585,708,1125,1728,1971,2186,2326,"{""type"":""MultiPoint"",""coordinates"":[]}"
00000000000000007657_0,3707,3211,313,797,1819,2282,2672,2907,3083,2957,"{""type"":""MultiPoint"",""coordinates"":[]}"
0000000000000000765b_0,1957,1587,793,1080,1326,1538,1694,1791,1791,1862,"{""type"":""MultiPoint"",""coordinates"":[]}"
00000000000000007664_0,3482,3058,460,871,1815,2238,2738,2870,2957,2931,"{""type"":""MultiPoint"",""coordinates"":[]}"
00000000000000007668_0,2540,1332,444,765,725,1282,2569,3071,3232,3448,"{""type"":""MultiPoint"",""coordinates"":[]}"
0000000000000000766a_0,3221,2166,684,903,929,1371,2094,2278,2287,2510,"{""type"":""MultiPoint"",""coordinates"":[]}"
00000000000000007671_0,2811,2375,538,756,1060,1204,1255,1349,1480,1542,"{""type"":""MultiPoint"",""coordinates"":[]}"
00000000000000007675_0,1948,1377,668,912,1124,1232,1729,1866,1901,1998,"{""type"":""MultiPoint"",""coordinates"":[]}"
00000000000000007679_0,3088,2675,516,927,1691,2031,2464,2598,2727,2642,"{""type"":""MultiPoint"",""coordinates"":[]}"
0000000000000000767d_0,2333,1293,354,570,500,989,2162,2601,2757,2971,"{""type"":""MultiPoint"",""coordinates"":[]}"
0000000000000000767f_0,4741,3988,1401,1710,2002,2257,2812,3054,3104,3531,"{""type"":""MultiPoint"",""coordinates"":[]}"
00000000000000007686_0,2343,1654,701,987,1256,1612,2200,2363,2391,2484,"{""type"":""MultiPoint"",""coordinates"":[]}"
0000000000000000768c_0,1868,925,375,604,417,996,2285,2739,2856,3100,"{""type"":""MultiPoint"",""coordinates"":[]}"
00000000000000007694_0,4769,4179,659,1204,2461,2810,2999,3086,3138,3204,"{""type"":""MultiPoint"",""coordinates"":[]}"
00000000000000007699_0,2764,1659,361,706,1254,1733,2421,2692,2452,2692,"{""type"":""MultiPoint"",""coordinates"":[]}"
0000000000000000769b_0,3851,3521,386,888,1919,2435,2767,2944,2957,2959,"{""type"":""MultiPoint"",""coordinates"":[]}"
000000000000000076a1_0,2937,2487,623,810,922,1196,1512,1676,1714,1960,"{""type"":""MultiPoint"",""coordinates"":[]}"
000000000000000076a8_0,2426,1802,356,616,1037,1387,1830,2084,2142,2240,"{""type"":""MultiPoint"",""coordinates"":[]}"
000000000000000076ac_0,1474,592,213,325,182,546,1924,2573,2416,2623,"{""type"":""MultiPoint"",""coordinates"":[]}"
000000000000000076b6_0,2789,2146,531,738,970,1262,1648,1827,1889,2003,"{""type"":""MultiPoint"",""coordinates"":[]}"
000000000000000076bd_0,3526,3040,561,977,1741,2024,2307,2414,2347,2479,"{""type"":""MultiPoint"",""coordinates"":[]}"
000000000000000076c3_0,3452,2700,561,903,1197,1552,2523,2866,2956,3073,"{""type"":""MultiPoint"",""coordinates"":[]}"
000000000000000076ce_0,423,209,10,73,38,165,514,775,767,715,"{""type"":""MultiPoint"",""coordinates"":[]}"
000000000000000076d2_0,2975,2525,484,864,1592,2001,2373,2483,2541,2524,"{""type"":""MultiPoint"",""coordinates"":[]}"
000000000000000076d6_0,1972,1026,403,659,486,1091,2190,2523,2528,2773,"{""type"":""MultiPoint"",""coordinates"":[]}"
000000000000000076d8_0,2660,1893,557,733,748,1155,1780,2035,2088,2262,"{""type"":""MultiPoint"",""coordinates"":[]}"
000000000000000076df_0,2461,1761,610,958,1002,1503,2187,2357,2376,2508,"{""type"":""MultiPoint"",""coordinates"":[]}"
000000000000000076e3_0,1485,600,184,387,183,518,2962,4178,4157,4243,"{""type"":""MultiPoint"",""coordinates"":[]}"
000000000000000076e7_0,4266,3758,590,993,2204,2736,3281,3396,3476,3428,"{""type"":""MultiPoint"",""coordinates"":[]}"
000000000000000076eb_0,3455,3106,1137,1576,2166,2465,2647,2667,2747,2857,"{""type"":""MultiPoint"",""coordinates"":[]}"
000000000000000076f2_0,1413,800,325,500,462,795,1716,2053,2183,2263,"{""type"":""MultiPoint"",""coordinates"":[]}"
000000000000000076f4_0,3475,3418,333,767,1865,2178,2456,2526,2585,2521,"{""type"":""MultiPoint"",""coordinates"":[]}"
000000000000000076f8_0,1660,722,275,537,263,915,2448,2956,3102,3267,"{""type"":""MultiPoint"",""coordinates"":[]}"
00000000000000007709_0,3565,3133,622,1004,1947,2332,2882,2915,3072,3010,"{""type"":""MultiPoint"",""coordinates"":[]}"
0000000000000000770d_0,1462,600,133,308,158,602,2339,2901,2866,3207,"{""type"":""MultiPoint"",""coordinates"":[]}"
0000000000000000770f_0,3130,2365,545,829,900,1377,2457,2782,2927,3090,"{""type"":""MultiPoint"",""coordinates"":[]}"
00000000000000007716_0,3709,2991,633,1043,1556,2098,2762,3015,2997,3075,"{""type"":""MultiPoint"",""coordinates"":[]}"
0000000000000000771a_0,2483,1777,367,565,705,1103,1891,2217,2267,2499,"{""type"":""MultiPoint"",""coordinates"":[]}"
0000000000000000771c_0,1768,784,195,397,258,746,2011,2509,2519,2882,"{""type"":""MultiPoint"",""coordinates"":[]}"
00000000000000007729_0,3018,2233,504,812,1183,1634,2047,2202,2178,2339,"{""type"":""MultiPoint"",""coordinates"":[]}"
0000000000000000772f_0,2449,1346,522,818,699,1325,2633,3117,3137,3413,"{""type"":""MultiPoint"",""coordinates"":[]}"
00000000000000007738_0,3289,1942,522,1075,674,1711,3586,4114,4106,4314,"{""type"":""MultiPoint"",""coordinates"":[]}"
0000000000000000773c_0,1482,665,155,356,222,694,2011,2364,2492,2628,"{""type"":""MultiPoint"",""coordinates"":[]}"
00000000000000007740_0,3934,3292,462,974,2010,2553,3188,3368,3553,3421,"{""type"":""MultiPoint"",""coordinates"":[]}"
00000000000000007744_0,270,151,6512,6825,6902,7103,6443,6366,6226,5967,"{""type"":""MultiPoint"",""coordinates"":[]}"
00000000000000007746_0,2890,2125,568,850,994,1394,2294,2631,2694,2870,"{""type"":""MultiPoint"",""coordinates"":[]}"
0000000000000000774d_0,3218,2774,559,821,1356,1647,2014,2159,2200,2233,"{""type"":""MultiPoint"",""coordinates"":[]}"
00000000000000007751_0,1603,689,215,605,298,1004,3399,4148,4379,4353,"{""type"":""MultiPoint"",""coordinates"":[]}"
00000000000000007753_0,4053,3312,841,1267,1601,1928,2657,3075,3078,3173,"{""type"":""MultiPoint"",""coordinates"":[]}"
0000000000000000775a_0,1635,903,201,355,376,686,1393,1578,1814,1832,"{""type"":""MultiPoint"",""coordinates"":[]}"
0000000000000000775e_0,2394,1295,372,667,565,1111,2568,2973,3209,3306,"{""type"":""MultiPoint"",""coordinates"":[]}"
00000000000000007762_0,2820,2607,357,756,1735,2022,2277,2287,2383,2250,"{""type"":""MultiPoint"",""coordinates"":[]}"
00000000000000007766_0,1760,911,318,548,405,943,2062,2373,2375,2603,"{""type"":""MultiPoint"",""coordinates"":[]}"
00000000000000007768_0,2395,1489,453,689,673,1107,2000,2236,2277,2455,"{""type"":""MultiPoint"",""coordinates"":[]}"
0000000000000000777b_0,2992,2720,1163,1542,2164,2378,2460,2519,2601,2575,"{""type"":""MultiPoint"",""coordinates"":[]}"
0000000000000000777d_0,4642,3955,1208,1966,2820,3060,3273,3413,3625,3542,"{""type"":""MultiPoint"",""coordinates"":[]}"
00000000000000007784_0,3619,3052,489,1001,1961,2421,2950,3055,3139,3145,"{""type"":""MultiPoint"",""coordinates"":[]}"
00000000000000007788_0,2265,1279,414,657,523,1079,2222,2526,2600,2746,"{""type"":""MultiPoint"",""coordinates"":[]}"
0000000000000000778a_0,4124,3335,1177,1668,2074,2401,3124,3356,3391,3523,"{""type"":""MultiPoint"",""coordinates"":[]}"
00000000000000007791_0,2062,1281,328,509,565,880,1495,1717,1750,1866,"{""type"":""MultiPoint"",""coordinates"":[]}"
00000000000000007795_0,1816,806,257,511,318,908,2317,2792,2824,3040,"{""type"":""MultiPoint"",""coordinates"":[]}"
00000000000000007799_0,3367,2788,600,1043,1924,2186,2537,2650,2840,2751,"{""type"":""MultiPoint"",""coordinates"":[]}"
0000000000000000779d_0,2090,1366,394,702,720,1086,1747,1915,1963,2041,"{""type"":""MultiPoint"",""coordinates"":[]}"
000000000000000077a6_0,3983,3450,586,1075,1986,2425,2987,3093,3158,3163,"{""type"":""MultiPoint"",""coordinates"":[]}"
000000000000000077aa_0,1521,584,266,423,225,708,2227,2836,2929,3140,"{""type"":""MultiPoint"",""coordinates"":[]}"
000000000000000077ac_0,2106,1256,342,487,543,878,1624,2058,2058,2282,"{""type"":""MultiPoint"",""coordinates"":[]}"
000000000000000077b7_0,1662,677,205,440,161,771,2832,3632,3600,3850,"{""type"":""MultiPoint"",""coordinates"":[]}"
000000000000000077bf_0,1629,746,299,583,334,911,2467,2918,2900,3150,"{""type"":""MultiPoint"",""coordinates"":[]}"
000000000000000077c8_0,3685,2783,732,1193,1462,1921,2309,2503,2525,2691,"{""type"":""MultiPoint"",""coordinates"":[]}"
000000000000000077cc_0,1725,730,223,553,333,836,2804,3550,3607,3799,"{""type"":""MultiPoint"",""coordinates"":[]}"
000000000000000077d4_0,2297,1998,973,1352,1718,1931,2084,2167,2139,2205,"{""type"":""MultiPoint"",""coordinates"":[]}"
000000000000000077d6_0,3212,2237,582,985,1297,1772,2928,3371,3399,3628,"{""type"":""MultiPoint"",""coordinates"":[]}"
000000000000000077e1_0,2242,1214,311,631,522,1086,2510,2825,3099,3104,"{""type"":""MultiPoint"",""coordinates"":[]}"
000000000000000077e3_0,2299,1410,433,620,577,946,1885,2333,2327,2520,"{""type"":""MultiPoint"",""coordinates"":[]}"
000000000000000077ea_0,2420,1504,282,430,566,813,1280,1413,1480,1596,"{""type"":""MultiPoint"",""coordinates"":[]}"
000000000000000077f2_0,3940,3513,587,1018,2128,2607,3103,3205,3354,3209,"{""type"":""MultiPoint"",""coordinates"":[]}"
000000000000000077f6_0,1848,766,165,424,217,862,2684,3195,3304,3566,"{""type"":""MultiPoint"",""coordinates"":[]}"
000000000000000077f8_0,2541,1756,440,705,780,1213,1907,2167,2225,2362,"{""type"":""MultiPoint"",""coordinates"":[]}"
000000000000000077ff_0,3204,2688,538,858,1360,1806,2486,2712,2599,2715,"{""type"":""MultiPoint"",""coordinates"":[]}"
00000000000000007805_0,1946,1292,337,578,513,988,1798,2062,2235,2303,"{""type"":""MultiPoint"",""coordinates"":[]}"
00000000000000007807_0,3321,2735,380,790,1576,1980,2370,2532,2708,2617,"{""type"":""MultiPoint"",""coordinates"":[]}"
0000000000000000780d_0,1929,1623,747,974,1329,1444,1458,1479,1505,1440,"{""type"":""MultiPoint"",""coordinates"":[]}"
00000000000000007814_0,2914,2545,272,663,1377,1740,2146,2299,2379,2365,"{""type"":""MultiPoint"",""coordinates"":[]}"
00000000000000007818_0,2038,1035,287,534,381,909,2077,2412,2460,2785,"{""type"":""MultiPoint"",""coordinates"":[]}"
0000000000000000781a_0,2880,2238,858,1075,1129,1412,2119,2363,2436,2605,"{""type"":""MultiPoint"",""coordinates"":[]}"
00000000000000007821_0,2119,1203,385,791,543,1231,2594,2915,2857,3023,"{""type"":""MultiPoint"",""coordinates"":[]}"
00000000000000007825_0,1779,813,253,508,305,744,2823,3944,3962,4082,"{""type"":""MultiPoint"",""coordinates"":[]}"
00000000000000007829_0,4885,4587,873,1497,3159,3535,3926,3960,4166,3852,"{""type"":""MultiPoint"",""coordinates"":[]}"
0000000000000000782d_0,3358,3295,1307,1806,2489,2664,2681,2824,2812,2828,"{""type"":""MultiPoint"",""coordinates"":[]}"
0000000000000000782f_0,3963,3099,536,1028,1702,2256,3126,3433,3381,3594,"{""type"":""MultiPoint"",""coordinates"":[]}"
0000000000000000783a_0,2228,1100,353,711,544,1274,2648,2957,2983,3311,"{""type"":""MultiPoint"",""coordinates"":[]}"
0000000000000000783c_0,1882,1123,256,427,341,762,2027,2505,2465,2671,"{""type"":""MultiPoint"",""coordinates"":[]}"
00000000000000007843_0,2631,1875,568,665,787,1067,1577,1725,1920,2112,"{""type"":""MultiPoint"",""coordinates"":[]}"
00000000000000007847_0,1111,475,136,300,164,533,1965,2384,2578,2652,"{""type"":""MultiPoint"",""coordinates"":[]}"
0000000000000000784b_0,4145,3744,653,1310,2568,2970,3347,3456,3693,3592,"{""type"":""MultiPoint"",""coordinates"":[]}"
0000000000000000784f_0,1795,822,329,563,325,906,2398,2889,2806,3115,"{""type"":""MultiPoint"",""coordinates"":[]}"
00000000000000007858_0,2704,2185,596,902,1228,1606,2123,2293,2328,2346,"{""type"":""MultiPoint"",""coordinates"":[]}"
0000000000000000785c_0,1424,598,118,337,170,641,2181,2827,2719,3023,"{""type"":""MultiPoint"",""coordinates"":[]}"
00000000000000007860_0,4210,3643,1012,1510,2402,2754,2962,3051,3243,3268,"{""type"":""MultiPoint"",""coordinates"":[]}"
00000000000000007864_0,2198,2209,911,1232,1710,1825,1869,1938,2008,1949,"{""type"":""MultiPoint"",""coordinates"":[]}"
00000000000000007866_0,2861,2200,700,1011,1122,1554,2385,2593,2587,2786,"{""type"":""MultiPoint"",""coordinates"":[]}"
0000000000000000786b_0,1670,718,233,479,253,915,3002,3576,3528,3800,"{""type"":""MultiPoint"",""coordinates"":[]}"
0000000000000000786d_0,3365,2840,375,792,1646,2009,2213,2400,2549,2536,"{""type"":""MultiPoint"",""coordinates"":[]}"
00000000000000007873_0,2897,2104,636,978,1008,1527,2511,2808,2804,3010,"{""type"":""MultiPoint"",""coordinates"":[]}"
0000000000000000787a_0,2809,1964,302,624,916,1237,1760,1872,2097,2090,"{""type"":""MultiPoint"",""coordinates"":[]}"
0000000000000000787e_0,1634,788,219,430,277,852,2333,2868,2911,3130,"{""type"":""MultiPoint"",""coordinates"":[]}"
00000000000000007882_0,3008,2584,533,845,1440,1780,2178,2309,2415,2347,"{""type"":""MultiPoint"",""coordinates"":[]}"
00000000000000007886_0,2080,1319,451,774,639,1165,2317,2590,2743,2656,"{""type"":""MultiPoint"",""coordinates"":[]}"
00000000000000007888_0,2129,1302,429,708,634,1130,2183,2488,2446,2781,"{""type"":""MultiPoint"",""coordinates"":[]}"
0000000000000000788f_0,4883,4107,1068,1724,2574,3210,3661,3964,3896,4081,"{""type"":""MultiPoint"",""coordinates"":[]}"
00000000000000007893_0,2414,1442,521,823,832,1428,2544,2896,2908,3178,"{""type"":""MultiPoint"",""coordinates"":[]}"
00000000000000007895_0,1828,1055,268,421,312,793,2080,2565,2549,2809,"{""type"":""MultiPoint"",""coordinates"":[]}"
00000000000000007897_0,3190,2657,565,897,1382,1761,2256,2432,2587,2582,"{""type"":""MultiPoint"",""coordinates"":[]}"
000000000000000078a2_0,4118,3112,1430,1840,2102,2563,2901,3163,3092,3285,"{""type"":""MultiPoint"",""coordinates"":[]}"
000000000000000078a4_0,3956,3526,459,970,2282,2663,2903,2920,2993,2890,"{""type"":""MultiPoint"",""coordinates"":[]}"
000000000000000078a8_0,1471,753,240,459,361,752,1845,2185,2269,2378,"{""type"":""MultiPoint"",""coordinates"":[]}"
000000000000000078aa_0,3123,2556,739,979,995,1526,2167,2369,2333,2627,"{""type"":""MultiPoint"",""coordinates"":[]}"
000000000000000078b1_0,3062,2256,760,1241,1192,1724,2789,3107,3083,3158,"{""type"":""MultiPoint"",""coordinates"":[]}"
000000000000000078b5_0,1565,752,297,583,381,878,2842,3651,3615,3951,"{""type"":""MultiPoint"",""coordinates"":[]}"
000000000000000078b9_0,3244,2543,646,1021,1841,2234,2627,2736,2898,2773,"{""type"":""MultiPoint"",""coordinates"":[]}"
000000000000000078bf_0,2814,1979,458,741,977,1450,2123,2452,2426,2612,"{""type"":""MultiPoint"",""coordinates"":[]}"
000000000000000078c6_0,3788,3254,552,906,1704,2131,2550,2665,2705,2689,"{""type"":""MultiPoint"",""coordinates"":[]}"
000000000000000078ca_0,1770,888,249,469,312,686,2691,3557,3653,3727,"{""type"":""MultiPoint"",""coordinates"":[]}"
000000000000000078cc_0,2644,1953,565,928,981,1461,2564,2872,2722,2999,"{""type"":""MultiPoint"",""coordinates"":[]}"
000000000000000078d3_0,2502,1781,460,702,729,1062,1604,1768,1748,1923,"{""type"":""MultiPoint"",""coordinates"":[]}"
000000000000000078d7_0,2512,1176,294,618,344,1169,3322,4044,4194,4406,"{""type"":""MultiPoint"",""coordinates"":[]}"
000000000000000078db_0,3698,3414,644,976,1963,2371,2679,2801,2772,2751,"{""type"":""MultiPoint"",""coordinates"":[]}"
000000000000000078e1_0,2283,1462,330,567,589,1057,1787,1979,2023,2195,"{""type"":""MultiPoint"",""coordinates"":[]}"
000000000000000078e8_0,2275,1717,492,751,845,1186,1827,2031,1989,2107,"{""type"":""MultiPoint"",""coordinates"":[]}"
000000000000000078ec_0,2344,1507,391,717,779,1282,2649,3181,3105,3392,"{""type"":""MultiPoint"",""coordinates"":[]}"
000000000000000078f0_0,2737,2040,650,986,1582,1861,2071,2153,2093,2177,"{""type"":""MultiPoint"",""coordinates"":[]}"
000000000000000078f6_0,4687,4287,1665,2331,3207,3487,3494,3597,3743,3638,"{""type"":""MultiPoint"",""coordinates"":[]}"
000000000000000078fb_0,1325,824,402,728,749,1244,1777,1982,2104,2260,"{""type"":""MultiPoint"",""coordinates"":[]}"
000000000000000078fd_0,3854,3340,348,844,1963,2370,2685,2747,2871,2797,"{""type"":""MultiPoint"",""coordinates"":[]}"
00000000000000007901_0,1677,1078,279,416,495,733,1023,1223,1249,1447,"{""type"":""MultiPoint"",""coordinates"":[]}"
00000000000000007903_0,3101,2378,738,1074,1188,1671,2570,2825,2903,3103,"{""type"":""MultiPoint"",""coordinates"":[]}"
0000000000000000790e_0,1446,600,140,298,170,580,2314,2843,3115,3365,"{""type"":""MultiPoint"",""coordinates"":[]}"
00000000000000007912_0,4026,3340,6370,6619,6833,6907,6823,6745,7085,6715,"{""type"":""MultiPoint"",""coordinates"":[]}"
00000000000000007916_0,2376,2059,919,1183,1476,1728,1928,2006,1888,1958,"{""type"":""MultiPoint"",""coordinates"":[]}"
00000000000000007918_0,2722,1995,416,742,912,1314,1896,2223,2396,2400,"{""type"":""MultiPoint"",""coordinates"":[]}"
00000000000000007923_0,2775,1614,418,823,770,1569,3133,3533,3516,3780,"{""type"":""MultiPoint"",""coordinates"":[]}"
00000000000000007925_0,2372,1537,444,709,667,1084,2370,2722,2784,2939,"{""type"":""MultiPoint"",""coordinates"":[]}"
00000000000000007932_0,1835,957,263,537,358,944,2418,2952,2943,3195,"{""type"":""MultiPoint"",""coordinates"":[]}"
00000000000000007938_0,2575,1715,563,775,761,1258,2202,2560,2676,2887,"{""type"":""MultiPoint"",""coordinates"":[]}"
0000000000000000793a_0,3187,2563,800,1055,1152,1656,2363,2584,2553,2844,"{""type"":""MultiPoint"",""coordinates"":[]}"
00000000000000007941_0,2645,1966,497,850,968,1383,1987,2197,2152,2213,"{""type"":""MultiPoint"",""coordinates"":[]}"
00000000000000007949_0,3260,2962,508,861,1962,2290,2516,2574,2649,2547,"{""type"":""MultiPoint"",""coordinates"":[]}"
0000000000000000794f_0,3511,2601,653,1177,1448,2002,3212,3431,3363,3470,"{""type"":""MultiPoint"",""coordinates"":[]}"
00000000000000007956_0,2414,2130,314,632,1309,1462,1520,1559,1619,1593,"{""type"":""MultiPoint"",""coordinates"":[]}"
0000000000000000795a_0,2879,1911,420,806,774,1557,3143,3619,3621,3821,"{""type"":""MultiPoint"",""coordinates"":[]}"
0000000000000000795b_0,969,454,247,343,222,598,1846,2117,2312,2391,"{""type"":""MultiPoint"",""coordinates"":[]}"
0000000000000000795c_0,1956,1268,347,577,607,997,2014,2298,2315,2482,"{""type"":""MultiPoint"",""coordinates"":[]}"
00000000000000007963_0,2492,1501,421,661,701,1293,2242,2554,2542,2875,"{""type"":""MultiPoint"",""coordinates"":[]}"
00000000000000007967_0,2053,981,356,689,399,1127,3191,3525,3728,3938,"{""type"":""MultiPoint"",""coordinates"":[]}"
0000000000000000796f_0,1455,740,607,701,519,869,2166,2676,2657,2755,"{""type"":""MultiPoint"",""coordinates"":[]}"
00000000000000007971_0,3040,2190,577,1015,1187,1636,2773,3004,3165,3321,"{""type"":""MultiPoint"",""coordinates"":[]}"
00000000000000007978_0,4051,3508,757,1230,2019,2335,2460,2605,2613,2702,"{""type"":""MultiPoint"",""coordinates"":[]}"
0000000000000000797c_0,2601,1437,419,894,729,1502,2939,3294,3344,3564,"{""type"":""MultiPoint"",""coordinates"":[]}"
0000000000000000797e_0,3186,2618,514,756,933,1474,1987,2106,2112,2387,"{""type"":""MultiPoint"",""coordinates"":[]}"
00000000000000007980_0,2287,2123,576,807,1117,1299,1634,1762,1843,1821,"{""type"":""MultiPoint"",""coordinates"":[]}"
0000000000000000798b_0,2811,2064,403,642,903,1318,1769,1972,1899,2084,"{""type"":""MultiPoint"",""coordinates"":[]}"
0000000000000000798d_0,3837,3619,515,916,2041,2430,2671,2766,2813,2750,"{""type"":""MultiPoint"",""coordinates"":[]}"
00000000000000007991_0,2152,1137,373,638,449,1079,2442,2746,2732,3000,"{""type"":""MultiPoint"",""coordinates"":[]}"
0000000000000000799a_0,2658,1741,595,1087,890,1607,2791,3059,3110,3241,"{""type"":""MultiPoint"",""coordinates"":[]}"
0000000000000000799e_0,2622,1418,491,976,765,1600,2981,3286,3397,3549,"{""type"":""MultiPoint"",""coordinates"":[]}"
000000000000000079a2_0,4425,4283,373,896,2443,2883,3106,3153,3217,3184,"{""type"":""MultiPoint"",""coordinates"":[]}"
000000000000000079a6_0,2538,2333,652,1033,1628,1779,1901,1965,2006,2023,"{""type"":""MultiPoint"",""coordinates"":[]}"
000000000000000079a8_0,2729,1910,361,699,933,1388,2255,2514,2510,2701,"{""type"":""MultiPoint"",""coordinates"":[]}"
000000000000000079af_0,3926,3668,584,920,1889,2332,2683,2809,2800,2860,"{""type"":""MultiPoint"",""coordinates"":[]}"
000000000000000079b3_0,1681,828,368,651,487,1058,2359,2699,2960,3055,"{""type"":""MultiPoint"",""coordinates"":[]}"
000000000000000079b5_0,2234,1409,343,656,562,1138,2314,2507,2414,2651,"{""type"":""MultiPoint"",""coordinates"":[]}"
000000000000000079b7_0,2734,2202,421,716,1386,1517,1541,1606,1670,1547,"{""type"":""MultiPoint"",""coordinates"":[]}"
000000000000000079bc_0,2825,1907,589,1000,1150,1784,2597,2892,2947,3119,"{""type"":""MultiPoint"",""coordinates"":[]}"
000000000000000079c4_0,3126,3040,536,765,1427,1736,1969,2017,2022,2057,"{""type"":""MultiPoint"",""coordinates"":[]}"
000000000000000079c8_0,2915,1898,590,882,1069,1457,2117,2374,2589,2585,"{""type"":""MultiPoint"",""coordinates"":[]}"
000000000000000079ca_0,2581,1765,353,653,727,1170,2033,2302,2367,2519,"{""type"":""MultiPoint"",""coordinates"":[]}"
000000000000000079d1_0,4237,3304,737,1213,1657,2386,3210,3446,3447,3509,"{""type"":""MultiPoint"",""coordinates"":[]}"
000000000000000079d9_0,3426,2641,600,1035,1861,2130,2307,2396,2496,2440,"{""type"":""MultiPoint"",""coordinates"":[]}"
000000000000000079e4_0,2039,1029,352,611,466,994,2532,2862,3136,3198,"{""type"":""MultiPoint"",""coordinates"":[]}"
000000000000000079ea_0,2198,1271,424,667,576,1000,1946,2264,2392,2513,"{""type"":""MultiPoint"",""coordinates"":[]}"
000000000000000079ec_0,3055,2319,427,697,966,1334,2049,2270,2287,2535,"{""type"":""MultiPoint"",""coordinates"":[]}"
000000000000000079f3_0,3701,2854,1059,1556,2012,2430,2707,3132,3166,3347,"{""type"":""MultiPoint"",""coordinates"":[]}"
000000000000000079f7_0,2922,1561,412,765,700,1399,3137,3524,3623,3877,"{""type"":""MultiPoint"",""coordinates"":[]}"
000000000000000079fb_0,4163,3695,548,951,2196,2656,3062,3155,3152,3120,"{""type"":""MultiPoint"",""coordinates"":[]}"
00000000000000007a01_0,3247,2485,807,1214,1371,1821,2690,2996,3096,3207,"{""type"":""MultiPoint"",""coordinates"":[]}"
00000000000000007a0c_0,2564,1389,452,920,726,1543,3070,3438,3492,3702,"{""type"":""MultiPoint"",""coordinates"":[]}"
00000000000000007a0e_0,3540,3008,818,1258,1434,1944,2561,2842,2865,3111,"{""type"":""MultiPoint"",""coordinates"":[]}"
00000000000000007a1d_0,3691,3112,387,872,1967,2284,2450,2557,2578,2563,"{""type"":""MultiPoint"",""coordinates"":[]}"
00000000000000007a21_0,1846,1016,369,620,489,1014,2105,2418,2487,2649,"{""type"":""MultiPoint"",""coordinates"":[]}"
00000000000000007a23_0,4190,3450,1021,1445,1709,2258,3095,3433,3444,3720,"{""type"":""MultiPoint"",""coordinates"":[]}"
00000000000000007a2e_0,1716,761,184,373,163,671,2911,3760,3846,3932,"{""type"":""MultiPoint"",""coordinates"":[]}"
00000000000000007a32_0,4051,2795,604,1167,2382,2688,2789,2751,2723,2561,"{""type"":""MultiPoint"",""coordinates"":[]}"
00000000000000007a38_0,1894,1141,465,769,552,1038,2397,2813,2670,2861,"{""type"":""MultiPoint"",""coordinates"":[]}"
00000000000000007a3f_0,2770,2122,516,776,904,1301,2031,2199,2234,2334,"{""type"":""MultiPoint"",""coordinates"":[]}"
00000000000000007a43_0,1608,973,287,475,461,851,1879,2207,2105,2339,"{""type"":""MultiPoint"",""coordinates"":[]}"
00000000000000007a47_0,1057,567,181,535,622,1092,1794,2027,2137,2131,"{""type"":""MultiPoint"",""coordinates"":[]}"
00000000000000007a4c_0,3217,2335,579,929,1208,1763,2378,2645,2691,2968,"{""type"":""MultiPoint"",""coordinates"":[]}"
00000000000000007a54_0,4944,4694,665,1109,2784,3239,3441,3460,3599,3394,"{""type"":""MultiPoint"",""coordinates"":[]}"
00000000000000007a58_0,2413,1430,392,613,529,1008,2247,2628,2594,2881,"{""type"":""MultiPoint"",""coordinates"":[]}"
00000000000000007a5a_0,2966,2339,461,774,1023,1440,1899,2132,2198,2329,"{""type"":""MultiPoint"",""coordinates"":[]}"
00000000000000007a61_0,4894,4262,708,1107,2207,2772,3068,3288,3243,3315,"{""type"":""MultiPoint"",""coordinates"":[]}"
00000000000000007a65_0,817,455,218,377,304,564,806,973,1020,1147,"{""type"":""MultiPoint"",""coordinates"":[]}"
00000000000000007a67_0,2814,1836,605,751,782,1282,2060,2315,2356,2646,"{""type"":""MultiPoint"",""coordinates"":[]}"
00000000000000007a69_0,2040,1652,321,584,1039,1408,1708,1750,1597,1743,"{""type"":""MultiPoint"",""coordinates"":[]}"
00000000000000007a7a_0,1521,690,241,489,287,866,2112,2443,2543,2739,"{""type"":""MultiPoint"",""coordinates"":[]}"
00000000000000007a7c_0,2940,2051,606,837,971,1349,2035,2285,2303,2530,"{""type"":""MultiPoint"",""coordinates"":[]}"
00000000000000007a83_0,3485,3251,1092,1488,1846,2068,2185,2301,2425,2474,"{""type"":""MultiPoint"",""coordinates"":[]}"
00000000000000007a8b_0,4037,3868,280,726,2073,2408,2582,2627,2684,2661,"{""type"":""MultiPoint"",""coordinates"":[]}"
00000000000000007a9c_0,1970,957,346,662,398,1106,2960,3492,3348,3637,"{""type"":""MultiPoint"",""coordinates"":[]}"
00000000000000007a9e_0,2157,1477,509,699,717,1063,1721,1918,1942,2099,"{""type"":""MultiPoint"",""coordinates"":[]}"
00000000000000007aa0_0,3136,2879,388,742,1427,1668,1782,1823,1855,1843,"{""type"":""MultiPoint"",""coordinates"":[]}"
00000000000000007aa5_0,3041,1960,497,776,895,1433,2276,2644,2785,2986,"{""type"":""MultiPoint"",""coordinates"":[]}"
00000000000000007aab_0,3031,2418,450,858,1071,1646,2602,2928,2987,3114,"{""type"":""MultiPoint"",""coordinates"":[]}"
00000000000000007ab3_0,3505,2817,788,1162,1426,1846,2312,2457,2494,2677,"{""type"":""MultiPoint"",""coordinates"":[]}"
00000000000000007aba_0,3933,3134,613,945,1389,1604,1863,1959,1772,1722,"{""type"":""MultiPoint"",""coordinates"":[]}"
00000000000000007abe_0,2317,1309,388,696,619,1184,2672,3142,3219,3483,"{""type"":""MultiPoint"",""coordinates"":[]}"
00000000000000007ac2_0,3179,3196,632,991,1730,1937,2063,2129,2223,2188,"{""type"":""MultiPoint"",""coordinates"":[]}"
00000000000000007ac6_0,3461,3110,1638,2115,2707,2778,2849,2875,2957,2879,"{""type"":""MultiPoint"",""coordinates"":[]}"
00000000000000007ac8_0,2789,2576,887,1222,1616,1828,1955,2054,2160,2135,"{""type"":""MultiPoint"",""coordinates"":[]}"
00000000000000007ad5_0,3976,3189,656,977,1572,2142,3180,3537,3508,3746,"{""type"":""MultiPoint"",""coordinates"":[]}"
00000000000000007adc_0,4482,3863,835,1354,2121,2485,2775,2924,2907,3011,"{""type"":""MultiPoint"",""coordinates"":[]}"
00000000000000007ae0_0,1537,650,150,361,197,693,2620,3260,3514,3691,"{""type"":""MultiPoint"",""coordinates"":[]}"
00000000000000007ae4_0,3573,3006,407,891,2110,2456,2614,2616,2642,2658,"{""type"":""MultiPoint"",""coordinates"":[]}"
00000000000000007aea_0,2384,1670,394,699,830,1258,2207,2486,2479,2655,"{""type"":""MultiPoint"",""coordinates"":[]}"
00000000000000007af5_0,3126,2260,571,910,1044,1575,2683,3169,3087,3328,"{""type"":""MultiPoint"",""coordinates"":[]}"
00000000000000007b06_0,3426,3230,360,681,1690,1985,2074,2261,2307,2283,"{""type"":""MultiPoint"",""coordinates"":[]}"
00000000000000007b0a_0,1759,1222,449,673,684,1083,1872,2137,1929,2298,"{""type"":""MultiPoint"",""coordinates"":[]}"
00000000000000007b0c_0,3191,2420,693,1067,1142,1675,2657,3020,2888,3132,"{""type"":""MultiPoint"",""coordinates"":[]}"
00000000000000007b13_0,3565,2341,772,1266,1268,2088,3143,3500,3578,3809,"{""type"":""MultiPoint"",""coordinates"":[]}"
00000000000000007b17_0,3093,2676,826,1146,1809,1990,2329,2474,2431,2672,"{""type"":""MultiPoint"",""coordinates"":[]}"
00000000000000007b1b_0,4598,4547,323,737,2204,2707,2959,3070,2991,2992,"{""type"":""MultiPoint"",""coordinates"":[]}"
00000000000000007b1f_0,5236,4965,1917,2451,3368,3551,3658,3793,3960,3853,"{""type"":""MultiPoint"",""coordinates"":[]}"
00000000000000007b21_0,2486,1792,330,639,748,1206,2177,2428,2439,2576,"{""type"":""MultiPoint"",""coordinates"":[]}"
00000000000000007b28_0,3726,3227,603,1049,1470,2133,2911,3132,3221,3268,"{""type"":""MultiPoint"",""coordinates"":[]}"
00000000000000007b2c_0,2630,1877,466,783,832,1375,2363,2640,2744,2752,"{""type"":""MultiPoint"",""coordinates"":[]}"
00000000000000007b2e_0,1375,738,214,385,264,657,1697,1988,2032,2211,"{""type"":""MultiPoint"",""coordinates"":[]}"
00000000000000007b30_0,4438,4022,331,834,2361,2874,3176,3246,3383,3240,"{""type"":""MultiPoint"",""coordinates"":[]}"
00000000000000007b35_0,2913,1839,470,770,857,1399,2286,2551,2672,2802,"{""type"":""MultiPoint"",""coordinates"":[]}"
00000000000000007b3d_0,3824,3443,620,957,2043,2492,2738,2839,2841,2856,"{""type"":""MultiPoint"",""coordinates"":[]}"
00000000000000007b41_0,2506,1923,657,915,1059,1412,2129,2439,2488,2663,"{""type"":""MultiPoint"",""coordinates"":[]}"
00000000000000007b43_0,2890,2341,460,752,912,1283,1819,2036,2065,2216,"{""type"":""MultiPoint"",""coordinates"":[]}"
00000000000000007b4e_0,2219,1517,441,708,824,1157,1816,2104,2035,2184,"{""type"":""MultiPoint"",""coordinates"":[]}"
00000000000000007b50_0,2483,1479,662,1051,897,1511,2716,3045,3188,3352,"{""type"":""MultiPoint"",""coordinates"":[]}"
00000000000000007b56_0,3404,3179,1159,1665,2332,2533,2628,2680,2612,2686,"{""type"":""MultiPoint"",""coordinates"":[]}"
00000000000000007b58_0,3934,4094,1607,2155,2872,3034,3074,3101,3235,3096,"{""type"":""MultiPoint"",""coordinates"":[]}"
00000000000000007b5f_0,3917,3586,355,767,1984,2339,2508,2572,2699,2602,"{""type"":""MultiPoint"",""coordinates"":[]}"
00000000000000007b63_0,2048,1199,337,581,468,955,2145,2541,2561,2819,"{""type"":""MultiPoint"",""coordinates"":[]}"
00000000000000007b65_0,2888,1985,462,716,727,1312,2553,2998,2878,3132,"{""type"":""MultiPoint"",""coordinates"":[]}"
00000000000000007b6c_0,3319,2642,767,1283,1901,2145,2219,2361,2629,2560,"{""type"":""MultiPoint"",""coordinates"":[]}"
00000000000000007b74_0,4223,3911,591,1044,2508,2925,3187,3231,3284,3147,"{""type"":""MultiPoint"",""coordinates"":[]}"
00000000000000007b78_0,2029,1663,537,846,1058,1234,1466,1568,1460,1590,"{""type"":""MultiPoint"",""coordinates"":[]}"
00000000000000007b7a_0,2874,2014,430,731,856,1349,2196,2494,2372,2589,"{""type"":""MultiPoint"",""coordinates"":[]}"
00000000000000007b81_0,3579,2821,447,930,1973,2354,2643,2781,2935,2886,"{""type"":""MultiPoint"",""coordinates"":[]}"
00000000000000007b85_0,1546,597,153,404,170,737,2812,3676,3764,4059,"{""type"":""MultiPoint"",""coordinates"":[]}"
00000000000000007b8e_0,2927,1826,548,698,641,1038,1743,2108,2075,2333,"{""type"":""MultiPoint"",""coordinates"":[]}"
00000000000000007b94_0,3175,2680,710,1026,1212,1671,2390,2752,2822,2899,"{""type"":""MultiPoint"",""coordinates"":[]}"
00000000000000007b9a_0,2665,1837,608,861,871,1483,2467,2802,2772,3151,"{""type"":""MultiPoint"",""coordinates"":[]}"
00000000000000007b9c_0,3666,3007,920,1338,1588,2175,2829,3096,3132,3338,"{""type"":""MultiPoint"",""coordinates"":[]}"
00000000000000007ba3_0,2308,1580,378,661,907,1414,1904,2142,2276,2272,"{""type"":""MultiPoint"",""coordinates"":[]}"
00000000000000007bab_0,3237,3002,329,711,1799,2034,2227,2238,2311,2191,"{""type"":""MultiPoint"",""coordinates"":[]}"
00000000000000007baf_0,1783,1643,678,1000,1572,1701,1755,1804,1855,1827,"{""type"":""MultiPoint"",""coordinates"":[]}"
00000000000000007bb1_0,3818,3166,952,1502,2157,2558,2793,2899,2871,3001,"{""type"":""MultiPoint"",""coordinates"":[]}"
00000000000000007bb8_0,3227,2957,740,1106,1424,1753,2163,2317,2342,2377,"{""type"":""MultiPoint"",""coordinates"":[]}"
00000000000000007bbc_0,1657,659,261,459,224,735,2420,3111,3113,3359,"{""type"":""MultiPoint"",""coordinates"":[]}"
00000000000000007bbe_0,3907,2985,703,993,1475,1790,2040,2225,2304,2476,"{""type"":""MultiPoint"",""coordinates"":[]}"
00000000000000007bc0_0,4350,4095,313,690,1840,2126,2275,2432,2513,2512,"{""type"":""MultiPoint"",""coordinates"":[]}"
00000000000000007bc5_0,3745,2522,837,1260,1458,2232,3049,3436,3554,3772,"{""type"":""MultiPoint"",""coordinates"":[]}"
00000000000000007bcd_0,4147,3701,454,917,2325,2743,2928,2996,3130,2999,"{""type"":""MultiPoint"",""coordinates"":[]}"
00000000000000007bde_0,2151,1568,371,653,818,1281,2297,2535,2385,2493,"{""type"":""MultiPoint"",""coordinates"":[]}"
00000000000000007be0_0,1845,1039,341,552,470,781,1795,2202,2378,2456,"{""type"":""MultiPoint"",""coordinates"":[]}"
00000000000000007be2_0,2295,1742,433,714,1108,1403,1713,1780,1869,1781,"{""type"":""MultiPoint"",""coordinates"":[]}"
00000000000000007bed_0,3752,2832,592,1174,1749,2342,3013,3191,3221,3283,"{""type"":""MultiPoint"",""coordinates"":[]}"
00000000000000007bf5_0,3458,2726,757,1118,1257,1797,2768,3045,3048,3307,"{""type"":""MultiPoint"",""coordinates"":[]}"
00000000000000007bfc_0,4057,3560,958,1457,2097,2450,2683,2865,2746,2925,"{""type"":""MultiPoint"",""coordinates"":[]}"
00000000000000007c00_0,2561,2334,848,981,1136,1260,1326,1521,1574,1747,"{""type"":""MultiPoint"",""coordinates"":[]}"
00000000000000007c04_0,3159,2791,386,752,1720,1994,2198,2293,2382,2299,"{""type"":""MultiPoint"",""coordinates"":[]}"
00000000000000007c08_0,2480,2285,745,1206,1766,1969,2065,2132,2154,2165,"{""type"":""MultiPoint"",""coordinates"":[]}"
00000000000000007c0a_0,5035,4464,692,1284,2469,2952,3422,3703,3626,3681,"{""type"":""MultiPoint"",""coordinates"":[]}"
00000000000000007c11_0,3628,3230,485,793,1664,2050,2523,2621,2733,2639,"{""type"":""MultiPoint"",""coordinates"":[]}"
00000000000000007c17_0,4146,3935,975,1487,2105,2430,2740,2853,2897,2970,"{""type"":""MultiPoint"",""coordinates"":[]}"
00000000000000007c19_0,3047,2752,239,617,1623,1833,1936,1927,1968,1836,"{""type"":""MultiPoint"",""coordinates"":[]}"
00000000000000007c26_0,4511,3986,662,1120,2570,2966,3205,3349,3427,3331,"{""type"":""MultiPoint"",""coordinates"":[]}"
00000000000000007c2a_0,1696,779,233,531,322,932,2456,2793,2891,3024,"{""type"":""MultiPoint"",""coordinates"":[]}"
00000000000000007c33_0,3895,3148,936,1683,2100,2760,3446,3632,3624,3729,"{""type"":""MultiPoint"",""coordinates"":[]}"
00000000000000007c37_0,3283,2735,535,837,1430,1798,2111,2302,2174,2442,"{""type"":""MultiPoint"",""coordinates"":[]}"
00000000000000007c3b_0,2764,2282,211,442,998,1113,1236,1303,1245,1223,"{""type"":""MultiPoint"",""coordinates"":[]}"
00000000000000007c3f_0,3174,2867,1474,1950,2447,2752,2764,2864,2775,2701,"{""type"":""MultiPoint"",""coordinates"":[]}"
00000000000000007c41_0,5066,4780,771,1429,3028,3311,3461,3713,3922,3758,"{""type"":""MultiPoint"",""coordinates"":[]}"
00000000000000007c48_0,3341,2233,819,1359,1945,2158,2293,2385,2440,2459,"{""type"":""MultiPoint"",""coordinates"":[]}"
00000000000000007c4c_0,1833,810,182,746,236,1041,3920,4678,4522,4919,"{""type"":""MultiPoint"",""coordinates"":[]}"
00000000000000007c55_0,3800,3285,581,1056,1751,2111,2448,2633,2933,2793,"{""type"":""MultiPoint"",""coordinates"":[]}"
00000000000000007c5d_0,2270,1705,321,676,1372,1586,1716,1808,1858,1766,"{""type"":""MultiPoint"",""coordinates"":[]}"
00000000000000007c61_0,1382,565,190,429,229,755,2322,2801,2758,3057,"{""type"":""MultiPoint"",""coordinates"":[]}"
00000000000000007c6a_0,4911,4302,542,947,2280,2828,3215,3289,3311,3343,"{""type"":""MultiPoint"",""coordinates"":[]}"
00000000000000007c6e_0,2534,1605,382,688,577,1240,2917,3572,3788,4000,"{""type"":""MultiPoint"",""coordinates"":[]}"
00000000000000007c70_0,2260,1615,510,754,733,1157,1875,2174,2155,2456,"{""type"":""MultiPoint"",""coordinates"":[]}"
00000000000000007c72_0,1714,1272,293,569,1033,1244,1498,1565,1686,1573,"{""type"":""MultiPoint"",""coordinates"":[]}"
00000000000000007c77_0,2522,1347,460,962,631,1473,3127,3568,3638,3928,"{""type"":""MultiPoint"",""coordinates"":[]}"
00000000000000007c7d_0,3898,3028,950,1354,1735,2187,2592,2893,2937,3104,"{""type"":""MultiPoint"",""coordinates"":[]}"
00000000000000007c7f_0,4933,4287,621,1245,2817,3330,3437,3562,3595,3477,"{""type"":""MultiPoint"",""coordinates"":[]}"
00000000000000007c83_0,1494,773,85,316,206,655,1762,2022,2319,2254,"{""type"":""MultiPoint"",""coordinates"":[]}"
00000000000000007c85_0,3869,3378,800,1180,1594,2075,2494,2617,2719,2854,"{""type"":""MultiPoint"",""coordinates"":[]}"
00000000000000007c8c_0,3500,2959,475,837,1403,1732,1921,2053,2121,2151,"{""type"":""MultiPoint"",""coordinates"":[]}"
00000000000000007c90_0,1335,554,141,318,181,577,2117,2780,2812,3097,"{""type"":""MultiPoint"",""coordinates"":[]}"
00000000000000007c94_0,3441,3087,353,839,2020,2182,2288,2253,2411,2293,"{""type"":""MultiPoint"",""coordinates"":[]}"
00000000000000007ca1_0,2651,2126,577,853,1144,1488,2033,2181,2368,2342,"{""type"":""MultiPoint"",""coordinates"":[]}"
00000000000000007ca7_0,2868,2158,311,590,1051,1504,2129,2335,2451,2571,"{""type"":""MultiPoint"",""coordinates"":[]}"
00000000000000007ca9_0,5145,4650,518,1105,2543,2846,3237,3372,3610,3309,"{""type"":""MultiPoint"",""coordinates"":[]}"
00000000000000007cb6_0,4779,4519,449,997,2623,2970,3222,3279,3414,3310,"{""type"":""MultiPoint"",""coordinates"":[]}"
00000000000000007cba_0,2256,1481,537,757,703,1099,1937,2244,2249,2429,"{""type"":""MultiPoint"",""coordinates"":[]}"
00000000000000007cc3_0,4953,4004,1422,2267,3315,3724,3851,4083,4278,4262,"{""type"":""MultiPoint"",""coordinates"":[]}"
00000000000000007cc9_0,1983,975,328,552,410,900,2043,2387,2402,2620,"{""type"":""MultiPoint"",""coordinates"":[]}"
00000000000000007cdc_0,1413,689,241,597,349,1063,2471,2944,3107,3310,"{""type"":""MultiPoint"",""coordinates"":[]}"
00000000000000007cf1_0,1256,1132,533,716,937,1148,1296,1365,1317,1345,"{""type"":""MultiPoint"",""coordinates"":[]}"
00000000000000007cf3_0,5472,5051,1981,2709,3838,4290,4484,4660,4622,4772,"{""type"":""MultiPoint"",""coordinates"":[]}"
00000000000000007cfa_0,4638,4130,564,977,2287,2841,3239,3326,3345,3388,"{""type"":""MultiPoint"",""coordinates"":[]}"
00000000000000007cfe_0,1545,660,197,411,173,765,2871,3748,3561,3873,"{""type"":""MultiPoint"",""coordinates"":[]}"
00000000000000007d02_0,3532,3373,321,681,1402,1571,1720,1754,1765,1696,"{""type"":""MultiPoint"",""coordinates"":[]}"
00000000000000007d07_0,1863,1267,294,421,448,731,1287,1473,1447,1645,"{""type"":""MultiPoint"",""coordinates"":[]}"
00000000000000007d0f_0,4279,4099,680,1116,2270,2522,2634,2698,2953,2871,"{""type"":""MultiPoint"",""coordinates"":[]}"
00000000000000007d13_0,1849,998,208,514,377,1008,2482,2841,2972,3155,"{""type"":""MultiPoint"",""coordinates"":[]}"
00000000000000007d15_0,4150,3420,945,1429,1889,2384,2905,3168,3180,3407,"{""type"":""MultiPoint"",""coordinates"":[]}"
00000000000000007d1c_0,4514,3948,1010,1793,2578,3007,2957,3040,2994,3087,"{""type"":""MultiPoint"",""coordinates"":[]}"
00000000000000007d20_0,1899,1231,387,601,622,998,1816,2155,1989,2298,"{""type"":""MultiPoint"",""coordinates"":[]}"
00000000000000007d24_0,3299,2735,368,669,1455,1762,1956,1991,2105,2110,"{""type"":""MultiPoint"",""coordinates"":[]}"
00000000000000007d28_0,2776,2502,991,1429,2129,2277,2328,2378,2430,2371,"{""type"":""MultiPoint"",""coordinates"":[]}"
00000000000000007d31_0,4500,4215,668,1066,2134,2641,2833,2942,3130,3176,"{""type"":""MultiPoint"",""coordinates"":[]}"
00000000000000007d35_0,2585,1537,396,689,621,1241,2890,3330,3425,3628,"{""type"":""MultiPoint"",""coordinates"":[]}"
00000000000000007d39_0,3158,1998,312,843,1758,2065,2181,2275,2369,2333,"{""type"":""MultiPoint"",""coordinates"":[]}"
00000000000000007d3e_0,2554,1987,264,523,853,1153,1510,1670,1895,1889,"{""type"":""MultiPoint"",""coordinates"":[]}"
00000000000000007d46_0,3545,2919,411,900,2055,2419,2655,2708,2869,2746,"{""type"":""MultiPoint"",""coordinates"":[]}"
00000000000000007d4a_0,1891,1115,279,546,490,1024,2377,2714,2703,2894,"{""type"":""MultiPoint"",""coordinates"":[]}"
00000000000000007d4c_0,3264,2563,711,1079,1397,1748,2079,2222,2285,2355,"{""type"":""MultiPoint"",""coordinates"":[]}"
00000000000000007d53_0,5171,4326,489,1063,2709,3279,3672,3708,3967,3839,"{""type"":""MultiPoint"",""coordinates"":[]}"
00000000000000007d57_0,1762,784,296,623,257,974,3906,4896,5135,5067,"{""type"":""MultiPoint"",""coordinates"":[]}"
00000000000000007d60_0,2244,1517,361,542,785,1185,1651,1807,2035,2107,"{""type"":""MultiPoint"",""coordinates"":[]}"
00000000000000007d66_0,2606,1733,420,739,949,1440,2132,2304,2377,2540,"{""type"":""MultiPoint"",""coordinates"":[]}"
00000000000000007d6c_0,1735,910,342,682,432,1156,2596,2832,2867,3000,"{""type"":""MultiPoint"",""coordinates"":[]}"
00000000000000007d7d_0,3067,2561,307,665,1512,1746,1876,1894,1933,1910,"{""type"":""MultiPoint"",""coordinates"":[]}"
00000000000000007d81_0,2747,2550,1181,1582,1934,2022,2064,2122,2086,2038,"{""type"":""MultiPoint"",""coordinates"":[]}"
00000000000000007d83_0,3876,3553,1068,1534,2119,2365,2624,2697,2801,2837,"{""type"":""MultiPoint"",""coordinates"":[]}"
00000000000000007d8a_0,4424,3910,648,1123,2104,2651,3441,3607,3627,3646,"{""type"":""MultiPoint"",""coordinates"":[]}"
00000000000000007d90_0,1924,1058,298,548,403,906,2437,2782,2762,2925,"{""type"":""MultiPoint"",""coordinates"":[]}"
00000000000000007d97_0,2047,1032,458,725,527,1207,2996,3419,3712,3659,"{""type"":""MultiPoint"",""coordinates"":[]}"
00000000000000007d9f_0,3172,2822,518,837,1763,2082,2381,2519,2665,2534,"{""type"":""MultiPoint"",""coordinates"":[]}"
00000000000000007da5_0,2896,2239,462,857,1018,1410,1956,2198,2298,2354,"{""type"":""MultiPoint"",""coordinates"":[]}"
00000000000000007db0_0,2542,1641,548,1072,1277,1981,2547,2731,2863,3133,"{""type"":""MultiPoint"",""coordinates"":[]}"
00000000000000007db4_0,2712,2444,231,533,1309,1465,1667,1632,1768,1758,"{""type"":""MultiPoint"",""coordinates"":[]}"
00000000000000007dc1_0,4401,4188,386,886,2436,2838,2968,3074,3128,3017,"{""type"":""MultiPoint"",""coordinates"":[]}"
00000000000000007dc5_0,1623,777,273,661,356,1021,2598,2995,2937,3161,"{""type"":""MultiPoint"",""coordinates"":[]}"
00000000000000007dc7_0,2191,1337,421,603,535,930,2037,2380,2355,2534,"{""type"":""MultiPoint"",""coordinates"":[]}"
00000000000000007dce_0,2933,2418,796,1134,1398,1957,2396,2570,2521,2708,"{""type"":""MultiPoint"",""coordinates"":[]}"
00000000000000007dda_0,1428,700,184,361,223,637,1739,2108,2205,2333,"{""type"":""MultiPoint"",""coordinates"":[]}"
00000000000000007ddc_0,5064,4480,802,1394,2543,3092,3763,3957,3968,4065,"{""type"":""MultiPoint"",""coordinates"":[]}"
00000000000000007de3_0,5362,4981,623,1071,2638,3218,3638,3742,3823,3695,"{""type"":""MultiPoint"",""coordinates"":[]}"
00000000000000007de7_0,2041,973,338,754,469,1228,3024,3370,3558,3637,"{""type"":""MultiPoint"",""coordinates"":[]}"
00000000000000007de9_0,2103,1218,415,692,647,1062,2011,2313,2472,2608,"{""type"":""MultiPoint"",""coordinates"":[]}"
00000000000000007deb_0,4193,3728,613,1149,2288,2624,2783,2913,3001,2941,"{""type"":""MultiPoint"",""coordinates"":[]}"
00000000000000007df0_0,3317,3082,672,815,1103,1282,1371,1534,1590,1787,"{""type"":""MultiPoint"",""coordinates"":[]}"
00000000000000007df6_0,3408,2546,774,1190,1404,1847,2534,2719,2923,3063,"{""type"":""MultiPoint"",""coordinates"":[]}"
00000000000000007df8_0,4397,4116,449,885,2358,2748,2873,2900,2991,2901,"{""type"":""MultiPoint"",""coordinates"":[]}"
00000000000000007dfe_0,4102,3325,901,1449,1762,2416,3878,4364,4485,4631,"{""type"":""MultiPoint"",""coordinates"":[]}"
00000000000000007e05_0,4438,3335,674,1103,2039,2322,2487,2520,2574,2500,"{""type"":""MultiPoint"",""coordinates"":[]}"
00000000000000007e09_0,1176,492,189,315,179,544,2002,2754,2840,3044,"{""type"":""MultiPoint"",""coordinates"":[]}"
00000000000000007e0d_0,2837,2399,438,711,1489,1741,1877,1880,1840,1788,"{""type"":""MultiPoint"",""coordinates"":[]}"
00000000000000007e13_0,2445,2292,673,1040,1402,1636,1884,1978,2035,1980,"{""type"":""MultiPoint"",""coordinates"":[]}"
00000000000000007e1a_0,5399,5230,535,946,2798,3358,3554,3614,3632,3535,"{""type"":""MultiPoint"",""coordinates"":[]}"
00000000000000007e1e_0,1736,853,300,513,333,852,2147,2645,2591,2835,"{""type"":""MultiPoint"",""coordinates"":[]}"
00000000000000007e22_0,3499,2812,220,510,1278,1599,1859,1975,2055,1981,"{""type"":""MultiPoint"",""coordinates"":[]}"
00000000000000007e2f_0,2764,2153,388,673,1277,1609,1792,1854,1901,2037,"{""type"":""MultiPoint"",""coordinates"":[]}"
00000000000000007e33_0,1504,784,359,507,328,737,1945,2338,2281,2518,"{""type"":""MultiPoint"",""coordinates"":[]}"
00000000000000007e35_0,3423,2883,784,1106,1497,1722,1870,1900,1967,2133,"{""type"":""MultiPoint"",""coordinates"":[]}"
00000000000000007e40_0,1654,860,305,575,409,1058,2376,2751,2937,3056,"{""type"":""MultiPoint"",""coordinates"":[]}"
00000000000000007e44_0,3246,2712,224,527,1368,1583,1741,1780,1838,1691,"{""type"":""MultiPoint"",""coordinates"":[]}"
00000000000000007e49_0,1804,962,225,419,443,875,1813,2127,2263,2342,"{""type"":""MultiPoint"",""coordinates"":[]}"
00000000000000007e51_0,2693,2232,401,678,1230,1564,1727,1862,2019,2034,"{""type"":""MultiPoint"",""coordinates"":[]}"
00000000000000007e55_0,1847,876,186,629,306,1109,3008,3538,3602,3851,"{""type"":""MultiPoint"",""coordinates"":[]}"
00000000000000007e57_0,2286,1615,628,821,918,1231,1693,1862,1869,2041,"{""type"":""MultiPoint"",""coordinates"":[]}"
00000000000000007e5e_0,2552,2065,620,855,1178,1522,1835,1953,2021,2056,"{""type"":""MultiPoint"",""coordinates"":[]}"
00000000000000007e66_0,3141,2827,360,730,1644,1984,2097,2149,2171,2132,"{""type"":""MultiPoint"",""coordinates"":[]}"
00000000000000007e6a_0,2329,1711,495,816,777,1290,2312,2555,2578,2667,"{""type"":""MultiPoint"",""coordinates"":[]}"
00000000000000007e6c_0,4476,4028,932,1399,2241,2789,3212,3420,3363,3443,"{""type"":""MultiPoint"",""coordinates"":[]}"
00000000000000007e73_0,4765,4271,556,929,2176,2792,3229,3429,3338,3402,"{""type"":""MultiPoint"",""coordinates"":[]}"
00000000000000007e77_0,2228,1224,364,680,676,1262,2554,2989,3004,3156,"{""type"":""MultiPoint"",""coordinates"":[]}"
00000000000000007e79_0,2638,1631,471,724,731,1232,2151,2472,2461,2798,"{""type"":""MultiPoint"",""coordinates"":[]}"
00000000000000007e7b_0,5244,4704,776,1577,3021,3513,3616,3730,3877,3806,"{""type"":""MultiPoint"",""coordinates"":[]}"
00000000000000007e80_0,2118,1281,330,568,613,1088,1803,2084,2404,2429,"{""type"":""MultiPoint"",""coordinates"":[]}"
00000000000000007e88_0,4348,4371,355,891,2597,2981,3169,3180,3321,3140,"{""type"":""MultiPoint"",""coordinates"":[]}"
00000000000000007e8c_0,1367,716,221,429,317,735,1535,1827,1933,1961,"{""type"":""MultiPoint"",""coordinates"":[]}"
00000000000000007e99_0,1711,1127,423,693,633,926,2064,2326,2339,2615,"{""type"":""MultiPoint"",""coordinates"":[]}"
00000000000000007e9d_0,3385,2918,304,781,1882,2116,2333,2382,2386,2237,"{""type"":""MultiPoint"",""coordinates"":[]}"
00000000000000007ea1_0,3046,2621,863,1401,2157,2286,2377,2459,2505,2432,"{""type"":""MultiPoint"",""coordinates"":[]}"
00000000000000007ea3_0,2069,1814,545,883,1343,1467,1479,1554,1616,1542,"{""type"":""MultiPoint"",""coordinates"":[]}"
00000000000000007eaa_0,4289,4300,532,1094,2592,2933,3113,3162,3353,3230,"{""type"":""MultiPoint"",""coordinates"":[]}"
00000000000000007eae_0,1882,864,207,466,321,886,2693,3192,3433,3498,"{""type"":""MultiPoint"",""coordinates"":[]}"
00000000000000007ebf_0,2736,2361,439,733,1475,1737,1937,1949,2049,2011,"{""type"":""MultiPoint"",""coordinates"":[]}"
00000000000000007ec3_0,2727,1810,612,792,760,1207,2051,2382,2475,2601,"{""type"":""MultiPoint"",""coordinates"":[]}"
00000000000000007ec5_0,3958,3154,604,1198,1926,2481,3296,3434,3644,3658,"{""type"":""MultiPoint"",""coordinates"":[]}"
00000000000000007ecc_0,5804,5506,637,1351,3284,3740,3973,4165,4161,4135,"{""type"":""MultiPoint"",""coordinates"":[]}"
00000000000000007ed4_0,4152,3440,413,896,2038,2351,2618,2745,2824,2716,"{""type"":""MultiPoint"",""coordinates"":[]}"
00000000000000007ed9_0,2215,1615,410,544,593,864,1247,1431,1418,1688,"{""type"":""MultiPoint"",""coordinates"":[]}"
00000000000000007edf_0,2779,2168,523,888,1113,1519,1955,2200,2379,2410,"{""type"":""MultiPoint"",""coordinates"":[]}"
00000000000000007ee1_0,4334,3866,344,898,2343,2755,2958,3048,3270,3070,"{""type"":""MultiPoint"",""coordinates"":[]}"
00000000000000007ee7_0,3043,1953,475,891,953,1618,2933,3279,3294,3551,"{""type"":""MultiPoint"",""coordinates"":[]}"
00000000000000007eee_0,3703,3333,1319,1896,2479,2805,3054,3213,3375,3312,"{""type"":""MultiPoint"",""coordinates"":[]}"
00000000000000007ef6_0,2872,2287,282,691,1479,1736,1897,2008,2075,2069,"{""type"":""MultiPoint"",""coordinates"":[]}"
00000000000000007efc_0,1285,1349,606,763,1258,1412,1476,1534,1538,1507,"{""type"":""MultiPoint"",""coordinates"":[]}"
00000000000000007f03_0,4204,3696,397,759,2170,2444,2678,2654,2786,2683,"{""type"":""MultiPoint"",""coordinates"":[]}"
00000000000000007f07_0,1550,744,274,479,301,647,2425,3096,3172,3158,"{""type"":""MultiPoint"",""coordinates"":[]}"
00000000000000007f09_0,1090,956,340,390,410,545,708,802,715,858,"{""type"":""MultiPoint"",""coordinates"":[]}"
00000000000000007f0b_0,3971,3637,355,616,1479,1760,1960,2015,2037,2015,"{""type"":""MultiPoint"",""coordinates"":[]}"
00000000000000007f10_0,2538,2089,579,800,1070,1373,1738,2008,2152,2185,"{""type"":""MultiPoint"",""coordinates"":[]}"
00000000000000007f18_0,3460,3389,435,770,1886,2185,2330,2396,2441,2410,"{""type"":""MultiPoint"",""coordinates"":[]}"
00000000000000007f1c_0,1495,768,334,517,375,795,1724,1941,2077,2172,"{""type"":""MultiPoint"",""coordinates"":[]}"
00000000000000007f25_0,5588,4932,941,1794,3295,3750,3997,4042,4099,4016,"{""type"":""MultiPoint"",""coordinates"":[]}"
00000000000000007f29_0,2379,1393,265,590,405,1049,2550,2977,3054,3090,"{""type"":""MultiPoint"",""coordinates"":[]}"
00000000000000007f2d_0,2604,1961,348,576,1249,1421,1505,1505,1416,1320,"{""type"":""MultiPoint"",""coordinates"":[]}"
00000000000000007f31_0,2252,2279,915,1178,1630,1810,1802,1893,1838,1831,"{""type"":""MultiPoint"",""coordinates"":[]}"
00000000000000007f32_0,1654,836,249,415,399,757,1845,2208,2455,2397,"{""type"":""MultiPoint"",""coordinates"":[]}"
00000000000000007f3a_0,3152,3026,211,581,1667,1898,2066,2112,2323,2257,"{""type"":""MultiPoint"",""coordinates"":[]}"
00000000000000007f3e_0,1359,623,92,351,172,661,2034,2428,2353,2601,"{""type"":""MultiPoint"",""coordinates"":[]}"
00000000000000007f40_0,1236,704,199,374,292,612,1485,1642,1601,1681,"{""type"":""MultiPoint"",""coordinates"":[]}"
00000000000000007f47_0,3060,2131,732,1155,1409,2038,2627,3134,2999,3323,"{""type"":""MultiPoint"",""coordinates"":[]}"
00000000000000007f4f_0,1813,1581,298,502,1134,1300,1357,1345,1337,1251,"{""type"":""MultiPoint"",""coordinates"":[]}"
00000000000000007f53_0,2480,1344,377,730,622,1265,2564,2964,2961,3269,"{""type"":""MultiPoint"",""coordinates"":[]}"
00000000000000007f55_0,4881,4438,683,1271,2562,3107,3604,3750,3657,3851,"{""type"":""MultiPoint"",""coordinates"":[]}"
00000000000000007f60_0,1640,950,236,407,484,851,1582,1784,1855,1993,"{""type"":""MultiPoint"",""coordinates"":[]}"
00000000000000007f62_0,1735,985,335,634,590,1084,2190,2502,2534,2862,"{""type"":""MultiPoint"",""coordinates"":[]}"
00000000000000007f64_0,4678,3955,266,707,1963,2328,2473,2663,2729,2630,"{""type"":""MultiPoint"",""coordinates"":[]}"
00000000000000007f71_0,2613,2328,462,760,1560,1872,2085,2141,2316,2320,"{""type"":""MultiPoint"",""coordinates"":[]}"
00000000000000007f77_0,3025,2044,588,979,1237,1823,2449,2724,2720,2963,"{""type"":""MultiPoint"",""coordinates"":[]}"
00000000000000007f8c_0,2179,1845,356,608,995,1205,1347,1434,1497,1583,"{""type"":""MultiPoint"",""coordinates"":[]}"
00000000000000007f97_0,1131,489,100,283,155,514,1932,2497,2689,2737,"{""type"":""MultiPoint"",""coordinates"":[]}"
00000000000000007f9b_0,4168,2717,1169,1636,2137,2465,2591,2812,2975,3197,"{""type"":""MultiPoint"",""coordinates"":[]}"
00000000000000007fa0_0,2705,1743,352,718,736,1403,2823,3128,3301,3263,"{""type"":""MultiPoint"",""coordinates"":[]}"
00000000000000007fa8_0,4032,3528,669,1122,2462,2766,2999,3096,3267,3133,"{""type"":""MultiPoint"",""coordinates"":[]}"
00000000000000007fae_0,4276,3537,912,1572,2275,2781,3229,3418,3573,3623,"{""type"":""MultiPoint"",""coordinates"":[]}"
00000000000000007fb5_0,5811,4789,1028,2138,3777,4531,4947,5222,5452,5432,"{""type"":""MultiPoint"",""coordinates"":[]}"
00000000000000007fb9_0,1326,577,147,272,170,511,1913,2512,2537,2713,"{""type"":""MultiPoint"",""coordinates"":[]}"
00000000000000007fbd_0,3490,2295,352,784,1482,1756,2033,2223,2580,2590,"{""type"":""MultiPoint"",""coordinates"":[]}"
00000000000000007fc2_0,1782,990,333,447,462,888,1799,2160,2267,2411,"{""type"":""MultiPoint"",""coordinates"":[]}"
00000000000000007fca_0,2547,2206,651,994,1668,1901,2033,2079,2158,2135,"{""type"":""MultiPoint"",""coordinates"":[]}"
00000000000000007fce_0,2941,1864,482,773,771,1271,2206,2518,2620,2846,"{""type"":""MultiPoint"",""coordinates"":[]}"
00000000000000007fd0_0,2392,1469,257,621,548,1050,2345,2661,2648,2823,"{""type"":""MultiPoint"",""coordinates"":[]}"
00000000000000007fd7_0,4382,3694,613,1164,2084,2592,2879,3029,3199,3136,"{""type"":""MultiPoint"",""coordinates"":[]}"
00000000000000007fdf_0,3293,2847,322,838,1743,2217,2647,2723,2848,2746,"{""type"":""MultiPoint"",""coordinates"":[]}"
00000000000000007fe3_0,2017,1793,686,1052,1516,1676,1814,1872,1965,1894,"{""type"":""MultiPoint"",""coordinates"":[]}"
00000000000000007fe5_0,2314,1877,984,1474,1623,1750,1954,2021,2007,2037,"{""type"":""MultiPoint"",""coordinates"":[]}"
00000000000000007fec_0,5568,5366,1190,1863,3296,3729,3793,3877,3992,3952,"{""type"":""MultiPoint"",""coordinates"":[]}"
00000000000000007ff0_0,1571,653,236,416,230,722,2537,3437,3500,3733,"{""type"":""MultiPoint"",""coordinates"":[]}"
00000000000000007ff4_0,4652,3997,472,877,1910,2447,2703,2860,2837,2830,"{""type"":""MultiPoint"",""coordinates"":[]}"
00000000000000008001_0,3159,2603,513,916,1785,2163,2445,2541,2689,2593,"{""type"":""MultiPoint"",""coordinates"":[]}"
00000000000000008005_0,3868,3072,889,1167,1654,1937,2089,2223,2444,2563,"{""type"":""MultiPoint"",""coordinates"":[]}"
00000000000000008007_0,3023,2313,387,778,1098,1645,2638,2866,2814,2970,"{""type"":""MultiPoint"",""coordinates"":[]}"
00000000000000008012_0,1247,608,199,349,229,550,1712,2041,2249,2197,"{""type"":""MultiPoint"",""coordinates"":[]}"
0000000000000000801a_0,1940,1708,1032,1422,1859,1963,2011,2006,2062,2019,"{""type"":""MultiPoint"",""coordinates"":[]}"
0000000000000000801b_0,1095,391,181,336,159,699,2330,2919,3073,3215,"{""type"":""MultiPoint"",""coordinates"":[]}"
00000000000000008023_0,3701,3360,253,664,1858,2323,2471,2457,2544,2501,"{""type"":""MultiPoint"",""coordinates"":[]}"
00000000000000008027_0,2061,1030,213,594,358,1109,2727,3189,3368,3582,"{""type"":""MultiPoint"",""coordinates"":[]}"
00000000000000008038_0,3187,2775,467,808,1706,2055,2329,2366,2487,2389,"{""type"":""MultiPoint"",""coordinates"":[]}"
0000000000000000803c_0,1991,887,329,567,273,928,3426,4409,4231,4634,"{""type"":""MultiPoint"",""coordinates"":[]}"
0000000000000000803e_0,3887,3222,472,919,1821,2385,2855,3067,3088,3184,"{""type"":""MultiPoint"",""coordinates"":[]}"
00000000000000008045_0,5347,5073,2078,2909,4004,4259,4285,4348,4482,4432,"{""type"":""MultiPoint"",""coordinates"":[]}"
00000000000000008049_0,2627,1918,523,826,1184,1529,1929,2018,2137,2275,"{""type"":""MultiPoint"",""coordinates"":[]}"
0000000000000000804b_0,2115,1274,360,615,602,1030,1901,2274,2348,2562,"{""type"":""MultiPoint"",""coordinates"":[]}"
0000000000000000804d_0,5372,4484,495,1315,3129,3578,3802,3806,3844,3719,"{""type"":""MultiPoint"",""coordinates"":[]}"
00000000000000008052_0,3897,3490,567,954,1539,1821,1947,2058,2062,2238,"{""type"":""MultiPoint"",""coordinates"":[]}"
0000000000000000805a_0,2844,2472,258,608,1524,1791,2027,2083,2212,2206,"{""type"":""MultiPoint"",""coordinates"":[]}"
00000000000000008060_0,2972,1966,367,711,711,1252,2501,2938,2839,3020,"{""type"":""MultiPoint"",""coordinates"":[]}"
00000000000000008067_0,3418,2853,977,1494,1991,2432,3014,3156,3311,3267,"{""type"":""MultiPoint"",""coordinates"":[]}"
0000000000000000806f_0,3166,2584,287,819,1755,2219,2662,2744,2867,2839,"{""type"":""MultiPoint"",""coordinates"":[]}"
00000000000000008073_0,2315,2300,1372,1608,1929,2024,2056,2115,2092,2053,"{""type"":""MultiPoint"",""coordinates"":[]}"
0000000000000000807c_0,3888,3035,367,781,1788,1987,2166,2215,2261,2103,"{""type"":""MultiPoint"",""coordinates"":[]}"
00000000000000008080_0,1822,936,294,614,389,952,2802,3402,3561,3579,"{""type"":""MultiPoint"",""coordinates"":[]}"
00000000000000008084_0,2979,2505,179,442,1014,1300,1529,1648,1759,1817,"{""type"":""MultiPoint"",""coordinates"":[]}"
00000000000000008091_0,4384,3824,503,1135,2501,2918,3203,3201,3341,3206,"{""type"":""MultiPoint"",""coordinates"":[]}"
00000000000000008095_0,2472,1577,446,661,647,1089,2095,2378,2424,2676,"{""type"":""MultiPoint"",""coordinates"":[]}"
00000000000000008097_0,5737,5248,1195,1964,3283,3793,4107,4221,4126,4379,"{""type"":""MultiPoint"",""coordinates"":[]}"
0000000000000000809e_0,4396,4085,478,987,2080,2419,2577,2673,2668,2527,"{""type"":""MultiPoint"",""coordinates"":[]}"
000000000000000080a2_0,1431,646,145,368,245,763,1866,2340,2446,2558,"{""type"":""MultiPoint"",""coordinates"":[]}"
000000000000000080a6_0,2525,1840,457,726,1171,1360,1568,1573,1548,1481,"{""type"":""MultiPoint"",""coordinates"":[]}"
000000000000000080aa_0,2249,1923,362,590,776,993,1153,1211,1304,1343,"{""type"":""MultiPoint"",""coordinates"":[]}"
000000000000000080b3_0,3449,3257,333,683,1767,2121,2173,2231,2298,2266,"{""type"":""MultiPoint"",""coordinates"":[]}"
000000000000000080b7_0,4105,3062,686,971,1181,1641,2243,2506,2723,2912,"{""type"":""MultiPoint"",""coordinates"":[]}"
000000000000000080b9_0,2711,2303,1238,1626,1912,2154,2300,2544,2501,2536,"{""type"":""MultiPoint"",""coordinates"":[]}"
000000000000000080c0_0,2812,2061,251,609,1058,1428,1972,2277,2356,2449,"{""type"":""MultiPoint"",""coordinates"":[]}"
000000000000000080c8_0,2446,1904,531,810,1332,1640,1953,2021,2159,2057,"{""type"":""MultiPoint"",""coordinates"":[]}"
000000000000000080cc_0,1763,1479,723,948,1154,1334,1571,1596,1638,1708,"{""type"":""MultiPoint"",""coordinates"":[]}"
000000000000000080ce_0,2262,2152,499,833,1435,1720,1983,2083,2103,2146,"{""type"":""MultiPoint"",""coordinates"":[]}"
000000000000000080d9_0,2090,1095,394,743,500,1194,3357,4099,4234,4325,"{""type"":""MultiPoint"",""coordinates"":[]}"
000000000000000080db_0,1724,995,264,566,445,980,2258,2677,2637,2804,"{""type"":""MultiPoint"",""coordinates"":[]}"
000000000000000080e2_0,3890,3270,690,1052,1666,1943,2056,2191,2396,2589,"{""type"":""MultiPoint"",""coordinates"":[]}"
000000000000000080ea_0,3274,3218,419,785,1838,2183,2397,2472,2580,2524,"{""type"":""MultiPoint"",""coordinates"":[]}"
000000000000000080ee_0,2891,2494,659,991,1221,1577,1775,1893,2024,2060,"{""type"":""MultiPoint"",""coordinates"":[]}"
000000000000000080f0_0,3449,2882,656,1074,1466,1919,2700,2941,2948,3038,"{""type"":""MultiPoint"",""coordinates"":[]}"
000000000000000080f7_0,3965,3164,950,1567,2088,2710,3815,4064,4301,4239,"{""type"":""MultiPoint"",""coordinates"":[]}"
000000000000000080fb_0,1863,806,272,556,306,968,3677,4530,4894,5067,"{""type"":""MultiPoint"",""coordinates"":[]}"
00000000000000008103_0,1653,1558,1665,2022,2501,2799,2867,2692,2686,2740,"{""type"":""MultiPoint"",""coordinates"":[]}"
00000000000000008105_0,5509,4905,1595,2553,3975,4381,4485,4516,4723,4522,"{""type"":""MultiPoint"",""coordinates"":[]}"
00000000000000008110_0,2438,1162,299,730,424,1212,3066,3575,3564,3973,"{""type"":""MultiPoint"",""coordinates"":[]}"
00000000000000008112_0,2630,2002,618,858,823,1115,2273,2882,2876,3018,"{""type"":""MultiPoint"",""coordinates"":[]}"
00000000000000008119_0,3558,3020,632,1336,2058,2509,2868,2989,3190,3218,"{""type"":""MultiPoint"",""coordinates"":[]}"
00000000000000008121_0,2509,1949,82,434,1156,1282,1441,1489,1635,1612,"{""type"":""MultiPoint"",""coordinates"":[]}"
00000000000000008125_0,1595,895,356,571,389,822,1852,2156,2122,2328,"{""type"":""MultiPoint"",""coordinates"":[]}"
00000000000000008127_0,3994,3558,552,1041,2059,2275,2481,2806,2979,2690,"{""type"":""MultiPoint"",""coordinates"":[]}"
0000000000000000812e_0,5238,5061,1832,2647,3492,3945,4261,4431,4619,4473,"{""type"":""MultiPoint"",""coordinates"":[]}"
00000000000000008136_0,3788,3101,170,611,1677,1941,2147,2240,2323,2257,"{""type"":""MultiPoint"",""coordinates"":[]}"
0000000000000000813b_0,2339,1471,404,505,518,794,1334,1545,1688,1781,"{""type"":""MultiPoint"",""coordinates"":[]}"
00000000000000008143_0,3043,2583,358,667,1615,1869,1998,2028,2114,2038,"{""type"":""MultiPoint"",""coordinates"":[]}"
00000000000000008147_0,1578,815,330,637,331,1004,2350,2796,2905,2967,"{""type"":""MultiPoint"",""coordinates"":[]}"
00000000000000008149_0,2347,1395,355,641,548,1016,2663,3349,3320,3513,"{""type"":""MultiPoint"",""coordinates"":[]}"
00000000000000008150_0,4083,3355,1028,1708,2362,2974,3523,3833,3839,3975,"{""type"":""MultiPoint"",""coordinates"":[]}"
00000000000000008158_0,3933,3582,528,937,2107,2512,2834,2941,3051,2943,"{""type"":""MultiPoint"",""coordinates"":[]}"
0000000000000000815c_0,1914,1387,276,479,539,813,1315,1449,1529,1617,"{""type"":""MultiPoint"",""coordinates"":[]}"
0000000000000000815e_0,3590,3163,1019,1637,2241,2494,2738,2902,2997,2883,"{""type"":""MultiPoint"",""coordinates"":[]}"
00000000000000008169_0,1493,621,158,342,175,656,2463,3090,3308,3484,"{""type"":""MultiPoint"",""coordinates"":[]}"
0000000000000000816d_0,2506,1882,160,396,796,1180,1784,1953,2278,2139,"{""type"":""MultiPoint"",""coordinates"":[]}"
0000000000000000817a_0,4038,3775,441,880,2230,2625,2820,2821,2871,2854,"{""type"":""MultiPoint"",""coordinates"":[]}"
00000000000000008180_0,2916,2197,440,827,1159,1654,2617,2867,2780,2983,"{""type"":""MultiPoint"",""coordinates"":[]}"
00000000000000008187_0,4971,4269,1831,2671,3492,3880,4040,4090,4303,4331,"{""type"":""MultiPoint"",""coordinates"":[]}"
0000000000000000818b_0,2318,992,223,515,218,861,4324,5824,5934,5972,"{""type"":""MultiPoint"",""coordinates"":[]}"
0000000000000000818f_0,3130,2379,377,647,1257,1493,1799,1912,1940,2046,"{""type"":""MultiPoint"",""coordinates"":[]}"
00000000000000008193_0,3247,3026,1512,2096,2755,2925,2985,3045,3183,3064,"{""type"":""MultiPoint"",""coordinates"":[]}"
0000000000000000819c_0,3611,3561,460,792,1876,2281,2335,2377,2457,2398,"{""type"":""MultiPoint"",""coordinates"":[]}"
000000000000000081a2_0,2749,1849,530,862,977,1495,2050,2292,2259,2514,"{""type"":""MultiPoint"",""coordinates"":[]}"
000000000000000081a9_0,3011,2303,254,497,1069,1339,1503,1499,1433,1446,"{""type"":""MultiPoint"",""coordinates"":[]}"
000000000000000081b1_0,2827,2217,392,802,1623,1868,2243,2361,2594,2475,"{""type"":""MultiPoint"",""coordinates"":[]}"
000000000000000081b5_0,2495,1660,786,1038,1162,1470,1857,2181,2235,2327,"{""type"":""MultiPoint"",""coordinates"":[]}"
000000000000000081b7_0,3881,3709,809,1446,2631,2909,3107,3178,3397,3237,"{""type"":""MultiPoint"",""coordinates"":[]}"
000000000000000081be_0,4933,4466,1671,2415,3163,3549,3822,3983,4096,4088,"{""type"":""MultiPoint"",""coordinates"":[]}"
000000000000000081c4_0,1433,760,224,435,282,701,1801,2030,2154,2200,"{""type"":""MultiPoint"",""coordinates"":[]}"
000000000000000081c6_0,4538,3068,520,1015,2062,2374,2502,2539,2578,2497,"{""type"":""MultiPoint"",""coordinates"":[]}"
000000000000000081cb_0,1891,1220,273,371,404,656,1133,1328,1427,1501,"{""type"":""MultiPoint"",""coordinates"":[]}"
000000000000000081d3_0,3614,3191,581,932,1861,2208,2534,2611,2686,2621,"{""type"":""MultiPoint"",""coordinates"":[]}"
000000000000000081d7_0,1933,1147,187,437,410,863,1615,1835,1876,2153,"{""type"":""MultiPoint"",""coordinates"":[]}"
000000000000000081e0_0,3662,3129,1356,1897,2445,2765,2801,2938,3196,3170,"{""type"":""MultiPoint"",""coordinates"":[]}"
000000000000000081e8_0,2543,1993,320,511,1009,1206,1374,1467,1510,1520,"{""type"":""MultiPoint"",""coordinates"":[]}"
000000000000000081ec_0,1483,1390,576,836,1276,1427,1566,1636,1666,1639,"{""type"":""MultiPoint"",""coordinates"":[]}"
000000000000000081f5_0,3904,2539,1283,1899,2931,3372,3321,3296,3439,3449,"{""type"":""MultiPoint"",""coordinates"":[]}"
000000000000000081f9_0,2519,1480,348,673,661,1164,2211,2451,2798,2767,"{""type"":""MultiPoint"",""coordinates"":[]}"
000000000000000081fb_0,2109,1179,377,657,485,1098,2556,2939,3012,3299,"{""type"":""MultiPoint"",""coordinates"":[]}"
000000000000000081fd_0,1869,1330,31,271,408,677,1180,1368,1515,1591,"{""type"":""MultiPoint"",""coordinates"":[]}"
0000000000000000820a_0,3037,2596,286,641,1392,1736,1979,1956,2122,2090,"{""type"":""MultiPoint"",""coordinates"":[]}"
0000000000000000820e_0,1488,744,277,520,358,815,1936,2261,2378,2440,"{""type"":""MultiPoint"",""coordinates"":[]}"
00000000000000008217_0,5260,4755,1323,2080,3119,3543,3803,3906,4138,4012,"{""type"":""MultiPoint"",""coordinates"":[]}"
0000000000000000822c_0,4374,4065,585,1037,2395,2751,3022,3052,3163,3070,"{""type"":""MultiPoint"",""coordinates"":[]}"
00000000000000008230_0,3840,3108,789,1161,1359,1890,2895,3342,3777,3669,"{""type"":""MultiPoint"",""coordinates"":[]}"
00000000000000008239_0,3390,2843,1206,1648,2087,2514,3100,3318,3473,3495,"{""type"":""MultiPoint"",""coordinates"":[]}"
00000000000000008241_0,3855,3438,504,832,1921,2276,2542,2638,2673,2642,"{""type"":""MultiPoint"",""coordinates"":[]}"
00000000000000008245_0,3921,3950,1569,2068,2712,2856,3206,3292,3336,3454,"{""type"":""MultiPoint"",""coordinates"":[]}"
00000000000000008247_0,2127,1651,619,1025,1450,1687,1717,1835,1837,1782,"{""type"":""MultiPoint"",""coordinates"":[]}"
0000000000000000824e_0,4523,3799,944,1767,2832,3126,3232,3258,3344,3221,"{""type"":""MultiPoint"",""coordinates"":[]}"
00000000000000008252_0,1454,813,450,958,941,1748,2523,2708,3091,2992,"{""type"":""MultiPoint"",""coordinates"":[]}"
00000000000000008256_0,4380,3354,760,1281,2049,2437,2741,2833,2795,2756,"{""type"":""MultiPoint"",""coordinates"":[]}"
0000000000000000825b_0,3551,2612,848,1349,1455,2117,2893,3297,3096,3477,"{""type"":""MultiPoint"",""coordinates"":[]}"
00000000000000008263_0,3180,2796,312,738,1577,2032,2294,2245,2404,2256,"{""type"":""MultiPoint"",""coordinates"":[]}"
00000000000000008269_0,2365,1921,393,613,809,1089,1497,1625,1610,1699,"{""type"":""MultiPoint"",""coordinates"":[]}"
00000000000000008274_0,2220,1186,292,605,402,1106,3138,3791,4064,4104,"{""type"":""MultiPoint"",""coordinates"":[]}"
00000000000000008278_0,2671,2416,129,416,857,1065,1234,1300,1380,1385,"{""type"":""MultiPoint"",""coordinates"":[]}"
0000000000000000827c_0,3281,3098,1115,1623,2512,2704,2870,3001,2982,3014,"{""type"":""MultiPoint"",""coordinates"":[]}"
0000000000000000827d_0,771,312,99,214,106,402,1460,1848,1963,2149,"{""type"":""MultiPoint"",""coordinates"":[]}"
00000000000000008285_0,3552,3231,427,806,1945,2253,2494,2563,2655,2529,"{""type"":""MultiPoint"",""coordinates"":[]}"
00000000000000008289_0,1208,728,192,363,363,714,1302,1482,1565,1649,"{""type"":""MultiPoint"",""coordinates"":[]}"
0000000000000000828b_0,3037,2129,420,747,748,1275,2844,3376,3582,3542,"{""type"":""MultiPoint"",""coordinates"":[]}"
00000000000000008292_0,4226,3169,382,932,2220,2579,2709,2683,2684,2619,"{""type"":""MultiPoint"",""coordinates"":[]}"
0000000000000000829a_0,3427,3311,163,627,1762,2134,2300,2287,2328,2386,"{""type"":""MultiPoint"",""coordinates"":[]}"
0000000000000000829e_0,1659,923,339,564,435,881,1960,2316,2389,2508,"{""type"":""MultiPoint"",""coordinates"":[]}"
000000000000000082a0_0,3616,3528,582,1114,2340,2695,2851,2969,3028,2991,"{""type"":""MultiPoint"",""coordinates"":[]}"
000000000000000082a7_0,4895,4391,2265,3109,4000,4250,4199,4297,4446,4406,"{""type"":""MultiPoint"",""coordinates"":[]}"
000000000000000082ab_0,3272,2176,550,922,1293,1787,2136,2427,2731,2922,"{""type"":""MultiPoint"",""coordinates"":[]}"
000000000000000082af_0,4339,3493,472,1179,2206,2649,2854,3041,3144,3211,"{""type"":""MultiPoint"",""coordinates"":[]}"
000000000000000082b4_0,3925,3430,1605,2026,2378,2916,3150,3336,3328,3498,"{""type"":""MultiPoint"",""coordinates"":[]}"
000000000000000082bc_0,4342,3944,301,927,2333,2616,2752,2939,3143,2971,"{""type"":""MultiPoint"",""coordinates"":[]}"
000000000000000082c0_0,2253,1225,519,829,607,1288,2852,3368,3579,3663,"{""type"":""MultiPoint"",""coordinates"":[]}"
000000000000000082d1_0,2402,1804,292,483,967,1184,1393,1413,1484,1536,"{""type"":""MultiPoint"",""coordinates"":[]}"
000000000000000082d5_0,2268,2191,822,1173,1642,1897,2002,2101,2059,2167,"{""type"":""MultiPoint"",""coordinates"":[]}"
000000000000000082e2_0,2727,1697,475,754,812,1310,2185,2656,2625,2650,"{""type"":""MultiPoint"",""coordinates"":[]}"
000000000000000082e4_0,2037,1206,287,537,547,1005,1893,1946,2027,2267,"{""type"":""MultiPoint"",""coordinates"":[]}"
000000000000000082f7_0,1764,941,366,550,380,836,1984,2280,2370,2477,"{""type"":""MultiPoint"",""coordinates"":[]}"
000000000000000082f9_0,2804,2143,496,928,1258,1643,2365,2478,2594,2633,"{""type"":""MultiPoint"",""coordinates"":[]}"
0000000000000000830c_0,2211,1787,980,1450,1986,2138,2167,2221,2331,2301,"{""type"":""MultiPoint"",""coordinates"":[]}"
0000000000000000830d_0,2170,1295,259,442,437,930,1750,2068,2168,2373,"{""type"":""MultiPoint"",""coordinates"":[]}"
00000000000000008315_0,3540,3410,544,826,1765,2111,2526,2624,2673,2684,"{""type"":""MultiPoint"",""coordinates"":[]}"
0000000000000000831b_0,1618,1049,345,593,428,818,1704,1914,1943,2040,"{""type"":""MultiPoint"",""coordinates"":[]}"
00000000000000008322_0,3657,3070,514,800,1494,1921,2344,2493,2762,2668,"{""type"":""MultiPoint"",""coordinates"":[]}"
0000000000000000832a_0,2532,2025,221,535,1126,1244,1443,1579,1659,1667,"{""type"":""MultiPoint"",""coordinates"":[]}"
0000000000000000832e_0,2360,1696,514,719,666,1054,1880,2154,2176,2341,"{""type"":""MultiPoint"",""coordinates"":[]}"
00000000000000008330_0,3303,2920,877,1532,2215,2400,2538,2637,2833,2715,"{""type"":""MultiPoint"",""coordinates"":[]}"
00000000000000008337_0,5232,4742,1053,1777,2952,3238,3375,3474,3658,3612,"{""type"":""MultiPoint"",""coordinates"":[]}"
0000000000000000833b_0,1536,669,185,519,196,934,3464,4174,4388,4247,"{""type"":""MultiPoint"",""coordinates"":[]}"
0000000000000000833d_0,2088,1238,326,615,464,1057,2736,3249,3003,3329,"{""type"":""MultiPoint"",""coordinates"":[]}"
0000000000000000833f_0,2582,1902,71,344,764,1079,1484,1639,1767,1747,"{""type"":""MultiPoint"",""coordinates"":[]}"
00000000000000008344_0,2376,1205,256,722,390,1167,3777,4656,4778,4927,"{""type"":""MultiPoint"",""coordinates"":[]}"
0000000000000000834c_0,2416,1877,112,366,895,1253,1619,1841,1936,1904,"{""type"":""MultiPoint"",""coordinates"":[]}"
00000000000000008350_0,2813,1590,354,833,783,1516,2889,3245,3326,3599,"{""type"":""MultiPoint"",""coordinates"":[]}"
00000000000000008352_0,2688,2016,518,776,1062,1369,1806,2002,2141,2172,"{""type"":""MultiPoint"",""coordinates"":[]}"
00000000000000008359_0,5289,4636,646,1105,2563,3113,3474,3574,3701,3609,"{""type"":""MultiPoint"",""coordinates"":[]}"
00000000000000008361_0,3864,2973,544,948,1809,2149,2450,2534,2519,2413,"{""type"":""MultiPoint"",""coordinates"":[]}"
00000000000000008365_0,2036,1710,709,955,1014,1183,1627,1907,1890,1995,"{""type"":""MultiPoint"",""coordinates"":[]}"
00000000000000008372_0,2184,1036,277,590,483,1056,2263,2681,2800,3048,"{""type"":""MultiPoint"",""coordinates"":[]}"
00000000000000008374_0,2115,1324,355,643,573,1086,2041,2275,2273,2377,"{""type"":""MultiPoint"",""coordinates"":[]}"
0000000000000000837b_0,3672,2949,623,1002,1598,1900,2460,2640,2784,2769,"{""type"":""MultiPoint"",""coordinates"":[]}"
00000000000000008383_0,3395,3055,364,761,1811,1984,2181,2233,2453,2296,"{""type"":""MultiPoint"",""coordinates"":[]}"
00000000000000008387_0,1552,1008,341,464,400,675,1236,1403,1546,1531,"{""type"":""MultiPoint"",""coordinates"":[]}"
00000000000000008389_0,4235,3991,401,981,2514,2889,3247,3381,3618,3560,"{""type"":""MultiPoint"",""coordinates"":[]}"
00000000000000008394_0,1164,421,17,219,122,553,2798,3770,4129,4578,"{""type"":""MultiPoint"",""coordinates"":[]}"
00000000000000008398_0,2524,2086,70,364,1069,1252,1497,1567,1651,1558,"{""type"":""MultiPoint"",""coordinates"":[]}"
000000000000000083a5_0,3223,2896,432,707,1343,1522,1697,1832,1913,1988,"{""type"":""MultiPoint"",""coordinates"":[]}"
000000000000000083a9_0,1562,802,262,846,625,1735,2975,3323,3582,3684,"{""type"":""MultiPoint"",""coordinates"":[]}"
000000000000000083ab_0,2963,2090,420,756,917,1347,2256,2489,2505,2705,"{""type"":""MultiPoint"",""coordinates"":[]}"
000000000000000083ba_0,3768,3151,534,942,2089,2518,2653,2797,2801,2788,"{""type"":""MultiPoint"",""coordinates"":[]}"
000000000000000083be_0,1874,1268,322,548,539,871,1435,1541,1592,1710,"{""type"":""MultiPoint"",""coordinates"":[]}"
000000000000000083c7_0,4908,4059,1243,2032,2956,3525,3935,4061,4129,4140,"{""type"":""MultiPoint"",""coordinates"":[]}"
000000000000000083cd_0,1728,786,304,613,434,1004,2497,2918,2951,3207,"{""type"":""MultiPoint"",""coordinates"":[]}"
000000000000000083d4_0,1763,1036,274,674,482,1074,2514,2848,3055,2958,"{""type"":""MultiPoint"",""coordinates"":[]}"
000000000000000083dc_0,2308,1890,14,273,691,936,1191,1259,1353,1437,"{""type"":""MultiPoint"",""coordinates"":[]}"
000000000000000083e0_0,2024,973,270,618,348,1152,3442,4031,4070,4197,"{""type"":""MultiPoint"",""coordinates"":[]}"
000000000000000083e9_0,5510,4955,1003,1772,3321,3966,4496,4626,4645,4699,"{""type"":""MultiPoint"",""coordinates"":[]}"
000000000000000083ed_0,1691,862,275,527,355,918,2021,2303,2547,2550,"{""type"":""MultiPoint"",""coordinates"":[]}"
000000000000000083f1_0,2634,2018,301,584,1134,1540,1967,2155,2236,2269,"{""type"":""MultiPoint"",""coordinates"":[]}"
000000000000000083f6_0,1699,973,242,436,377,775,2003,2273,2484,2611,"{""type"":""MultiPoint"",""coordinates"":[]}"
000000000000000083fe_0,3704,3457,594,876,1851,2185,2461,2590,2644,2607,"{""type"":""MultiPoint"",""coordinates"":[]}"
00000000000000008402_0,1840,889,266,512,378,849,1971,2308,2541,2634,"{""type"":""MultiPoint"",""coordinates"":[]}"
0000000000000000840b_0,2904,2515,400,704,1416,1674,2159,2287,2488,2371,"{""type"":""MultiPoint"",""coordinates"":[]}"
00000000000000008413_0,1829,1420,36,195,463,649,930,987,1142,1158,"{""type"":""MultiPoint"",""coordinates"":[]}"
00000000000000008417_0,1715,1091,434,589,479,829,1521,1725,1813,1905,"{""type"":""MultiPoint"",""coordinates"":[]}"
00000000000000008419_0,4955,4446,1130,1806,3065,3397,3568,3634,3864,3743,"{""type"":""MultiPoint"",""coordinates"":[]}"
00000000000000008424_0,2049,1152,361,701,596,1171,2479,2692,2994,3017,"{""type"":""MultiPoint"",""coordinates"":[]}"
00000000000000008428_0,2952,2284,15,224,707,1026,1397,1632,1656,1665,"{""type"":""MultiPoint"",""coordinates"":[]}"
0000000000000000842d_0,2025,1612,525,688,934,1059,1109,1217,1251,1364,"{""type"":""MultiPoint"",""coordinates"":[]}"
00000000000000008435_0,2691,2392,134,364,901,1080,1270,1402,1545,1543,"{""type"":""MultiPoint"",""coordinates"":[]}"
0000000000000000843b_0,2925,2351,725,1035,1302,1611,2053,2217,2180,2251,"{""type"":""MultiPoint"",""coordinates"":[]}"
00000000000000008442_0,4555,3772,745,1385,2477,2892,3218,3314,3417,3391,"{""type"":""MultiPoint"",""coordinates"":[]}"
0000000000000000844a_0,3951,3244,239,767,2040,2447,2647,2760,2847,2805,"{""type"":""MultiPoint"",""coordinates"":[]}"
0000000000000000844e_0,2293,2412,843,1104,1542,1659,1657,1679,1682,1669,"{""type"":""MultiPoint"",""coordinates"":[]}"
00000000000000008450_0,4827,4603,1693,2298,2929,3204,3372,3546,3838,3765,"{""type"":""MultiPoint"",""coordinates"":[]}"
00000000000000008457_0,4574,4255,663,1070,2408,2882,3154,3305,3379,3314,"{""type"":""MultiPoint"",""coordinates"":[]}"
0000000000000000845d_0,2289,1409,376,629,626,1048,1791,2064,2185,2270,"{""type"":""MultiPoint"",""coordinates"":[]}"
00000000000000008464_0,3053,2458,1028,1473,1600,2131,2804,2980,3034,3133,"{""type"":""MultiPoint"",""coordinates"":[]}"
0000000000000000846c_0,4049,3848,411,973,2052,2253,2314,2404,2638,2549,"{""type"":""MultiPoint"",""coordinates"":[]}"
00000000000000008472_0,3957,3447,451,1002,2200,2531,2772,2881,3018,3014,"{""type"":""MultiPoint"",""coordinates"":[]}"
00000000000000008481_0,2437,1820,166,415,807,979,1214,1331,1442,1451,"{""type"":""MultiPoint"",""coordinates"":[]}"
00000000000000008485_0,2432,2167,1002,1331,1628,1762,1783,1866,1871,1931,"{""type"":""MultiPoint"",""coordinates"":[]}"
00000000000000008486_0,1723,845,294,541,703,1305,2498,2890,3127,3339,"{""type"":""MultiPoint"",""coordinates"":[]}"
0000000000000000848e_0,3128,2861,274,603,1302,1470,1722,1837,1936,2019,"{""type"":""MultiPoint"",""coordinates"":[]}"
00000000000000008492_0,1921,991,292,538,512,957,1571,1782,1999,2139,"{""type"":""MultiPoint"",""coordinates"":[]}"
00000000000000008494_0,2914,1834,795,1089,1042,1534,2592,2883,2930,3144,"{""type"":""MultiPoint"",""coordinates"":[]}"
000000000000000084a3_0,4263,3618,809,1416,2272,2660,3084,3180,3149,3092,"{""type"":""MultiPoint"",""coordinates"":[]}"
000000000000000084a7_0,1865,1453,1425,1611,1900,2052,1938,1988,1862,1931,"{""type"":""MultiPoint"",""coordinates"":[]}"
000000000000000084b0_0,4793,4096,1156,2021,3401,3894,4022,4110,4118,4087,"{""type"":""MultiPoint"",""coordinates"":[]}"
000000000000000084b4_0,2192,1066,182,492,226,833,3338,4130,4354,4421,"{""type"":""MultiPoint"",""coordinates"":[]}"
000000000000000084b8_0,3735,2547,824,1442,2070,2374,2564,2611,2683,2599,"{""type"":""MultiPoint"",""coordinates"":[]}"
000000000000000084bd_0,1738,1233,376,550,607,990,1836,2092,2389,2319,"{""type"":""MultiPoint"",""coordinates"":[]}"
000000000000000084c5_0,3405,3066,371,631,1184,1379,1556,1666,1748,1849,"{""type"":""MultiPoint"",""coordinates"":[]}"
000000000000000084c9_0,2117,1296,425,685,644,1115,1974,2195,2466,2495,"{""type"":""MultiPoint"",""coordinates"":[]}"
000000000000000084d2_0,3179,2253,509,1058,1825,2435,3058,3114,3224,3174,"{""type"":""MultiPoint"",""coordinates"":[]}"
000000000000000084da_0,2174,1666,351,554,809,935,1105,1182,1254,1247,"{""type"":""MultiPoint"",""coordinates"":[]}"
000000000000000084de_0,2512,2047,415,833,1149,1258,1188,1389,1466,1231,"{""type"":""MultiPoint"",""coordinates"":[]}"
000000000000000084e7_0,5003,4600,1390,2173,3504,3847,4032,4082,4317,4119,"{""type"":""MultiPoint"",""coordinates"":[]}"
000000000000000084eb_0,1847,1000,210,449,418,884,1771,2057,2295,2393,"{""type"":""MultiPoint"",""coordinates"":[]}"
000000000000000084f4_0,2106,1508,280,531,832,1085,1604,1809,2006,2002,"{""type"":""MultiPoint"",""coordinates"":[]}"
000000000000000084fc_0,3523,2895,509,855,1506,1798,1897,2007,2123,2281,"{""type"":""MultiPoint"",""coordinates"":[]}"
00000000000000008502_0,2288,1914,286,496,666,894,939,1142,1124,1238,"{""type"":""MultiPoint"",""coordinates"":[]}"
00000000000000008509_0,4149,3852,1025,1498,2197,2370,2476,2543,2793,2662,"{""type"":""MultiPoint"",""coordinates"":[]}"
0000000000000000850d_0,1451,711,152,301,189,809,2316,2938,3041,3229,"{""type"":""MultiPoint"",""coordinates"":[]}"
00000000000000008524_0,2749,2100,548,767,915,1192,1528,1647,1732,1857,"{""type"":""MultiPoint"",""coordinates"":[]}"
00000000000000008533_0,2359,1811,8,261,713,1133,1486,1654,1610,1832,"{""type"":""MultiPoint"",""coordinates"":[]}"
00000000000000008537_0,2124,1626,431,611,805,1108,1470,1581,1662,1650,"{""type"":""MultiPoint"",""coordinates"":[]}"
00000000000000008539_0,2122,1710,230,520,802,1028,1303,1417,1599,1605,"{""type"":""MultiPoint"",""coordinates"":[]}"
00000000000000008544_0,2016,1149,314,669,536,1191,2129,2380,2618,2723,"{""type"":""MultiPoint"",""coordinates"":[]}"
00000000000000008546_0,2122,1359,684,936,871,1237,2711,3204,2854,3138,"{""type"":""MultiPoint"",""coordinates"":[]}"
00000000000000008548_0,2209,1467,354,528,567,849,1470,1651,1812,1878,"{""type"":""MultiPoint"",""coordinates"":[]}"
0000000000000000854d_0,1967,1172,256,573,590,1096,2735,3110,3426,3361,"{""type"":""MultiPoint"",""coordinates"":[]}"
00000000000000008555_0,4127,3393,599,1172,2062,2338,2468,2532,2808,2790,"{""type"":""MultiPoint"",""coordinates"":[]}"
0000000000000000855b_0,3723,3190,484,887,1676,2025,2251,2373,2392,2417,"{""type"":""MultiPoint"",""coordinates"":[]}"
00000000000000008562_0,5051,4449,1454,2266,3494,3823,3789,3913,4144,4066,"{""type"":""MultiPoint"",""coordinates"":[]}"
0000000000000000856a_0,1351,972,1,155,536,682,1029,1203,1404,1264,"{""type"":""MultiPoint"",""coordinates"":[]}"
0000000000000000856e_0,3448,2914,561,1171,2043,2280,2402,2545,2698,2663,"{""type"":""MultiPoint"",""coordinates"":[]}"
0000000000000000856f_0,350,211,30,33,11,67,259,366,484,459,"{""type"":""MultiPoint"",""coordinates"":[]}"
00000000000000008577_0,2240,1896,55,286,853,1024,1253,1434,1602,1572,"{""type"":""MultiPoint"",""coordinates"":[]}"
0000000000000000857b_0,1823,918,181,413,328,713,1928,2237,2888,2501,"{""type"":""MultiPoint"",""coordinates"":[]}"
0000000000000000857d_0,2154,1221,289,568,627,1136,1823,2092,2100,2349,"{""type"":""MultiPoint"",""coordinates"":[]}"
00000000000000008584_0,3919,3404,253,608,1710,2045,2296,2416,2670,2490,"{""type"":""MultiPoint"",""coordinates"":[]}"
0000000000000000858c_0,2805,2162,157,588,1224,1368,1587,1690,1990,1967,"{""type"":""MultiPoint"",""coordinates"":[]}"
00000000000000008590_0,2085,1485,538,740,758,1129,1584,1764,1738,1912,"{""type"":""MultiPoint"",""coordinates"":[]}"
00000000000000008592_0,2674,2387,750,1174,1670,1858,1966,2005,2084,1994,"{""type"":""MultiPoint"",""coordinates"":[]}"
0000000000000000859d_0,879,294,130,257,146,545,2181,2765,2941,3034,"{""type"":""MultiPoint"",""coordinates"":[]}"
000000000000000085a1_0,4256,3335,943,1448,1756,2233,2796,2989,3218,3254,"{""type"":""MultiPoint"",""coordinates"":[]}"
000000000000000085ae_0,4029,3312,710,1172,2164,2476,2573,2657,2806,2854,"{""type"":""MultiPoint"",""coordinates"":[]}"
000000000000000085b2_0,3241,1940,626,990,1102,1719,2655,2973,3288,3429,"{""type"":""MultiPoint"",""coordinates"":[]}"
000000000000000085b4_0,1935,1360,431,615,577,985,1715,1912,1938,1898,"{""type"":""MultiPoint"",""coordinates"":[]}"
000000000000000085d0_0,4303,3778,843,1396,2416,2355,2607,2723,3128,2931,"{""type"":""MultiPoint"",""coordinates"":[]}"
000000000000000085d6_0,1433,643,101,308,150,619,2441,2929,3032,3217,"{""type"":""MultiPoint"",""coordinates"":[]}"
000000000000000085e5_0,3798,3247,526,1004,1808,2025,2201,2377,2274,2597,"{""type"":""MultiPoint"",""coordinates"":[]}"
000000000000000085e9_0,1954,1027,287,469,292,671,2949,3991,3944,4327,"{""type"":""MultiPoint"",""coordinates"":[]}"
000000000000000085eb_0,2573,2348,478,950,1450,1584,1672,1720,1760,1718,"{""type"":""MultiPoint"",""coordinates"":[]}"
000000000000000085f2_0,2580,2106,536,760,1052,1455,1820,1967,1938,2013,"{""type"":""MultiPoint"",""coordinates"":[]}"
000000000000000085fa_0,2154,1493,481,774,914,1008,1360,1457,1624,1580,"{""type"":""MultiPoint"",""coordinates"":[]}"
000000000000000085fe_0,2166,1386,379,583,784,1257,1988,2239,2496,2540,"{""type"":""MultiPoint"",""coordinates"":[]}"
000000000000000085ff_0,2258,1500,602,713,847,991,1664,1846,2084,2126,"{""type"":""MultiPoint"",""coordinates"":[]}"
00000000000000008607_0,4287,3723,771,1316,2292,2545,2709,2853,3010,2917,"{""type"":""MultiPoint"",""coordinates"":[]}"
0000000000000000860b_0,2031,1104,473,675,517,959,2090,2459,2640,2744,"{""type"":""MultiPoint"",""coordinates"":[]}"
0000000000000000860d_0,1898,1331,367,601,805,1161,1615,1801,1852,1965,"{""type"":""MultiPoint"",""coordinates"":[]}"
00000000000000008614_0,3782,3074,194,713,1533,2261,2939,3076,2976,3092,"{""type"":""MultiPoint"",""coordinates"":[]}"
0000000000000000861c_0,3213,3059,390,780,1478,1595,1653,1792,2104,1990,"{""type"":""MultiPoint"",""coordinates"":[]}"
00000000000000008620_0,2476,1734,741,999,1028,1429,2120,2263,2310,2462,"{""type"":""MultiPoint"",""coordinates"":[]}"
00000000000000008622_0,3923,3519,678,1246,2326,2646,2949,3043,3256,3117,"{""type"":""MultiPoint"",""coordinates"":[]}"
00000000000000008629_0,4371,4228,664,1194,2526,2891,3200,3267,3376,3211,"{""type"":""MultiPoint"",""coordinates"":[]}"
0000000000000000862d_0,2753,1482,403,778,560,1276,2927,3213,3624,3596,"{""type"":""MultiPoint"",""coordinates"":[]}"
00000000000000008631_0,2180,1537,394,560,660,882,1274,1461,1544,1657,"{""type"":""MultiPoint"",""coordinates"":[]}"
00000000000000008636_0,1050,488,275,459,263,739,3163,3773,4196,3958,"{""type"":""MultiPoint"",""coordinates"":[]}"
0000000000000000863e_0,3806,3091,517,1046,1836,1949,2227,2278,2546,2543,"{""type"":""MultiPoint"",""coordinates"":[]}"
00000000000000008642_0,1906,809,220,415,191,638,3686,5162,5376,5407,"{""type"":""MultiPoint"",""coordinates"":[]}"
00000000000000008644_0,3417,2925,611,1032,1698,2076,2410,2537,2468,2609,"{""type"":""MultiPoint"",""coordinates"":[]}"
00000000000000008657_0,1781,1512,597,985,1394,1575,1644,1719,1714,1704,"{""type"":""MultiPoint"",""coordinates"":[]}"
00000000000000008658_0,2055,1120,325,604,521,1005,2297,2836,2567,3167,"{""type"":""MultiPoint"",""coordinates"":[]}"
00000000000000008660_0,2541,2118,392,620,1036,1379,1581,1735,1829,1842,"{""type"":""MultiPoint"",""coordinates"":[]}"
00000000000000008666_0,2577,1532,391,721,607,1164,2252,2533,2680,2764,"{""type"":""MultiPoint"",""coordinates"":[]}"
00000000000000008675_0,4376,3675,658,1028,1842,2306,2544,2705,2688,2885,"{""type"":""MultiPoint"",""coordinates"":[]}"
00000000000000008679_0,2621,1548,541,865,956,1354,2184,2434,2480,2720,"{""type"":""MultiPoint"",""coordinates"":[]}"
0000000000000000867b_0,2082,1570,345,649,1198,1400,1453,1492,1442,1418,"{""type"":""MultiPoint"",""coordinates"":[]}"
00000000000000008697_0,3201,2685,287,704,1164,1419,1593,1690,1804,1980,"{""type"":""MultiPoint"",""coordinates"":[]}"
0000000000000000869b_0,1788,835,278,612,310,965,3466,4055,4328,4427,"{""type"":""MultiPoint"",""coordinates"":[]}"
0000000000000000869d_0,2559,2004,549,916,1136,1363,1706,1849,1898,1931,"{""type"":""MultiPoint"",""coordinates"":[]}"
000000000000000086a4_0,4234,3165,604,1152,2159,2207,2521,2763,3442,3064,"{""type"":""MultiPoint"",""coordinates"":[]}"
000000000000000086ac_0,2221,1809,301,425,724,1003,1537,1793,2055,1956,"{""type"":""MultiPoint"",""coordinates"":[]}"
000000000000000086b9_0,3550,3009,388,868,1698,1985,2245,2357,2602,2574,"{""type"":""MultiPoint"",""coordinates"":[]}"
000000000000000086bd_0,2360,1361,264,581,682,1055,1681,1897,2251,2236,"{""type"":""MultiPoint"",""coordinates"":[]}"
000000000000000086c6_0,2292,1715,266,408,599,1174,1950,2249,2334,2416,"{""type"":""MultiPoint"",""coordinates"":[]}"
000000000000000086ce_0,3831,3117,534,1019,1680,1900,2027,2183,2370,2475,"{""type"":""MultiPoint"",""coordinates"":[]}"
000000000000000086d2_0,2271,1148,454,886,526,1361,3552,4300,4460,4614,"{""type"":""MultiPoint"",""coordinates"":[]}"
000000000000000086db_0,4645,3931,1224,1910,3050,3317,3626,3705,4082,3946,"{""type"":""MultiPoint"",""coordinates"":[]}"
000000000000000086e3_0,4228,3424,521,1098,1952,2312,2470,2647,2764,2799,"{""type"":""MultiPoint"",""coordinates"":[]}"
000000000000000086e7_0,907,834,575,684,876,992,1020,1055,1008,1011,"{""type"":""MultiPoint"",""coordinates"":[]}"
000000000000000086e8_0,1473,890,201,336,363,685,1327,1595,1529,1812,"{""type"":""MultiPoint"",""coordinates"":[]}"
000000000000000086f0_0,1674,1159,352,530,648,827,1329,1470,1812,1649,"{""type"":""MultiPoint"",""coordinates"":[]}"
000000000000000086fd_0,3286,2664,1,328,860,1574,2031,2007,1914,2293,"{""type"":""MultiPoint"",""coordinates"":[]}"
00000000000000008705_0,2014,1441,51,243,433,784,1165,1393,1550,1609,"{""type"":""MultiPoint"",""coordinates"":[]}"
00000000000000008709_0,2290,1611,562,776,764,1158,2002,2263,2242,2459,"{""type"":""MultiPoint"",""coordinates"":[]}"
0000000000000000870b_0,4740,3581,1916,2084,2676,2038,2364,2465,4428,2756,"{""type"":""MultiPoint"",""coordinates"":[]}"
00000000000000008712_0,5064,4411,1806,2622,4100,4407,4421,4433,4536,4426,"{""type"":""MultiPoint"",""coordinates"":[]}"
00000000000000008716_0,3092,1809,544,842,792,1403,2690,3162,3264,3516,"{""type"":""MultiPoint"",""coordinates"":[]}"
0000000000000000871a_0,1683,1101,304,432,472,884,1770,2040,1824,2196,"{""type"":""MultiPoint"",""coordinates"":[]}"
0000000000000000871f_0,1457,1046,480,700,909,900,1472,1706,1972,1759,"{""type"":""MultiPoint"",""coordinates"":[]}"
00000000000000008727_0,1977,1364,271,412,698,946,1392,1530,1770,1836,"{""type"":""MultiPoint"",""coordinates"":[]}"
0000000000000000872b_0,2062,1065,242,576,396,1079,2882,3444,3568,3856,"{""type"":""MultiPoint"",""coordinates"":[]}"
0000000000000000872d_0,2157,1563,417,628,849,1308,1622,1798,1744,2001,"{""type"":""MultiPoint"",""coordinates"":[]}"
00000000000000008734_0,3423,2957,707,1130,1788,2054,2360,2505,2498,2518,"{""type"":""MultiPoint"",""coordinates"":[]}"
00000000000000008740_0,1616,1303,312,543,582,814,1000,1011,1020,1083,"{""type"":""MultiPoint"",""coordinates"":[]}"
00000000000000008749_0,2844,2343,291,675,1164,1340,1607,1719,1928,1970,"{""type"":""MultiPoint"",""coordinates"":[]}"
0000000000000000874f_0,2478,1502,482,915,870,1476,2612,3010,3164,3214,"{""type"":""MultiPoint"",""coordinates"":[]}"
0000000000000000875e_0,3093,2403,632,1066,1794,2252,2465,2583,2536,2672,"{""type"":""MultiPoint"",""coordinates"":[]}"
00000000000000008764_0,2510,2270,423,811,1238,1389,1444,1587,1640,1639,"{""type"":""MultiPoint"",""coordinates"":[]}"
0000000000000000876b_0,4330,3818,633,1158,2128,2592,3123,3273,3404,3429,"{""type"":""MultiPoint"",""coordinates"":[]}"
00000000000000008778_0,2275,1299,364,672,777,1344,2296,2693,2976,3139,"{""type"":""MultiPoint"",""coordinates"":[]}"
00000000000000008784_0,2577,1557,425,676,539,1236,2489,2912,2872,3135,"{""type"":""MultiPoint"",""coordinates"":[]}"
0000000000000000878d_0,3916,3326,379,905,1854,2432,2690,2849,2980,3038,"{""type"":""MultiPoint"",""coordinates"":[]}"
00000000000000008795_0,1596,1035,56,198,324,654,1190,1321,1524,1509,"{""type"":""MultiPoint"",""coordinates"":[]}"
00000000000000008799_0,1880,1319,1,260,443,769,1008,1169,1326,1452,"{""type"":""MultiPoint"",""coordinates"":[]}"
000000000000000087a2_0,3574,2929,330,854,1652,1902,1999,2085,2440,2274,"{""type"":""MultiPoint"",""coordinates"":[]}"
000000000000000087a6_0,2193,1237,372,598,552,1086,1998,2161,2422,2476,"{""type"":""MultiPoint"",""coordinates"":[]}"
000000000000000087af_0,1356,662,348,618,484,921,2616,3351,3526,3401,"{""type"":""MultiPoint"",""coordinates"":[]}"
000000000000000087b7_0,1442,871,1,140,196,632,1179,1374,1376,1565,"{""type"":""MultiPoint"",""coordinates"":[]}"
000000000000000087bb_0,2550,1473,433,885,696,1470,2972,3443,3602,3714,"{""type"":""MultiPoint"",""coordinates"":[]}"
000000000000000087bd_0,2339,1667,674,919,904,1285,2001,2188,2308,2261,"{""type"":""MultiPoint"",""coordinates"":[]}"
000000000000000087cc_0,1445,924,1,85,188,629,980,1118,1140,1329,"{""type"":""MultiPoint"",""coordinates"":[]}"
000000000000000087d0_0,1578,1642,2010,2116,2642,2237,2511,2539,2924,2437,"{""type"":""MultiPoint"",""coordinates"":[]}"
000000000000000087df_0,1974,1261,484,886,987,1125,2146,2335,2260,2493,"{""type"":""MultiPoint"",""coordinates"":[]}"
000000000000000087f2_0,1608,891,262,449,347,738,1451,1691,1780,1918,"{""type"":""MultiPoint"",""coordinates"":[]}"
000000000000000087f4_0,2382,2130,736,1184,1450,1545,1607,1630,1666,1531,"{""type"":""MultiPoint"",""coordinates"":[]}"
000000000000000087fb_0,2298,1912,285,467,862,937,1172,1246,1394,1388,"{""type"":""MultiPoint"",""coordinates"":[]}"
00000000000000008803_0,1496,895,271,484,494,791,1578,1865,1744,2059,"{""type"":""MultiPoint"",""coordinates"":[]}"
00000000000000008808_0,1515,864,195,354,385,521,1166,1324,1788,1614,"{""type"":""MultiPoint"",""coordinates"":[]}"
0000000000000000881d_0,4276,3926,479,916,1996,2527,2860,2986,2972,3038,"{""type"":""MultiPoint"",""coordinates"":[]}"
00000000000000008829_0,2079,1762,261,532,791,1386,1620,1731,1508,1858,"{""type"":""MultiPoint"",""coordinates"":[]}"
00000000000000008832_0,3535,3309,739,984,1458,1686,1881,1988,2220,2288,"{""type"":""MultiPoint"",""coordinates"":[]}"
00000000000000008836_0,2739,1435,474,818,663,1248,2919,3421,3410,3866,"{""type"":""MultiPoint"",""coordinates"":[]}"
0000000000000000883f_0,3124,2353,398,714,940,1684,2754,3064,3528,3285,"{""type"":""MultiPoint"",""coordinates"":[]}"
0000000000000000884b_0,2128,1265,384,674,448,1163,2870,3407,3540,3639,"{""type"":""MultiPoint"",""coordinates"":[]}"
0000000000000000884d_0,1934,1794,897,1262,1628,1648,1630,1738,1810,1759,"{""type"":""MultiPoint"",""coordinates"":[]}"
00000000000000008854_0,3856,3446,710,1156,2160,2609,3045,3163,3312,3212,"{""type"":""MultiPoint"",""coordinates"":[]}"
00000000000000008860_0,1919,1688,869,1134,1550,1638,1656,1740,1962,1787,"{""type"":""MultiPoint"",""coordinates"":[]}"
00000000000000008861_0,2518,1347,350,661,578,1332,3092,3689,3670,4057,"{""type"":""MultiPoint"",""coordinates"":[]}"
0000000000000000886d_0,3149,2071,463,757,618,1228,2715,3277,3416,3537,"{""type"":""MultiPoint"",""coordinates"":[]}"
00000000000000008882_0,2001,1151,397,722,505,1099,2681,3205,3296,3319,"{""type"":""MultiPoint"",""coordinates"":[]}"
00000000000000008884_0,2510,1460,395,749,639,1459,3024,3389,3664,3645,"{""type"":""MultiPoint"",""coordinates"":[]}"
0000000000000000888b_0,2487,2024,345,514,1015,1309,1626,1747,1883,1873,"{""type"":""MultiPoint"",""coordinates"":[]}"
0000000000000000888f_0,1930,1039,158,306,303,918,2013,2335,1820,2593,"{""type"":""MultiPoint"",""coordinates"":[]}"
00000000000000008898_0,1891,908,242,537,306,1011,3497,4080,4720,4515,"{""type"":""MultiPoint"",""coordinates"":[]}"
000000000000000088a6_0,2393,2004,554,1010,1470,1578,1662,1789,1800,1792,"{""type"":""MultiPoint"",""coordinates"":[]}"
000000000000000088ad_0,4110,3649,419,1194,2655,2819,2946,3022,3296,3037,"{""type"":""MultiPoint"",""coordinates"":[]}"
000000000000000088b5_0,1748,1232,154,294,437,602,959,1106,1208,1293,"{""type"":""MultiPoint"",""coordinates"":[]}"
000000000000000088c6_0,2688,1461,455,646,586,1142,2098,2379,2548,2709,"{""type"":""MultiPoint"",""coordinates"":[]}"
000000000000000088cf_0,1991,1342,154,469,584,1149,2065,2434,2166,2658,"{""type"":""MultiPoint"",""coordinates"":[]}"
000000000000000088db_0,1934,970,255,448,282,685,2880,3686,3564,3886,"{""type"":""MultiPoint"",""coordinates"":[]}"
000000000000000088dd_0,2185,1744,338,637,759,919,1238,1353,1460,1435,"{""type"":""MultiPoint"",""coordinates"":[]}"
000000000000000088ec_0,3191,2169,649,1030,1258,1686,2425,2625,2712,2727,"{""type"":""MultiPoint"",""coordinates"":[]}"
000000000000000088f1_0,1454,840,232,312,300,704,1678,2104,2409,2469,"{""type"":""MultiPoint"",""coordinates"":[]}"
000000000000000088fd_0,2653,1486,444,764,732,1473,2518,2862,3002,3220,"{""type"":""MultiPoint"",""coordinates"":[]}"
0000000000000000890e_0,3841,3593,1120,1438,1648,2199,2580,2733,2684,2967,"{""type"":""MultiPoint"",""coordinates"":[]}"
00000000000000008912_0,1958,1396,121,399,534,832,1320,1473,1576,1671,"{""type"":""MultiPoint"",""coordinates"":[]}"
0000000000000000891f_0,2988,1601,444,814,652,1286,2901,3401,3486,3726,"{""type"":""MultiPoint"",""coordinates"":[]}"
00000000000000008934_0,2528,1807,379,554,894,1056,1117,1255,1448,1523,"{""type"":""MultiPoint"",""coordinates"":[]}"
00000000000000008936_0,2729,2269,682,769,998,1107,1251,1364,1416,1468,"{""type"":""MultiPoint"",""coordinates"":[]}"
0000000000000000893d_0,4377,3547,838,1466,2480,3058,3733,3903,3912,4025,"{""type"":""MultiPoint"",""coordinates"":[]}"
00000000000000008949_0,1530,1393,412,655,894,994,1056,1110,1202,1138,"{""type"":""MultiPoint"",""coordinates"":[]}"
00000000000000008958_0,2292,1670,452,717,740,1059,1710,1835,2022,1991,"{""type"":""MultiPoint"",""coordinates"":[]}"
0000000000000000895f_0,3687,3091,931,1674,2160,2730,3612,3790,4094,4121,"{""type"":""MultiPoint"",""coordinates"":[]}"
0000000000000000896b_0,2245,1845,565,758,824,1099,1692,1913,1824,2089,"{""type"":""MultiPoint"",""coordinates"":[]}"
0000000000000000896d_0,2375,1918,601,710,808,1045,1410,1570,1764,1778,"{""type"":""MultiPoint"",""coordinates"":[]}"
00000000000000008974_0,2325,1455,260,514,536,977,2490,3003,3162,3150,"{""type"":""MultiPoint"",""coordinates"":[]}"
00000000000000008978_0,1506,847,241,401,468,919,1437,1638,1728,1955,"{""type"":""MultiPoint"",""coordinates"":[]}"
0000000000000000897c_0,1365,664,409,1202,902,1599,4187,4954,5297,5043,"{""type"":""MultiPoint"",""coordinates"":[]}"
00000000000000008981_0,1762,913,319,468,401,939,2273,2705,2910,3143,"{""type"":""MultiPoint"",""coordinates"":[]}"
0000000000000000898d_0,1930,1017,340,696,456,923,2661,3319,3522,3555,"{""type"":""MultiPoint"",""coordinates"":[]}"
0000000000000000898f_0,1511,1106,274,477,546,807,1126,1207,1349,1276,"{""type"":""MultiPoint"",""coordinates"":[]}"
00000000000000008996_0,4336,3812,723,1194,2190,2587,3121,3439,3576,3526,"{""type"":""MultiPoint"",""coordinates"":[]}"
0000000000000000899e_0,2864,2085,686,927,1354,1696,1907,1865,2130,2206,"{""type"":""MultiPoint"",""coordinates"":[]}"
000000000000000089a2_0,2305,2056,706,996,1294,1511,1793,1908,1924,1975,"{""type"":""MultiPoint"",""coordinates"":[]}"
000000000000000089b8_0,1389,839,134,245,301,557,1241,1433,1414,1642,"{""type"":""MultiPoint"",""coordinates"":[]}"
000000000000000089c6_0,2502,2093,641,968,1270,1480,1569,1626,1672,1704,"{""type"":""MultiPoint"",""coordinates"":[]}"
000000000000000089cd_0,2548,1999,494,788,887,1233,1887,2113,2290,2301,"{""type"":""MultiPoint"",""coordinates"":[]}"
000000000000000089d5_0,2240,1315,327,638,485,1047,3075,3869,4030,4126,"{""type"":""MultiPoint"",""coordinates"":[]}"
000000000000000089d9_0,2193,1508,252,495,443,1015,1956,1980,1930,2191,"{""type"":""MultiPoint"",""coordinates"":[]}"
000000000000000089da_0,1491,1162,383,465,560,808,1431,1591,1990,1904,"{""type"":""MultiPoint"",""coordinates"":[]}"
000000000000000089e6_0,1633,678,230,580,263,1112,3379,4127,4332,4454,"{""type"":""MultiPoint"",""coordinates"":[]}"
000000000000000089ef_0,2111,1648,37,337,559,1028,2418,2797,1918,3014,"{""type"":""MultiPoint"",""coordinates"":[]}"
000000000000000089f7_0,1166,696,152,302,294,653,1241,1422,1530,1628,"{""type"":""MultiPoint"",""coordinates"":[]}"
000000000000000089fb_0,3017,2723,774,969,1238,1397,1573,1661,1888,1875,"{""type"":""MultiPoint"",""coordinates"":[]}"
00000000000000008a11_0,1459,832,252,488,539,1000,2046,2454,2179,2731,"{""type"":""MultiPoint"",""coordinates"":[]}"
00000000000000008a1f_0,2495,1959,603,1078,1272,1632,2113,2414,3002,2543,"{""type"":""MultiPoint"",""coordinates"":[]}"
00000000000000008a26_0,2449,1967,282,439,727,1120,1426,1705,1639,1831,"{""type"":""MultiPoint"",""coordinates"":[]}"
00000000000000008a3f_0,2522,1357,346,669,508,1153,2571,2940,3364,3321,"{""type"":""MultiPoint"",""coordinates"":[]}"
00000000000000008a48_0,1465,753,287,539,346,1037,3062,3474,3888,3660,"{""type"":""MultiPoint"",""coordinates"":[]}"
00000000000000008a54_0,1501,817,376,466,354,688,1484,1704,1692,1826,"{""type"":""MultiPoint"",""coordinates"":[]}"
00000000000000008a56_0,2528,1616,1730,1964,1942,2267,3084,3367,3370,3457,"{""type"":""MultiPoint"",""coordinates"":[]}"
00000000000000008a5d_0,2455,1693,1007,1282,1404,1562,1959,2121,2424,2319,"{""type"":""MultiPoint"",""coordinates"":[]}"
00000000000000008a65_0,974,465,89,282,156,569,2268,2926,3094,3151,"{""type"":""MultiPoint"",""coordinates"":[]}"
00000000000000008a6a_0,1046,531,137,209,215,546,1462,1949,1522,2305,"{""type"":""MultiPoint"",""coordinates"":[]}"
00000000000000008a76_0,2403,1323,267,574,331,854,2846,3611,3906,3783,"{""type"":""MultiPoint"",""coordinates"":[]}"
00000000000000008a7f_0,3276,2638,780,1182,1519,1711,2180,2366,2556,2584,"{""type"":""MultiPoint"",""coordinates"":[]}"
00000000000000008a8b_0,1837,1523,448,687,839,996,1174,1265,1418,1382,"{""type"":""MultiPoint"",""coordinates"":[]}"
00000000000000008a98_0,1901,1089,278,482,430,755,1553,1810,2000,2049,"{""type"":""MultiPoint"",""coordinates"":[]}"
00000000000000008aa1_0,1923,1161,449,1230,1308,1979,4271,4665,4700,4922,"{""type"":""MultiPoint"",""coordinates"":[]}"
00000000000000008ab6_0,2248,1781,216,407,628,1053,1554,1757,2073,1966,"{""type"":""MultiPoint"",""coordinates"":[]}"
00000000000000008ac2_0,2150,1618,645,850,1064,1289,2195,2445,2243,2672,"{""type"":""MultiPoint"",""coordinates"":[]}"
00000000000000008ad8_0,2770,1897,638,899,946,1471,2390,2597,2820,2818,"{""type"":""MultiPoint"",""coordinates"":[]}"
00000000000000008af5_0,1095,472,194,294,256,649,1899,2233,2554,2468,"{""type"":""MultiPoint"",""coordinates"":[]}"
00000000000000008afa_0,2611,1341,331,702,548,1610,3852,4426,4832,4745,"{""type"":""MultiPoint"",""coordinates"":[]}"
00000000000000008b0f_0,2753,2386,451,725,1122,1205,1501,1709,1992,1886,"{""type"":""MultiPoint"",""coordinates"":[]}"
00000000000000008b1b_0,1678,1606,1,350,787,995,1161,1220,1296,1246,"{""type"":""MultiPoint"",""coordinates"":[]}"
00000000000000008b31_0,1622,870,248,586,376,961,2502,3034,3256,3090,"{""type"":""MultiPoint"",""coordinates"":[]}"
00000000000000008b3d_0,2123,926,198,433,204,736,3973,5463,5768,5827,"{""type"":""MultiPoint"",""coordinates"":[]}"
00000000000000008b4e_0,1316,818,239,308,312,545,1093,1276,1360,1469,"{""type"":""MultiPoint"",""coordinates"":[]}"
00000000000000008b52_0,2385,1601,371,584,723,1096,1615,1815,1938,2072,"{""type"":""MultiPoint"",""coordinates"":[]}"
00000000000000008b53_0,1256,583,137,235,230,476,1386,1632,1890,1921,"{""type"":""MultiPoint"",""coordinates"":[]}"
00000000000000008b5f_0,2652,1667,561,880,1007,1259,2655,3197,2942,3504,"{""type"":""MultiPoint"",""coordinates"":[]}"
00000000000000008b68_0,2162,1474,219,467,564,1020,2168,2545,2734,2691,"{""type"":""MultiPoint"",""coordinates"":[]}"
00000000000000008b8a_0,2449,1640,382,659,585,1454,2474,2768,3034,3089,"{""type"":""MultiPoint"",""coordinates"":[]}"
00000000000000008b9f_0,4630,4138,910,1414,2150,2397,2532,2704,3064,2992,"{""type"":""MultiPoint"",""coordinates"":[]}"
00000000000000008bab_0,1260,1102,470,763,1030,1277,1202,1281,1080,1266,"{""type"":""MultiPoint"",""coordinates"":[]}"
00000000000000008bb8_0,1586,722,183,564,219,920,3448,4150,4212,4332,"{""type"":""MultiPoint"",""coordinates"":[]}"
00000000000000008bcd_0,1417,810,357,474,357,668,1413,1632,1688,1811,"{""type"":""MultiPoint"",""coordinates"":[]}"
00000000000000008be3_0,1085,591,204,303,402,585,1164,1369,2011,1664,"{""type"":""MultiPoint"",""coordinates"":[]}"
00000000000000008bef_0,2423,1783,449,648,725,1034,1784,2024,2310,2421,"{""type"":""MultiPoint"",""coordinates"":[]}"
00000000000000008c04_0,1867,1521,499,714,915,1120,1349,1444,1550,1545,"{""type"":""MultiPoint"",""coordinates"":[]}"
00000000000000008c26_0,2019,880,160,386,207,674,3580,4841,5116,5293,"{""type"":""MultiPoint"",""coordinates"":[]}"
00000000000000008c3b_0,826,398,146,276,162,539,1652,2064,2332,2341,"{""type"":""MultiPoint"",""coordinates"":[]}"
00000000000000008c51_0,1959,1305,186,455,525,924,1792,1997,2064,2114,"{""type"":""MultiPoint"",""coordinates"":[]}"
00000000000000008c73_0,1549,921,202,450,330,732,2167,2512,2918,2540,"{""type"":""MultiPoint"",""coordinates"":[]}"
00000000000000008c7f_0,2576,1692,558,747,875,1053,2183,2611,2750,2957,"{""type"":""MultiPoint"",""coordinates"":[]}"
00000000000000008c88_0,2715,2189,694,940,1070,1297,1919,2063,2466,2283,"{""type"":""MultiPoint"",""coordinates"":[]}"
00000000000000008caa_0,1004,478,49,187,84,791,1977,3226,2170,3341,"{""type"":""MultiPoint"",""coordinates"":[]}"
00000000000000008cb6_0,1707,965,393,592,490,822,1812,2136,2348,2331,"{""type"":""MultiPoint"",""coordinates"":[]}"
00000000000000008cd8_0,2202,1227,417,746,686,1227,2308,2551,2930,2887,"{""type"":""MultiPoint"",""coordinates"":[]}"
00000000000000008ced_0,2139,1858,414,637,890,1028,1122,1165,1282,1292,"{""type"":""MultiPoint"",""coordinates"":[]}"
00000000000000008d0f_0,2686,1775,574,902,874,1513,2856,3263,3156,3399,"{""type"":""MultiPoint"",""coordinates"":[]}"
00000000000000008d24_0,1223,1204,12560,12288,11817,11103,10537,10285,10968,9436,"{""type"":""MultiPoint"",""coordinates"":[]}"
00000000000000008d3a_0,2575,2255,509,752,1136,1304,1411,1492,1620,1633,"{""type"":""MultiPoint"",""coordinates"":[]}"
00000000000000008d46_0,2105,1455,474,617,628,1153,1832,2107,2114,2267,"{""type"":""MultiPoint"",""coordinates"":[]}"
00000000000000008d68_0,2655,1534,445,776,820,1350,2375,2734,2958,2991,"{""type"":""MultiPoint"",""coordinates"":[]}"
00000000000000008d7d_0,546,608,6884,6724,6880,7205,7078,6803,6756,6529,"{""type"":""MultiPoint"",""coordinates"":[]}"
00000000000000008d93_0,1727,747,146,491,219,1047,3556,4348,4460,4588,"{""type"":""MultiPoint"",""coordinates"":[]}"
00000000000000008db4_0,1103,505,114,356,231,802,2464,2942,2958,2906,"{""type"":""MultiPoint"",""coordinates"":[]}"
00000000000000008dca_0,2098,1252,303,340,410,1008,1902,2433,1784,2692,"{""type"":""MultiPoint"",""coordinates"":[]}"
00000000000000008dcf_0,1048,415,144,389,203,683,2052,2435,2758,2618,"{""type"":""MultiPoint"",""coordinates"":[]}"
00000000000000008dec_0,603,316,64,164,183,391,842,969,1150,1150,"{""type"":""MultiPoint"",""coordinates"":[]}"
00000000000000008e01_0,2010,1026,434,858,438,1438,3677,4197,4532,4447,"{""type"":""MultiPoint"",""coordinates"":[]}"
00000000000000008e0d_0,2899,2549,1426,1914,2348,2624,2715,2784,2864,2821,"{""type"":""MultiPoint"",""coordinates"":[]}"
00000000000000008e1a_0,91,64,15,33,34,124,91,143,108,86,"{""type"":""MultiPoint"",""coordinates"":[]}"
00000000000000008e23_0,1968,976,288,796,430,1414,4021,4428,5009,4686,"{""type"":""MultiPoint"",""coordinates"":[]}"
00000000000000008e44_0,1267,626,178,419,424,765,1863,2306,2996,2665,"{""type"":""MultiPoint"",""coordinates"":[]}"
00000000000000008e45_0,1120,712,102,173,281,490,891,1042,1052,1202,"{""type"":""MultiPoint"",""coordinates"":[]}"
00000000000000008e5a_0,1803,1130,356,550,650,903,1625,1860,2365,1936,"{""type"":""MultiPoint"",""coordinates"":[]}"
00000000000000008e88_0,2613,2488,604,854,1160,1442,1661,1811,1996,2038,"{""type"":""MultiPoint"",""coordinates"":[]}"
00000000000000008e9d_0,1953,1628,613,933,1108,1353,1776,1821,2032,1915,"{""type"":""MultiPoint"",""coordinates"":[]}"
00000000000000008eaa_0,2701,1752,465,711,739,1135,1862,2037,2062,2263,"{""type"":""MultiPoint"",""coordinates"":[]}"
00000000000000008ebf_0,2487,1909,589,893,1148,1449,1670,1767,1844,1944,"{""type"":""MultiPoint"",""coordinates"":[]}"
00000000000000008ed5_0,909,433,68,236,189,559,1507,1767,2115,1955,"{""type"":""MultiPoint"",""coordinates"":[]}"
00000000000000008ee1_0,1503,675,287,609,264,984,3999,4832,5200,5038,"{""type"":""MultiPoint"",""coordinates"":[]}"
00000000000000008eea_0,1897,941,205,592,414,1277,2944,3343,3240,3640,"{""type"":""MultiPoint"",""coordinates"":[]}"
00000000000000008ef6_0,2710,2461,1092,1454,2070,2303,2400,2541,2674,2540,"{""type"":""MultiPoint"",""coordinates"":[]}"
00000000000000008f0c_0,440,168,36,94,67,267,1172,1293,1378,1534,"{""type"":""MultiPoint"",""coordinates"":[]}"
00000000000000008f11_0,1121,648,274,415,352,654,1670,1950,2666,2129,"{""type"":""MultiPoint"",""coordinates"":[]}"
00000000000000008f2d_0,884,365,143,199,124,395,1363,1887,2454,2252,"{""type"":""MultiPoint"",""coordinates"":[]}"
00000000000000008f3a_0,185,122,372,500,627,760,827,888,947,1086,"{""type"":""MultiPoint"",""coordinates"":[]}"
00000000000000008f43_0,1264,647,67,252,144,622,2110,2509,2533,2820,"{""type"":""MultiPoint"",""coordinates"":[]}"
00000000000000008f86_0,3247,2712,879,1274,1598,1721,1898,1998,2154,2147,"{""type"":""MultiPoint"",""coordinates"":[]}"
00000000000000008fa1_0,157,69,1,1,1,18,639,576,822,754,"{""type"":""MultiPoint"",""coordinates"":[]}"
00000000000000008fa8_0,1574,1188,1,229,448,724,1126,1218,1350,1302,"{""type"":""MultiPoint"",""coordinates"":[]}"
00000000000000008fbd_0,1339,715,230,321,317,661,1588,1959,2178,2184,"{""type"":""MultiPoint"",""coordinates"":[]}"
00000000000000008fdf_0,3020,2875,1262,1680,2298,2594,2695,2847,2868,2896,"{""type"":""MultiPoint"",""coordinates"":[]}"
00000000000000009001_0,1556,944,185,443,444,795,1688,1890,2054,2060,"{""type"":""MultiPoint"",""coordinates"":[]}"
00000000000000009016_0,1675,779,173,445,290,879,2734,3367,3404,3594,"{""type"":""MultiPoint"",""coordinates"":[]}"
00000000000000009038_0,2038,1804,778,1004,1266,1412,1613,1691,1730,1750,"{""type"":""MultiPoint"",""coordinates"":[]}"
0000000000000000905a_0,2048,1501,143,390,548,1042,1634,1761,1780,1973,"{""type"":""MultiPoint"",""coordinates"":[]}"
0000000000000000906f_0,2663,2469,1026,1498,2322,2498,2786,2913,3032,2817,"{""type"":""MultiPoint"",""coordinates"":[]}"
00000000000000009091_0,1773,1274,89,290,401,683,1079,1205,1312,1356,"{""type"":""MultiPoint"",""coordinates"":[]}"
000000000000000090c1_0,690,296,0,200,130,408,1304,1436,1460,1775,"{""type"":""MultiPoint"",""coordinates"":[]}"
000000000000000090c8_0,1330,1154,57,312,573,700,738,824,858,899,"{""type"":""MultiPoint"",""coordinates"":[]}"
000000000000000090ea_0,2180,1414,218,487,671,1178,1983,2215,2456,2466,"{""type"":""MultiPoint"",""coordinates"":[]}"
000000000000000090ff_0,2138,1703,596,824,1102,1330,1525,1613,1688,1747,"{""type"":""MultiPoint"",""coordinates"":[]}"
0000000000000000911a_0,2521,1913,521,600,813,962,1207,1427,1636,1717,"{""type"":""MultiPoint"",""coordinates"":[]}"
00000000000000009121_0,2030,1710,606,835,1142,1323,1463,1539,1660,1649,"{""type"":""MultiPoint"",""coordinates"":[]}"
00000000000000009158_0,1769,1552,254,487,795,904,961,1059,1116,1124,"{""type"":""MultiPoint"",""coordinates"":[]}"
0000000000000000917a_0,1685,1243,1,182,319,634,1088,1213,1382,1354,"{""type"":""MultiPoint"",""coordinates"":[]}"
0000000000000000918f_0,1015,423,148,305,182,464,1795,2006,2434,2413,"{""type"":""MultiPoint"",""coordinates"":[]}"
000000000000000091b1_0,1778,1522,334,620,921,1042,1140,1230,1296,1366,"{""type"":""MultiPoint"",""coordinates"":[]}"
000000000000000091e8_0,540,378,4660,4784,4952,5386,5355,5014,4708,4871,"{""type"":""MultiPoint"",""coordinates"":[]}"
0000000000000000921f_0,2340,1357,406,717,654,1238,2459,2790,3173,3102,"{""type"":""MultiPoint"",""coordinates"":[]}"
00000000000000009263_0,2126,1398,502,806,662,1384,3049,3542,3876,3662,"{""type"":""MultiPoint"",""coordinates"":[]}"
00000000000000009293_0,451,169,21,95,39,258,1789,2663,3196,2874,"{""type"":""MultiPoint"",""coordinates"":[]}"
000000000000000092d1_0,1507,1264,1,15,798,898,972,1168,1226,1292,"{""type"":""MultiPoint"",""coordinates"":[]}"
000000000000000092e7_0,479,206,83,119,107,336,1303,1673,1678,1811,"{""type"":""MultiPoint"",""coordinates"":[]}"
00000000000000009308_0,1205,532,221,401,269,574,1927,2553,3231,2455,"{""type"":""MultiPoint"",""coordinates"":[]}"
0000000000000000932a_0,2027,1820,673,886,1154,1288,1369,1429,1510,1539,"{""type"":""MultiPoint"",""coordinates"":[]}"
0000000000000000935a_0,649,246,1,85,63,385,1551,1874,1550,1941,"{""type"":""MultiPoint"",""coordinates"":[]}"
00000000000000009361_0,2113,1864,700,928,1136,1320,1496,1550,1648,1636,"{""type"":""MultiPoint"",""coordinates"":[]}"
00000000000000009383_0,2468,2330,764,1036,1400,1482,1648,1738,1930,1833,"{""type"":""MultiPoint"",""coordinates"":[]}"
00000000000000009398_0,1056,528,183,323,204,663,1727,2131,2120,2472,"{""type"":""MultiPoint"",""coordinates"":[]}"
000000000000000093b3_0,2675,1562,560,842,778,1348,2449,2745,2822,2984,"{""type"":""MultiPoint"",""coordinates"":[]}"
000000000000000093d0_0,756,544,184,246,181,443,802,894,1224,1064,"{""type"":""MultiPoint"",""coordinates"":[]}"
000000000000000093f1_0,724,349,123,250,203,332,928,1135,1447,1671,"{""type"":""MultiPoint"",""coordinates"":[]}"
00000000000000009429_0,1463,978,234,324,321,607,1058,1261,1102,1350,"{""type"":""MultiPoint"",""coordinates"":[]}"
00000000000000009443_0,2520,1600,466,667,745,1086,1593,1845,2018,2122,"{""type"":""MultiPoint"",""coordinates"":[]}"
0000000000000000944a_0,1394,1125,142,366,601,743,859,926,988,1024,"{""type"":""MultiPoint"",""coordinates"":[]}"
0000000000000000946c_0,1845,1489,302,570,747,980,1190,1254,1432,1387,"{""type"":""MultiPoint"",""coordinates"":[]}"
000000000000000094a3_0,2283,2045,783,1092,1558,1731,1773,1868,1996,1942,"{""type"":""MultiPoint"",""coordinates"":[]}"
000000000000000094b9_0,1959,1226,342,688,485,1229,2502,3037,3760,3264,"{""type"":""MultiPoint"",""coordinates"":[]}"
000000000000000094d3_0,217,54,62,226,2,84,722,958,986,1057,"{""type"":""MultiPoint"",""coordinates"":[]}"
000000000000000094da_0,2647,2333,937,1230,1506,1668,1775,1847,1912,1919,"{""type"":""MultiPoint"",""coordinates"":[]}"
00000000000000009511_0,450,195,43,191,131,307,1759,2133,2464,2355,"{""type"":""MultiPoint"",""coordinates"":[]}"
00000000000000009563_0,767,332,88,187,155,560,1841,2136,2004,2236,"{""type"":""MultiPoint"",""coordinates"":[]}"
0000000000000000956a_0,955,329,57,201,91,555,2399,3069,3112,3378,"{""type"":""MultiPoint"",""coordinates"":[]}"
0000000000000000958c_0,2268,2093,428,821,1202,1402,1569,1582,1772,1644,"{""type"":""MultiPoint"",""coordinates"":[]}"
000000000000000095bc_0,1580,1178,565,643,682,744,1469,1408,1860,1476,"{""type"":""MultiPoint"",""coordinates"":[]}"
000000000000000095c3_0,1968,1772,733,1015,1390,1566,1689,1765,1746,1792,"{""type"":""MultiPoint"",""coordinates"":[]}"
000000000000000095e5_0,1318,1173,53,218,360,630,848,870,875,953,"{""type"":""MultiPoint"",""coordinates"":[]}"
000000000000000095f3_0,172,88,18,1,1,57,580,759,896,844,"{""type"":""MultiPoint"",""coordinates"":[]}"
0000000000000000961c_0,1931,1839,841,983,1288,1428,1462,1530,1584,1573,"{""type"":""MultiPoint"",""coordinates"":[]}"
0000000000000000964c_0,1432,643,145,533,217,997,2945,3445,3652,3718,"{""type"":""MultiPoint"",""coordinates"":[]}"
00000000000000009653_0,2412,1916,495,712,912,1204,1510,1679,1747,1887,"{""type"":""MultiPoint"",""coordinates"":[]}"
00000000000000009675_0,2413,2186,746,1090,1492,1701,1946,2015,2140,1976,"{""type"":""MultiPoint"",""coordinates"":[]}"
00000000000000009683_0,1255,826,532,742,982,962,1267,1346,1856,1465,"{""type"":""MultiPoint"",""coordinates"":[]}"
000000000000000096e3_0,1063,419,190,312,178,618,2331,3272,2977,3611,"{""type"":""MultiPoint"",""coordinates"":[]}"
00000000000000009705_0,1997,1922,751,1018,1434,1593,1638,1708,1734,1647,"{""type"":""MultiPoint"",""coordinates"":[]}"
0000000000000000973c_0,2219,1726,810,1098,1330,1602,1722,1827,1866,1928,"{""type"":""MultiPoint"",""coordinates"":[]}"
0000000000000000976c_0,2770,1817,681,949,1154,1549,1988,2178,2298,2354,"{""type"":""MultiPoint"",""coordinates"":[]}"
00000000000000009795_0,1894,1741,650,875,1036,1209,1413,1506,1568,1600,"{""type"":""MultiPoint"",""coordinates"":[]}"
000000000000000097cc_0,2049,1593,1038,1378,1656,1415,2108,2244,2138,2420,"{""type"":""MultiPoint"",""coordinates"":[]}"
000000000000000097fc_0,718,535,93,138,130,216,344,393,288,561,"{""type"":""MultiPoint"",""coordinates"":[]}"
00000000000000009803_0,1190,553,122,386,247,819,2179,2558,2750,2923,"{""type"":""MultiPoint"",""coordinates"":[]}"
00000000000000009855_0,1766,954,242,592,516,684,1812,2058,2991,2224,"{""type"":""MultiPoint"",""coordinates"":[]}"
0000000000000000987e_0,1916,1738,354,638,803,1063,1411,1538,1562,1601,"{""type"":""MultiPoint"",""coordinates"":[]}"
0000000000000000988c_0,1212,491,291,359,216,645,2404,3102,3112,3528,"{""type"":""MultiPoint"",""coordinates"":[]}"
000000000000000098b5_0,1014,813,871,1214,1526,1658,1655,1578,1678,1624,"{""type"":""MultiPoint"",""coordinates"":[]}"
000000000000000098e5_0,1442,700,211,457,214,1007,3356,3969,4188,4275,"{""type"":""MultiPoint"",""coordinates"":[]}"
0000000000000000990e_0,1669,1452,1,1,1,226,413,655,781,836,"{""type"":""MultiPoint"",""coordinates"":[]}"
00000000000000009967_0,2447,2288,648,1034,1376,1620,1824,1903,2050,1969,"{""type"":""MultiPoint"",""coordinates"":[]}"
000000000000000099d5_0,1585,1429,3500,3852,3936,5289,4489,4376,3439,3857,"{""type"":""MultiPoint"",""coordinates"":[]}"
000000000000000099f7_0,1480,1320,1086,1590,1968,2241,2280,2159,2078,2123,"{""type"":""MultiPoint"",""coordinates"":[]}"
00000000000000009a2e_0,2386,2344,811,1078,1416,1577,1716,1834,1920,1863,"{""type"":""MultiPoint"",""coordinates"":[]}"
00000000000000009a50_0,2887,2684,498,889,1310,1565,1726,1839,1880,1893,"{""type"":""MultiPoint"",""coordinates"":[]}"
00000000000000009a65_0,3184,2099,626,772,941,1141,1446,1730,2090,2151,"{""type"":""MultiPoint"",""coordinates"":[]}"
00000000000000009a87_0,3011,2683,759,1098,1664,1945,2024,2142,2244,2266,"{""type"":""MultiPoint"",""coordinates"":[]}"
00000000000000009abe_0,1177,643,233,346,357,738,1473,1592,1480,1712,"{""type"":""MultiPoint"",""coordinates"":[]}"
00000000000000009af5_0,194,111,666,348,267,394,302,383,361,346,"{""type"":""MultiPoint"",""coordinates"":[]}"
00000000000000009b17_0,1851,1606,642,1064,1322,1249,1310,1382,1698,1446,"{""type"":""MultiPoint"",""coordinates"":[]}"
00000000000000009b70_0,2310,2067,287,757,1104,1196,1312,1373,1486,1402,"{""type"":""MultiPoint"",""coordinates"":[]}"
00000000000000009bc8_0,833,585,544,843,933,1312,1672,1837,1920,1978,"{""type"":""MultiPoint"",""coordinates"":[]}"
00000000000000009c00_0,2781,2463,586,1082,1498,1660,1706,1803,2026,1879,"{""type"":""MultiPoint"",""coordinates"":[]}"
00000000000000009c37_0,1574,1051,471,615,554,878,1825,2008,1852,2210,"{""type"":""MultiPoint"",""coordinates"":[]}"
00000000000000009c59_0,3250,2931,853,1174,1592,1884,2017,2127,2246,2261,"{""type"":""MultiPoint"",""coordinates"":[]}"
00000000000000009c90_0,2900,2321,1,318,824,1127,1312,1537,1700,1699,"{""type"":""MultiPoint"",""coordinates"":[]}"
00000000000000009d20_0,1948,1357,258,636,820,1259,1641,1787,1559,1946,"{""type"":""MultiPoint"",""coordinates"":[]}"
00000000000000009d79_0,2540,2004,338,671,944,1167,1344,1410,1588,1584,"{""type"":""MultiPoint"",""coordinates"":[]}"
00000000000000009e09_0,143,186,9527,9361,9241,9397,8922,8309,8248,7641,"{""type"":""MultiPoint"",""coordinates"":[]}"
00000000000000009e62_0,1676,1064,23,277,564,871,1022,1140,1294,1331,"{""type"":""MultiPoint"",""coordinates"":[]}"
00000000000000009e99_0,253,109,1,94,3,165,712,876,929,1069,"{""type"":""MultiPoint"",""coordinates"":[]}"
00000000000000009ef2_0,1374,597,284,456,435,973,1863,2011,2210,2310,"{""type"":""MultiPoint"",""coordinates"":[]}"
00000000000000009f4b_0,1847,1022,215,352,410,765,1489,1687,1882,1916,"{""type"":""MultiPoint"",""coordinates"":[]}"
00000000000000009f82_0,680,284,23,212,162,487,1786,2362,2336,2604,"{""type"":""MultiPoint"",""coordinates"":[]}"
0000000000000000a034_0,2308,1170,173,564,612,1241,2142,2410,2802,2938,"{""type"":""MultiPoint"",""coordinates"":[]}"
0000000000000000a11d_0,538,387,1,121,97,398,1131,1459,1562,1338,"{""type"":""MultiPoint"",""coordinates"":[]}"
